latitude,longitude,elevation_m,slope_deg
22.0,89.5,0.0,0.0
22.0,89.55,0.0,0.0
22.0,89.6,3.0,0.83
22.0,89.65,1.0,2.09
22.0,89.7,13.0,0.51
22.0,89.75,0.0,1.6
22.0,89.8,11.0,0.19
22.0,89.85,14.0,0.14
22.0,89.9,0.0,0.0
22.0,89.95,6.0,2.01
22.0,90.0,7.0,1.27
22.0,90.05,5.0,0.57
22.0,90.1,7.0,0.27
22.0,90.15,5.0,0.37
22.0,90.2,10.0,1.41
22.0,90.25,6.0,0.14
22.0,90.3,6.0,0.28
22.0,90.35,6.0,0.28
22.0,90.4,5.0,1.06
22.0,90.45,5.0,0.14
22.0,90.5,7.0,0.87
22.0,90.55,0.0,0.0
22.0,90.6,9.0,0.7
22.0,90.65,4.0,0.13
22.0,90.7,0.0,0.0
22.0,90.75,0.0,0.0
22.0,90.8,0.0,0.0
22.0,90.85,0.0,0.0
22.0,90.9,0.0,0.0
22.0,90.95,0.0,0.0
22.0,91.0,0.0,0.0
22.0,91.05,0.0,0.0
22.0,91.1,0.0,0.0
22.0,91.15,0.0,0.0
22.0,91.2,0.0,0.0
22.0,91.25,0.0,0.0
22.0,91.3,0.0,0.0
22.0,91.35,0.0,0.0
22.0,91.4,0.0,0.0
22.0,91.45,0.0,0.0
22.0,91.5,0.0,0.0
22.0,91.55,0.0,0.0
22.0,91.6,0.0,0.0
22.0,91.65,0.0,0.0
22.0,91.7,0.0,0.0
22.0,91.75,0.0,0.0
22.0,91.8,0.0,0.0
22.0,91.85,0.0,0.0
22.0,91.9,4.0,0.62
22.0,91.95,4.0,0.87
22.0,92.0,32.0,3.75
22.0,92.05,17.0,0.88
22.0,92.1,15.0,0.19
22.0,92.15,22.0,0.76
22.0,92.2,58.0,7.14
22.0,92.25,48.0,10.49
22.0,92.3,464.0,11.64
22.0,92.35,111.0,3.85
22.0,92.4,26.0,5.71
22.0,92.45,235.0,9.55
22.0,92.5,674.0,7.64
22.0,92.55,398.0,11.33
22.0,92.6,645.0,13.73
22.0,92.65,246.0,5.54
22.0,92.7,90.0,8.06
22.0,92.75,115.0,6.93
22.0,92.8,370.0,12.87
22.0,92.85,42.0,8.04
22.0,92.9,221.0,7.14
22.0,92.95,462.0,21.28
22.0,93.0,1105.0,38.43
22.0,93.05,594.0,27.73
22.0,93.1,790.0,15.57
22.0,93.15,1441.0,27.33
22.0,93.2,890.0,16.94
22.0,93.25,1691.0,32.64
22.0,93.3,925.0,27.83
22.0,93.35,2233.0,31.72
22.0,93.4,1159.0,20.41
22.0,93.45,1325.0,11.36
22.0,93.5,1919.0,34.27
22.0,93.55,2108.0,28.64
22.0,93.6,2075.0,25.28
22.0,93.65,2000.0,23.83
22.0,93.7,1229.0,26.37
22.0,93.75,781.0,23.1
22.0,93.8,856.0,13.26
22.0,93.85,571.0,10.21
22.0,93.9,501.0,1.71
22.0,93.95,566.0,20.15
22.0,94.0,395.0,6.05
22.0,94.05,287.0,3.62
22.0,94.1,208.0,2.56
22.0,94.15,318.0,3.01
22.0,94.2,336.0,1.02
22.0,94.25,526.0,11.74
22.0,94.3,684.0,11.57
22.0,94.35,669.0,7.43
22.0,94.4,804.0,5.34
22.0,94.45,631.0,9.73
22.0,94.5,228.0,0.4
22.0,94.55,271.0,6.51
22.0,94.6,201.0,3.59
22.0,94.65,207.0,1.75
22.0,94.7,159.0,0.63
22.0,94.75,153.0,0.39
22.0,94.8,139.0,0.88
22.0,94.85,132.0,0.35
22.0,94.9,124.0,0.32
22.0,94.95,128.0,0.5
22.0,95.0,139.0,1.0
22.0,95.05,133.0,0.75
22.0,95.1,87.0,0.91
22.0,95.15,67.0,0.48
22.0,95.2,71.0,0.21
22.0,95.25,79.0,0.44
22.0,95.3,103.0,1.35
22.0,95.35,173.0,1.0
22.0,95.4,141.0,0.6
22.0,95.45,118.0,0.69
22.0,95.5,95.0,0.43
22.0,95.55,96.0,0.25
22.0,95.6,71.0,0.37
22.0,95.65,68.0,0.27
22.0,95.7,69.0,0.61
22.0,95.75,123.0,1.61
22.0,95.8,97.0,1.25
22.0,95.85,130.0,0.81
22.0,95.9,109.0,1.94
22.0,95.95,96.0,0.6
22.0,96.0,113.0,14.55
22.0,96.05,63.0,0.32
22.0,96.1,80.0,0.35
22.0,96.15,80.0,1.12
22.0,96.2,183.0,9.49
22.0,96.25,732.0,5.6
22.0,96.3,780.0,4.42
22.0,96.35,863.0,17.21
22.0,96.4,951.0,1.89
22.0,96.45,1090.0,0.79
22.05,89.5,9.0,0.5
22.05,89.55,9.0,1.28
22.05,89.6,10.0,0.56
22.05,89.65,11.0,0.4
22.05,89.7,13.0,0.38
22.05,89.75,10.0,0.43
22.05,89.8,13.0,0.37
22.05,89.85,0.0,0.0
22.05,89.9,0.0,0.0
22.05,89.95,5.0,0.31
22.05,90.0,0.0,0.0
22.05,90.05,8.0,0.3
22.05,90.1,6.0,0.68
22.05,90.15,7.0,0.13
22.05,90.2,9.0,0.11
22.05,90.25,6.0,0.06
22.05,90.3,4.0,0.3
22.05,90.35,0.0,0.0
22.05,90.4,6.0,0.51
22.05,90.45,0.0,0.0
22.05,90.5,0.0,0.12
22.05,90.55,3.0,0.52
22.05,90.6,4.0,0.87
22.05,90.65,4.0,0.34
22.05,90.7,4.0,0.21
22.05,90.75,2.0,0.36
22.05,90.8,0.0,0.0
22.05,90.85,0.0,0.0
22.05,90.9,0.0,0.0
22.05,90.95,0.0,0.0
22.05,91.0,6.0,0.09
22.05,91.05,0.0,0.0
22.05,91.1,0.0,0.0
22.05,91.15,0.0,0.0
22.05,91.2,0.0,0.0
22.05,91.25,0.0,0.0
22.05,91.3,0.0,0.0
22.05,91.35,0.0,0.0
22.05,91.4,0.0,0.0
22.05,91.45,0.0,0.0
22.05,91.5,0.0,0.0
22.05,91.55,0.0,0.0
22.05,91.6,0.0,0.0
22.05,91.65,0.0,0.0
22.05,91.7,0.0,0.0
22.05,91.75,0.0,0.0
22.05,91.8,0.0,0.0
22.05,91.85,0.0,0.0
22.05,91.9,6.0,0.14
22.05,91.95,16.0,0.6
22.05,92.0,46.0,2.16
22.05,92.05,9.0,0.6
22.05,92.1,14.0,0.32
22.05,92.15,22.0,0.51
22.05,92.2,52.0,0.68
22.05,92.25,93.0,4.82
22.05,92.3,105.0,3.97
22.05,92.35,132.0,11.94
22.05,92.4,94.0,7.08
22.05,92.45,219.0,20.08
22.05,92.5,520.0,9.19
22.05,92.55,356.0,9.55
22.05,92.6,679.0,30.91
22.05,92.65,145.0,6.95
22.05,92.7,151.0,9.75
22.05,92.75,50.0,5.87
22.05,92.8,335.0,24.37
22.05,92.85,118.0,22.85
22.05,92.9,333.0,17.81
22.05,92.95,467.0,22.18
22.05,93.0,1268.0,23.02
22.05,93.05,371.0,17.1
22.05,93.1,710.0,23.54
22.05,93.15,1373.0,30.09
22.05,93.2,933.0,28.32
22.05,93.25,1303.0,34.27
22.05,93.3,809.0,19.59
22.05,93.35,1387.0,19.2
22.05,93.4,1088.0,18.96
22.05,93.45,1847.0,26.43
22.05,93.5,1279.0,6.46
22.05,93.55,2459.0,17.75
22.05,93.6,1540.0,27.97
22.05,93.65,1947.0,18.26
22.05,93.7,1217.0,23.25
22.05,93.75,1189.0,22.16
22.05,93.8,1112.0,21.35
22.05,93.85,577.0,14.2
22.05,93.9,474.0,1.94
22.05,93.95,506.0,4.99
22.05,94.0,399.0,0.74
22.05,94.05,277.0,1.36
22.05,94.1,263.0,2.06
22.05,94.15,350.0,7.29
22.05,94.2,336.0,2.71
22.05,94.25,586.0,6.56
22.05,94.3,554.0,3.56
22.05,94.35,664.0,8.98
22.05,94.4,865.0,13.69
22.05,94.45,801.0,25.06
22.05,94.5,258.0,2.3
22.05,94.55,279.0,2.55
22.05,94.6,225.0,3.86
22.05,94.65,191.0,1.69
22.05,94.7,134.0,0.25
22.05,94.75,140.0,0.09
22.05,94.8,132.0,0.19
22.05,94.85,120.0,0.28
22.05,94.9,116.0,0.13
22.05,94.95,120.0,0.62
22.05,95.0,168.0,2.32
22.05,95.05,125.0,1.06
22.05,95.1,85.0,0.77
22.05,95.15,67.0,0.0
22.05,95.2,73.0,0.3
22.05,95.25,93.0,0.59
22.05,95.3,179.0,3.55
22.05,95.35,214.0,0.74
22.05,95.4,160.0,0.63
22.05,95.45,142.0,0.65
22.05,95.5,125.0,0.9
22.05,95.55,110.0,0.27
22.05,95.6,90.0,0.64
22.05,95.65,71.0,0.31
22.05,95.7,101.0,1.33
22.05,95.75,157.0,0.98
22.05,95.8,127.0,1.16
22.05,95.85,87.0,0.41
22.05,95.9,79.0,0.06
22.05,95.95,102.0,0.03
22.05,96.0,196.0,10.99
22.05,96.05,70.0,0.07
22.05,96.1,68.0,0.67
22.05,96.15,84.0,0.56
22.05,96.2,104.0,0.92
22.05,96.25,409.0,27.44
22.05,96.3,727.0,23.64
22.05,96.35,932.0,14.72
22.05,96.4,1073.0,4.99
22.05,96.45,1078.0,2.52
22.1,89.5,1.0,1.21
22.1,89.55,11.0,0.26
22.1,89.6,1.0,1.67
22.1,89.65,13.0,1.18
22.1,89.7,9.0,0.51
22.1,89.75,10.0,0.55
22.1,89.8,13.0,0.18
22.1,89.85,12.0,0.43
22.1,89.9,0.0,0.0
22.1,89.95,6.0,0.5
22.1,90.0,4.0,0.61
22.1,90.05,6.0,0.45
22.1,90.1,5.0,0.36
22.1,90.15,0.0,0.98
22.1,90.2,6.0,0.31
22.1,90.25,9.0,0.54
22.1,90.3,6.0,0.25
22.1,90.35,4.0,0.22
22.1,90.4,6.0,0.27
22.1,90.45,7.0,0.14
22.1,90.5,0.0,0.11
22.1,90.55,12.0,0.19
22.1,90.6,2.0,0.39
22.1,90.65,7.0,0.12
22.1,90.7,4.0,0.75
22.1,90.75,3.0,0.39
22.1,90.8,0.0,0.0
22.1,90.85,0.0,0.0
22.1,90.9,12.0,1.81
22.1,90.95,0.0,0.0
22.1,91.0,0.0,0.0
22.1,91.05,3.0,0.08
22.1,91.1,0.0,0.0
22.1,91.15,0.0,0.0
22.1,91.2,0.0,0.0
22.1,91.25,0.0,0.0
22.1,91.3,0.0,0.0
22.1,91.35,0.0,0.0
22.1,91.4,0.0,0.0
22.1,91.45,0.0,0.0
22.1,91.5,0.0,0.0
22.1,91.55,0.0,0.0
22.1,91.6,0.0,0.0
22.1,91.65,0.0,0.0
22.1,91.7,0.0,0.0
22.1,91.75,0.0,0.0
22.1,91.8,0.0,0.0
22.1,91.85,0.0,0.0
22.1,91.9,4.0,0.25
22.1,91.95,58.0,1.67
22.1,92.0,13.0,0.24
22.1,92.05,6.0,0.25
22.1,92.1,11.0,0.26
22.1,92.15,39.0,2.59
22.1,92.2,77.0,1.44
22.1,92.25,382.0,17.92
22.1,92.3,97.0,4.13
22.1,92.35,77.0,2.55
22.1,92.4,49.0,6.99
22.1,92.45,247.0,15.76
22.1,92.5,515.0,13.54
22.1,92.55,217.0,10.45
22.1,92.6,290.0,10.72
22.1,92.65,218.0,1.43
22.1,92.7,225.0,4.43
22.1,92.75,102.0,6.26
22.1,92.8,357.0,17.72
22.1,92.85,126.0,9.21
22.1,92.9,195.0,3.42
22.1,92.95,181.0,18.8
22.1,93.0,1115.0,21.29
22.1,93.05,406.0,5.47
22.1,93.1,662.0,20.33
22.1,93.15,1012.0,23.94
22.1,93.2,1114.0,7.67
22.1,93.25,822.0,11.17
22.1,93.3,747.0,25.81
22.1,93.35,1023.0,26.9
22.1,93.4,1385.0,15.8
22.1,93.45,1323.0,21.09
22.1,93.5,1145.0,25.91
22.1,93.55,1872.0,33.98
22.1,93.6,1637.0,18.81
22.1,93.65,1398.0,11.79
22.1,93.7,1501.0,18.0
22.1,93.75,960.0,22.03
22.1,93.8,959.0,14.88
22.1,93.85,555.0,8.34
22.1,93.9,412.0,6.16
22.1,93.95,508.0,5.8
22.1,94.0,347.0,1.31
22.1,94.05,278.0,4.08
22.1,94.1,267.0,4.64
22.1,94.15,333.0,5.03
22.1,94.2,364.0,2.6
22.1,94.25,378.0,5.73
22.1,94.3,638.0,9.91
22.1,94.35,697.0,5.68
22.1,94.4,845.0,12.52
22.1,94.45,668.0,7.87
22.1,94.5,411.0,18.76
22.1,94.55,285.0,1.49
22.1,94.6,413.0,14.97
22.1,94.65,191.0,1.28
22.1,94.7,159.0,0.58
22.1,94.75,144.0,0.71
22.1,94.8,127.0,0.38
22.1,94.85,110.0,0.37
22.1,94.9,101.0,0.72
22.1,94.95,109.0,1.94
22.1,95.0,127.0,1.42
22.1,95.05,102.0,1.27
22.1,95.1,74.0,0.14
22.1,95.15,75.0,1.11
22.1,95.2,87.0,0.31
22.1,95.25,117.0,0.46
22.1,95.3,271.0,3.16
22.1,95.35,255.0,0.65
22.1,95.4,220.0,1.47
22.1,95.45,173.0,0.78
22.1,95.5,155.0,0.65
22.1,95.55,116.0,0.12
22.1,95.6,96.0,0.49
22.1,95.65,71.0,0.66
22.1,95.7,96.0,0.74
22.1,95.75,114.0,0.4
22.1,95.8,147.0,1.2
22.1,95.85,88.0,0.8
22.1,95.9,82.0,0.17
22.1,95.95,83.0,0.28
22.1,96.0,69.0,1.63
22.1,96.05,70.0,0.28
22.1,96.1,71.0,0.06
22.1,96.15,85.0,0.76
22.1,96.2,96.0,0.44
22.1,96.25,371.0,9.86
22.1,96.3,493.0,20.89
22.1,96.35,459.0,26.09
22.1,96.4,872.0,17.52
22.1,96.45,1183.0,5.6
22.15,89.5,0.0,0.56
22.15,89.55,9.0,0.63
22.15,89.6,15.0,0.22
22.15,89.65,11.0,1.06
22.15,89.7,0.0,1.65
22.15,89.75,12.0,0.68
22.15,89.8,15.0,0.38
22.15,89.85,14.0,0.4
22.15,89.9,0.0,0.0
22.15,89.95,6.0,0.36
22.15,90.0,6.0,0.24
22.15,90.05,0.0,0.0
22.15,90.1,6.0,0.11
22.15,90.15,5.0,0.86
22.15,90.2,5.0,0.82
22.15,90.25,7.0,0.09
22.15,90.3,5.0,0.41
22.15,90.35,5.0,0.05
22.15,90.4,0.0,0.5
22.15,90.45,5.0,0.1
22.15,90.5,0.0,0.06
22.15,90.55,6.0,0.5
22.15,90.6,3.0,0.24
22.15,90.65,7.0,0.37
22.15,90.7,5.0,0.18
22.15,90.75,5.0,0.23
22.15,90.8,6.0,0.3
22.15,90.85,0.0,0.0
22.15,90.9,0.0,0.0
22.15,90.95,1.0,0.23
22.15,91.0,0.0,0.0
22.15,91.05,4.0,0.42
22.15,91.1,4.0,0.21
22.15,91.15,0.0,0.2
22.15,91.2,0.0,0.0
22.15,91.25,0.0,0.0
22.15,91.3,0.0,0.0
22.15,91.35,0.0,0.0
22.15,91.4,0.0,0.0
22.15,91.45,0.0,0.0
22.15,91.5,0.0,0.0
22.15,91.55,0.0,0.0
22.15,91.6,0.0,0.0
22.15,91.65,0.0,0.0
22.15,91.7,0.0,0.0
22.15,91.75,0.0,0.0
22.15,91.8,0.0,0.0
22.15,91.85,0.0,0.63
22.15,91.9,6.0,0.26
22.15,91.95,13.0,1.22
22.15,92.0,7.0,0.44
22.15,92.05,7.0,0.29
22.15,92.1,10.0,0.29
22.15,92.15,15.0,1.17
22.15,92.2,100.0,6.64
22.15,92.25,95.0,2.06
22.15,92.3,130.0,6.34
22.15,92.35,125.0,4.23
22.15,92.4,190.0,6.28
22.15,92.45,128.0,12.09
22.15,92.5,521.0,17.52
22.15,92.55,420.0,19.57
22.15,92.6,277.0,11.89
22.15,92.65,186.0,2.23
22.15,92.7,257.0,7.74
22.15,92.75,106.0,3.54
22.15,92.8,298.0,5.66
22.15,92.85,436.0,19.86
22.15,92.9,559.0,24.27
22.15,92.95,933.0,16.2
22.15,93.0,738.0,13.16
22.15,93.05,592.0,22.85
22.15,93.1,1167.0,19.34
22.15,93.15,1171.0,31.37
22.15,93.2,542.0,2.81
22.15,93.25,1054.0,27.58
22.15,93.3,1242.0,25.08
22.15,93.35,804.0,17.46
22.15,93.4,1315.0,22.83
22.15,93.45,1061.0,26.38
22.15,93.5,1086.0,31.0
22.15,93.55,1197.0,30.16
22.15,93.6,1322.0,24.42
22.15,93.65,1718.0,31.69
22.15,93.7,1089.0,19.6
22.15,93.75,1174.0,17.59
22.15,93.8,974.0,18.33
22.15,93.85,564.0,13.79
22.15,93.9,392.0,0.22
22.15,93.95,521.0,6.46
22.15,94.0,354.0,1.04
22.15,94.05,308.0,4.07
22.15,94.1,195.0,0.22
22.15,94.15,221.0,4.31
22.15,94.2,493.0,8.55
22.15,94.25,609.0,9.9
22.15,94.3,899.0,4.07
22.15,94.35,794.0,2.05
22.15,94.4,996.0,11.13
22.15,94.45,547.0,13.05
22.15,94.5,566.0,2.16
22.15,94.55,374.0,4.09
22.15,94.6,455.0,12.97
22.15,94.65,228.0,1.39
22.15,94.7,165.0,1.03
22.15,94.75,149.0,1.42
22.15,94.8,125.0,0.18
22.15,94.85,132.0,0.91
22.15,94.9,126.0,1.2
22.15,94.95,99.0,0.45
22.15,95.0,96.0,1.14
22.15,95.05,74.0,0.43
22.15,95.1,74.0,1.21
22.15,95.15,82.0,0.22
22.15,95.2,96.0,0.63
22.15,95.25,111.0,0.89
22.15,95.3,177.0,0.32
22.15,95.35,211.0,1.87
22.15,95.4,231.0,1.24
22.15,95.45,197.0,1.53
22.15,95.5,149.0,0.3
22.15,95.55,119.0,0.63
22.15,95.6,91.0,0.33
22.15,95.65,85.0,1.25
22.15,95.7,78.0,0.56
22.15,95.75,81.0,0.52
22.15,95.8,115.0,1.01
22.15,95.85,89.0,0.4
22.15,95.9,81.0,0.06
22.15,95.95,85.0,0.24
22.15,96.0,64.0,0.0
22.15,96.05,69.0,0.11
22.15,96.1,71.0,0.27
22.15,96.15,80.0,0.26
22.15,96.2,103.0,0.6
22.15,96.25,175.0,5.86
22.15,96.3,386.0,26.76
22.15,96.35,429.0,24.78
22.15,96.4,1139.0,8.49
22.15,96.45,1293.0,2.28
22.2,89.5,11.0,0.65
22.2,89.55,0.0,0.0
22.2,89.6,14.0,0.29
22.2,89.65,15.0,0.62
22.2,89.7,2.0,1.85
22.2,89.75,12.0,1.7
22.2,89.8,15.0,0.09
22.2,89.85,12.0,0.24
22.2,89.9,5.0,0.14
22.2,89.95,6.0,0.51
22.2,90.0,8.0,0.31
22.2,90.05,4.0,0.4
22.2,90.1,5.0,0.86
22.2,90.15,9.0,0.61
22.2,90.2,5.0,0.51
22.2,90.25,5.0,0.48
22.2,90.3,6.0,0.72
22.2,90.35,7.0,0.14
22.2,90.4,9.0,0.49
22.2,90.45,4.0,0.37
22.2,90.5,7.0,0.19
22.2,90.55,0.0,0.0
22.2,90.6,8.0,0.14
22.2,90.65,3.0,0.47
22.2,90.7,4.0,0.07
22.2,90.75,6.0,0.61
22.2,90.8,4.0,0.43
22.2,90.85,0.0,0.0
22.2,90.9,0.0,0.0
22.2,90.95,5.0,0.46
22.2,91.0,0.0,0.0
22.2,91.05,0.0,0.0
22.2,91.1,4.0,0.35
22.2,91.15,4.0,0.28
22.2,91.2,0.0,0.0
22.2,91.25,0.0,0.0
22.2,91.3,0.0,0.0
22.2,91.35,0.0,0.0
22.2,91.4,0.0,0.0
22.2,91.45,0.0,0.0
22.2,91.5,0.0,0.0
22.2,91.55,0.0,0.0
22.2,91.6,0.0,0.0
22.2,91.65,0.0,0.0
22.2,91.7,0.0,0.0
22.2,91.75,0.0,0.0
22.2,91.8,0.0,0.0
22.2,91.85,5.0,0.35
22.2,91.9,7.0,0.47
22.2,91.95,5.0,0.41
22.2,92.0,4.0,0.2
22.2,92.05,12.0,0.37
22.2,92.1,58.0,5.54
22.2,92.15,19.0,0.19
22.2,92.2,140.0,5.88
22.2,92.25,51.0,3.37
22.2,92.3,59.0,5.19
22.2,92.35,80.0,8.33
22.2,92.4,211.0,6.57
22.2,92.45,333.0,4.25
22.2,92.5,303.0,7.24
22.2,92.55,239.0,13.37
22.2,92.6,233.0,2.37
22.2,92.65,182.0,5.53
22.2,92.7,358.0,13.4
22.2,92.75,266.0,6.93
22.2,92.8,631.0,18.28
22.2,92.85,241.0,10.32
22.2,92.9,352.0,7.61
22.2,92.95,803.0,33.08
22.2,93.0,658.0,11.49
22.2,93.05,534.0,23.21
22.2,93.1,1196.0,17.05
22.2,93.15,665.0,27.86
22.2,93.2,1074.0,25.47
22.2,93.25,1497.0,24.36
22.2,93.3,2191.0,9.93
22.2,93.35,886.0,13.74
22.2,93.4,699.0,14.17
22.2,93.45,994.0,19.43
22.2,93.5,1936.0,4.6
22.2,93.55,1572.0,23.73
22.2,93.6,1198.0,21.35
22.2,93.65,1848.0,22.38
22.2,93.7,1123.0,18.25
22.2,93.75,1068.0,22.93
22.2,93.8,886.0,26.06
22.2,93.85,494.0,16.69
22.2,93.9,398.0,6.51
22.2,93.95,413.0,16.7
22.2,94.0,331.0,1.54
22.2,94.05,237.0,2.52
22.2,94.1,194.0,0.4
22.2,94.15,241.0,2.95
22.2,94.2,497.0,14.93
22.2,94.25,605.0,9.21
22.2,94.3,765.0,6.33
22.2,94.35,868.0,5.76
22.2,94.4,1003.0,13.54
22.2,94.45,517.0,5.15
22.2,94.5,572.0,6.01
22.2,94.55,445.0,8.92
22.2,94.6,225.0,2.08
22.2,94.65,193.0,1.82
22.2,94.7,162.0,0.75
22.2,94.75,160.0,0.65
22.2,94.8,155.0,0.45
22.2,94.85,191.0,2.03
22.2,94.9,196.0,12.39
22.2,94.95,129.0,0.86
22.2,95.0,108.0,1.23
22.2,95.05,86.0,1.04
22.2,95.1,73.0,0.11
22.2,95.15,80.0,0.64
22.2,95.2,113.0,0.6
22.2,95.25,137.0,1.46
22.2,95.3,194.0,1.75
22.2,95.35,225.0,1.37
22.2,95.4,211.0,0.71
22.2,95.45,175.0,1.13
22.2,95.5,137.0,0.52
22.2,95.55,112.0,0.39
22.2,95.6,85.0,0.69
22.2,95.65,83.0,0.92
22.2,95.7,80.0,0.24
22.2,95.75,84.0,0.31
22.2,95.8,119.0,1.09
22.2,95.85,113.0,0.6
22.2,95.9,98.0,0.56
22.2,95.95,87.0,0.51
22.2,96.0,72.0,0.24
22.2,96.05,71.0,0.06
22.2,96.1,75.0,0.7
22.2,96.15,82.0,0.23
22.2,96.2,93.0,0.45
22.2,96.25,130.0,0.63
22.2,96.3,142.0,0.45
22.2,96.35,575.0,24.08
22.2,96.4,797.0,15.01
22.2,96.45,1203.0,0.8
22.25,89.5,10.0,0.33
22.25,89.55,11.0,0.43
22.25,89.6,9.0,1.67
22.25,89.65,7.0,0.2
22.25,89.7,10.0,0.53
22.25,89.75,18.0,0.38
22.25,89.8,3.0,0.92
22.25,89.85,0.0,0.0
22.25,89.9,12.0,0.67
22.25,89.95,4.0,0.64
22.25,90.0,4.0,0.57
22.25,90.05,4.0,0.36
22.25,90.1,4.0,0.29
22.25,90.15,5.0,0.41
22.25,90.2,8.0,0.44
22.25,90.25,5.0,0.18
22.25,90.3,5.0,0.24
22.25,90.35,5.0,0.28
22.25,90.4,0.0,0.81
22.25,90.45,8.0,0.08
22.25,90.5,4.0,0.36
22.25,90.55,5.0,0.24
22.25,90.6,0.0,0.0
22.25,90.65,0.0,0.0
22.25,90.7,3.0,0.22
22.25,90.75,9.0,0.43
22.25,90.8,6.0,0.17
22.25,90.85,0.0,0.0
22.25,90.9,2.0,0.48
22.25,90.95,0.0,0.0
22.25,91.0,0.0,0.0
22.25,91.05,0.0,0.0
22.25,91.1,5.0,0.22
22.25,91.15,3.0,0.35
22.25,91.2,0.0,0.0
22.25,91.25,0.0,0.0
22.25,91.3,0.0,0.0
22.25,91.35,0.0,0.0
22.25,91.4,0.0,0.0
22.25,91.45,0.0,0.0
22.25,91.5,0.0,0.0
22.25,91.55,0.0,0.0
22.25,91.6,0.0,0.0
22.25,91.65,0.0,0.0
22.25,91.7,0.0,0.0
22.25,91.75,0.0,0.0
22.25,91.8,6.0,0.41
22.25,91.85,23.0,0.42
22.25,91.9,2.0,0.42
22.25,91.95,5.0,0.26
22.25,92.0,7.0,0.27
22.25,92.05,25.0,1.01
22.25,92.1,67.0,4.72
22.25,92.15,22.0,1.26
22.25,92.2,77.0,2.48
22.25,92.25,82.0,5.21
22.25,92.3,98.0,0.91
22.25,92.35,124.0,7.61
22.25,92.4,249.0,11.83
22.25,92.45,368.0,16.67
22.25,92.5,165.0,10.61
22.25,92.55,388.0,23.38
22.25,92.6,227.0,9.48
22.25,92.65,154.0,3.18
22.25,92.7,363.0,15.97
22.25,92.75,262.0,12.67
22.25,92.8,256.0,10.71
22.25,92.85,293.0,16.53
22.25,92.9,271.0,12.57
22.25,92.95,834.0,27.48
22.25,93.0,802.0,17.36
22.25,93.05,971.0,20.95
22.25,93.1,1428.0,25.2
22.25,93.15,442.0,5.68
22.25,93.2,646.0,17.86
22.25,93.25,1744.0,28.42
22.25,93.3,1849.0,27.26
22.25,93.35,1095.0,32.33
22.25,93.4,1392.0,15.4
22.25,93.45,1631.0,16.45
22.25,93.5,1775.0,16.04
22.25,93.55,2407.0,16.41
22.25,93.6,1442.0,19.3
22.25,93.65,1511.0,27.67
22.25,93.7,1161.0,11.07
22.25,93.75,1133.0,20.23
22.25,93.8,876.0,22.99
22.25,93.85,749.0,2.31
22.25,93.9,499.0,5.95
22.25,93.95,305.0,4.32
22.25,94.0,325.0,2.8
22.25,94.05,272.0,1.39
22.25,94.1,237.0,0.68
22.25,94.15,207.0,3.0
22.25,94.2,652.0,9.74
22.25,94.25,807.0,17.92
22.25,94.3,819.0,4.78
22.25,94.35,808.0,15.24
22.25,94.4,1070.0,11.44
22.25,94.45,514.0,0.66
22.25,94.5,563.0,6.32
22.25,94.55,583.0,1.11
22.25,94.6,362.0,5.18
22.25,94.65,200.0,1.68
22.25,94.7,200.0,0.58
22.25,94.75,187.0,1.21
22.25,94.8,213.0,1.36
22.25,94.85,214.0,0.49
22.25,94.9,153.0,0.81
22.25,94.95,138.0,3.26
22.25,95.0,89.0,0.8
22.25,95.05,76.0,1.93
22.25,95.1,92.0,0.62
22.25,95.15,94.0,0.16
22.25,95.2,120.0,0.5
22.25,95.25,151.0,1.45
22.25,95.3,195.0,1.67
22.25,95.35,227.0,0.83
22.25,95.4,206.0,1.26
22.25,95.45,176.0,0.9
22.25,95.5,138.0,0.79
22.25,95.55,97.0,0.67
22.25,95.6,79.0,0.65
22.25,95.65,81.0,0.03
22.25,95.7,81.0,0.01
22.25,95.75,85.0,0.27
22.25,95.8,86.0,0.17
22.25,95.85,110.0,0.52
22.25,95.9,98.0,0.28
22.25,95.95,96.0,0.07
22.25,96.0,73.0,1.07
22.25,96.05,71.0,0.15
22.25,96.1,74.0,0.86
22.25,96.15,79.0,1.77
22.25,96.2,92.0,1.4
22.25,96.25,96.0,0.53
22.25,96.3,204.0,4.76
22.25,96.35,214.0,4.5
22.25,96.4,951.0,3.99
22.25,96.45,1090.0,7.11
22.3,89.5,10.0,0.14
22.3,89.55,11.0,1.19
22.3,89.6,0.0,1.07
22.3,89.65,8.0,0.6
22.3,89.7,15.0,0.48
22.3,89.75,10.0,0.46
22.3,89.8,7.0,0.65
22.3,89.85,5.0,1.01
22.3,89.9,7.0,0.92
22.3,89.95,3.0,0.61
22.3,90.0,3.0,0.22
22.3,90.05,4.0,0.52
22.3,90.1,5.0,1.37
22.3,90.15,4.0,0.72
22.3,90.2,0.0,0.71
22.3,90.25,8.0,0.33
22.3,90.3,5.0,0.71
22.3,90.35,5.0,0.31
22.3,90.4,7.0,0.46
22.3,90.45,5.0,0.21
22.3,90.5,3.0,0.07
22.3,90.55,8.0,0.46
22.3,90.6,6.0,0.12
22.3,90.65,2.0,0.49
22.3,90.7,8.0,0.61
22.3,90.75,7.0,0.38
22.3,90.8,4.0,0.33
22.3,90.85,0.0,0.0
22.3,90.9,0.0,0.0
22.3,90.95,0.0,0.0
22.3,91.0,0.0,0.19
22.3,91.05,0.0,0.0
22.3,91.1,2.0,0.06
22.3,91.15,6.0,0.27
22.3,91.2,0.0,0.0
22.3,91.25,0.0,0.0
22.3,91.3,0.0,0.0
22.3,91.35,0.0,0.0
22.3,91.4,0.0,0.0
22.3,91.45,0.0,0.0
22.3,91.5,0.0,0.0
22.3,91.55,0.0,0.0
22.3,91.6,0.0,0.0
22.3,91.65,0.0,0.0
22.3,91.7,0.0,0.0
22.3,91.75,0.0,0.0
22.3,91.8,1.0,0.29
22.3,91.85,8.0,0.15
22.3,91.9,7.0,0.61
22.3,91.95,6.0,0.43
22.3,92.0,14.0,0.52
22.3,92.05,64.0,2.96
22.3,92.1,56.0,2.01
22.3,92.15,46.0,1.38
22.3,92.2,81.0,2.0
22.3,92.25,74.0,2.29
22.3,92.3,102.0,1.83
22.3,92.35,135.0,9.56
22.3,92.4,368.0,17.18
22.3,92.45,201.0,9.98
22.3,92.5,169.0,5.3
22.3,92.55,187.0,4.43
22.3,92.6,220.0,2.72
22.3,92.65,105.0,2.13
22.3,92.7,407.0,19.8
22.3,92.75,245.0,11.29
22.3,92.8,216.0,12.17
22.3,92.85,356.0,12.8
22.3,92.9,726.0,11.83
22.3,92.95,617.0,28.09
22.3,93.0,1377.0,10.87
22.3,93.05,861.0,13.04
22.3,93.1,1569.0,21.29
22.3,93.15,1531.0,17.55
22.3,93.2,569.0,18.52
22.3,93.25,1536.0,3.22
22.3,93.3,1902.0,23.06
22.3,93.35,1077.0,11.05
22.3,93.4,1034.0,22.36
22.3,93.45,1243.0,24.01
22.3,93.5,1902.0,17.78
22.3,93.55,2177.0,24.55
22.3,93.6,1294.0,26.28
22.3,93.65,1561.0,33.15
22.3,93.7,1697.0,17.45
22.3,93.75,1188.0,25.74
22.3,93.8,1221.0,22.02
22.3,93.85,831.0,13.39
22.3,93.9,418.0,7.78
22.3,93.95,361.0,1.18
22.3,94.0,321.0,2.51
22.3,94.05,259.0,0.69
22.3,94.1,219.0,0.29
22.3,94.15,183.0,1.87
22.3,94.2,651.0,12.15
22.3,94.25,1059.0,5.67
22.3,94.3,810.0,7.66
22.3,94.35,731.0,4.26
22.3,94.4,977.0,8.84
22.3,94.45,483.0,4.51
22.3,94.5,519.0,4.4
22.3,94.55,596.0,6.2
22.3,94.6,589.0,1.56
22.3,94.65,247.0,1.77
22.3,94.7,223.0,1.15
22.3,94.75,234.0,0.87
22.3,94.8,228.0,1.98
22.3,94.85,220.0,0.81
22.3,94.9,147.0,0.48
22.3,94.95,117.0,0.83
22.3,95.0,95.0,1.03
22.3,95.05,88.0,0.78
22.3,95.1,90.0,0.67
22.3,95.15,105.0,0.64
22.3,95.2,145.0,0.56
22.3,95.25,212.0,3.25
22.3,95.3,254.0,1.85
22.3,95.35,229.0,1.06
22.3,95.4,206.0,0.99
22.3,95.45,156.0,0.64
22.3,95.5,120.0,0.34
22.3,95.55,87.0,1.09
22.3,95.6,80.0,0.15
22.3,95.65,83.0,0.87
22.3,95.7,82.0,0.67
22.3,95.75,83.0,0.34
22.3,95.8,109.0,1.1
22.3,95.85,109.0,0.41
22.3,95.9,109.0,0.6
22.3,95.95,90.0,0.21
22.3,96.0,66.0,0.08
22.3,96.05,75.0,0.24
22.3,96.1,76.0,0.14
22.3,96.15,84.0,0.08
22.3,96.2,89.0,0.31
22.3,96.25,88.0,0.63
22.3,96.3,97.0,0.5
22.3,96.35,155.0,4.34
22.3,96.4,453.0,8.7
22.3,96.45,1038.0,3.59
22.35,89.5,8.0,0.32
22.35,89.55,9.0,0.21
22.35,89.6,5.0,0.35
22.35,89.65,11.0,0.08
22.35,89.7,13.0,0.15
22.35,89.75,14.0,0.49
22.35,89.8,5.0,0.18
22.35,89.85,6.0,0.41
22.35,89.9,0.0,0.0
22.35,89.95,3.0,0.13
22.35,90.0,4.0,0.33
22.35,90.05,8.0,0.5
22.35,90.1,0.0,0.76
22.35,90.15,10.0,0.81
22.35,90.2,2.0,0.29
22.35,90.25,4.0,0.32
22.35,90.3,4.0,0.28
22.35,90.35,5.0,0.69
22.35,90.4,7.0,0.02
22.35,90.45,5.0,0.25
22.35,90.5,7.0,0.41
22.35,90.55,5.0,0.25
22.35,90.6,5.0,0.48
22.35,90.65,0.0,0.06
22.35,90.7,5.0,0.44
22.35,90.75,7.0,0.34
22.35,90.8,8.0,0.92
22.35,90.85,0.0,0.0
22.35,90.9,0.0,0.0
22.35,90.95,0.0,0.0
22.35,91.0,0.0,0.0
22.35,91.05,1.0,0.7
22.35,91.1,6.0,0.28
22.35,91.15,7.0,0.27
22.35,91.2,0.0,0.0
22.35,91.25,0.0,0.0
22.35,91.3,0.0,0.0
22.35,91.35,0.0,0.0
22.35,91.4,0.0,0.0
22.35,91.45,0.0,0.0
22.35,91.5,0.0,0.0
22.35,91.55,0.0,0.0
22.35,91.6,0.0,0.0
22.35,91.65,0.0,0.0
22.35,91.7,0.0,0.0
22.35,91.75,0.0,0.0
22.35,91.8,15.0,0.65
22.35,91.85,8.0,0.47
22.35,91.9,5.0,0.19
22.35,91.95,6.0,0.65
22.35,92.0,4.0,0.74
22.35,92.05,63.0,5.54
22.35,92.1,23.0,0.26
22.35,92.15,39.0,1.87
22.35,92.2,68.0,1.81
22.35,92.25,49.0,4.76
22.35,92.3,66.0,2.14
22.35,92.35,275.0,6.9
22.35,92.4,45.0,3.75
22.35,92.45,303.0,4.73
22.35,92.5,203.0,9.17
22.35,92.55,121.0,2.49
22.35,92.6,166.0,11.78
22.35,92.65,122.0,0.45
22.35,92.7,383.0,9.19
22.35,92.75,331.0,14.94
22.35,92.8,199.0,15.03
22.35,92.85,251.0,10.06
22.35,92.9,927.0,19.73
22.35,92.95,872.0,16.9
22.35,93.0,897.0,19.87
22.35,93.05,1394.0,31.1
22.35,93.1,1430.0,0.95
22.35,93.15,1207.0,15.91
22.35,93.2,825.0,20.76
22.35,93.25,1604.0,30.06
22.35,93.3,1205.0,17.79
22.35,93.35,907.0,20.94
22.35,93.4,1106.0,17.76
22.35,93.45,1999.0,5.01
22.35,93.5,2078.0,16.13
22.35,93.55,1694.0,20.55
22.35,93.6,1680.0,11.6
22.35,93.65,1300.0,21.21
22.35,93.7,1226.0,21.85
22.35,93.75,1347.0,14.19
22.35,93.8,1025.0,18.67
22.35,93.85,596.0,14.34
22.35,93.9,441.0,8.54
22.35,93.95,361.0,0.6
22.35,94.0,355.0,6.86
22.35,94.05,242.0,1.44
22.35,94.1,203.0,1.34
22.35,94.15,182.0,0.7
22.35,94.2,519.0,9.18
22.35,94.25,946.0,11.99
22.35,94.3,891.0,2.84
22.35,94.35,772.0,10.11
22.35,94.4,595.0,6.7
22.35,94.45,356.0,3.82
22.35,94.5,342.0,5.47
22.35,94.55,487.0,2.2
22.35,94.6,417.0,13.92
22.35,94.65,255.0,0.87
22.35,94.7,304.0,1.02
22.35,94.75,277.0,1.65
22.35,94.8,212.0,1.75
22.35,94.85,198.0,3.08
22.35,94.9,134.0,0.7
22.35,94.95,108.0,1.06
22.35,95.0,116.0,2.32
22.35,95.05,126.0,0.8
22.35,95.1,95.0,0.61
22.35,95.15,114.0,0.58
22.35,95.2,164.0,1.12
22.35,95.25,233.0,1.68
22.35,95.3,246.0,1.22
22.35,95.35,212.0,1.39
22.35,95.4,175.0,0.72
22.35,95.45,143.0,0.43
22.35,95.5,111.0,0.5
22.35,95.55,80.0,0.34
22.35,95.6,86.0,0.67
22.35,95.65,83.0,0.34
22.35,95.7,85.0,0.35
22.35,95.75,83.0,0.58
22.35,95.8,86.0,0.17
22.35,95.85,105.0,0.53
22.35,95.9,114.0,0.96
22.35,95.95,117.0,3.15
22.35,96.0,74.0,0.67
22.35,96.05,75.0,0.2
22.35,96.1,127.0,16.92
22.35,96.15,100.0,1.13
22.35,96.2,521.0,19.75
22.35,96.25,329.0,18.8
22.35,96.3,315.0,14.13
22.35,96.35,387.0,9.96
22.35,96.4,778.0,17.75
22.35,96.45,1013.0,3.05
22.4,89.5,11.0,0.16
22.4,89.55,11.0,0.32
22.4,89.6,11.0,0.17
22.4,89.65,4.0,0.28
22.4,89.7,12.0,0.04
22.4,89.75,3.0,0.24
22.4,89.8,5.0,0.19
22.4,89.85,9.0,0.47
22.4,89.9,10.0,0.93
22.4,89.95,9.0,0.72
22.4,90.0,6.0,0.31
22.4,90.05,12.0,0.24
22.4,90.1,6.0,0.96
22.4,90.15,8.0,0.95
22.4,90.2,6.0,1.15
22.4,90.25,4.0,3.97
22.4,90.3,10.0,0.5
22.4,90.35,7.0,0.61
22.4,90.4,5.0,0.33
22.4,90.45,5.0,0.11
22.4,90.5,9.0,0.52
22.4,90.55,4.0,0.5
22.4,90.6,6.0,0.52
22.4,90.65,0.0,0.0
22.4,90.7,4.0,0.72
22.4,90.75,4.0,0.18
22.4,90.8,12.0,0.84
22.4,90.85,6.0,0.4
22.4,90.9,0.0,0.0
22.4,90.95,0.0,0.0
22.4,91.0,4.0,0.32
22.4,91.05,0.0,0.0
22.4,91.1,9.0,0.29
22.4,91.15,0.0,0.0
22.4,91.2,0.0,0.0
22.4,91.25,0.0,0.0
22.4,91.3,0.0,0.0
22.4,91.35,0.0,0.0
22.4,91.4,0.0,0.0
22.4,91.45,0.0,0.0
22.4,91.5,2.0,0.21
22.4,91.55,5.0,0.23
22.4,91.6,0.0,0.0
22.4,91.65,0.0,0.0
22.4,91.7,0.0,0.0
22.4,91.75,7.0,0.88
22.4,91.8,24.0,1.68
22.4,91.85,2.0,0.41
22.4,91.9,7.0,0.46
22.4,91.95,7.0,0.57
22.4,92.0,37.0,1.73
22.4,92.05,28.0,2.57
22.4,92.1,13.0,1.74
22.4,92.15,71.0,2.74
22.4,92.2,68.0,3.61
22.4,92.25,32.0,1.41
22.4,92.3,225.0,5.0
22.4,92.35,86.0,4.79
22.4,92.4,107.0,7.38
22.4,92.45,167.0,13.29
22.4,92.5,387.0,23.74
22.4,92.55,99.0,0.77
22.4,92.6,212.0,8.19
22.4,92.65,120.0,1.17
22.4,92.7,721.0,10.72
22.4,92.75,641.0,18.57
22.4,92.8,214.0,14.71
22.4,92.85,337.0,23.81
22.4,92.9,721.0,23.94
22.4,92.95,243.0,31.68
22.4,93.0,584.0,23.55
22.4,93.05,1441.0,13.4
22.4,93.1,1245.0,14.05
22.4,93.15,1199.0,29.1
22.4,93.2,679.0,22.26
22.4,93.25,1965.0,36.28
22.4,93.3,1739.0,12.71
22.4,93.35,1138.0,17.04
22.4,93.4,1568.0,15.26
22.4,93.45,1700.0,22.35
22.4,93.5,1941.0,24.39
22.4,93.55,1652.0,15.59
22.4,93.6,1730.0,7.75
22.4,93.65,1080.0,21.51
22.4,93.7,1107.0,19.53
22.4,93.75,914.0,19.12
22.4,93.8,901.0,18.33
22.4,93.85,806.0,14.36
22.4,93.9,850.0,18.17
22.4,93.95,377.0,8.97
22.4,94.0,508.0,17.22
22.4,94.05,219.0,2.13
22.4,94.1,169.0,1.24
22.4,94.15,211.0,1.52
22.4,94.2,347.0,10.32
22.4,94.25,711.0,14.67
22.4,94.3,718.0,3.2
22.4,94.35,641.0,9.25
22.4,94.4,830.0,10.91
22.4,94.45,454.0,1.61
22.4,94.5,272.0,2.36
22.4,94.55,365.0,1.32
22.4,94.6,573.0,2.53
22.4,94.65,274.0,0.97
22.4,94.7,227.0,1.76
22.4,94.75,202.0,0.57
22.4,94.8,131.0,1.68
22.4,94.85,134.0,1.08
22.4,94.9,83.0,1.4
22.4,94.95,71.0,0.31
22.4,95.0,121.0,0.09
22.4,95.05,123.0,0.63
22.4,95.1,97.0,0.36
22.4,95.15,124.0,0.57
22.4,95.2,163.0,1.12
22.4,95.25,207.0,1.0
22.4,95.3,199.0,0.29
22.4,95.35,178.0,0.89
22.4,95.4,151.0,0.76
22.4,95.45,120.0,0.89
22.4,95.5,95.0,0.22
22.4,95.55,81.0,0.17
22.4,95.6,85.0,0.33
22.4,95.65,85.0,0.49
22.4,95.7,85.0,0.27
22.4,95.75,87.0,0.11
22.4,95.8,87.0,0.75
22.4,95.85,92.0,0.4
22.4,95.9,96.0,0.51
22.4,95.95,85.0,1.5
22.4,96.0,67.0,0.0
22.4,96.05,69.0,0.62
22.4,96.1,101.0,0.9
22.4,96.15,117.0,0.47
22.4,96.2,332.0,8.46
22.4,96.25,1019.0,16.98
22.4,96.3,130.0,2.11
22.4,96.35,246.0,8.97
22.4,96.4,812.0,2.4
22.4,96.45,1017.0,4.15
22.45,89.5,15.0,0.3
22.45,89.55,3.0,0.03
22.45,89.6,3.0,0.79
22.45,89.65,3.0,0.4
22.45,89.7,5.0,0.25
22.45,89.75,5.0,0.18
22.45,89.8,4.0,0.18
22.45,89.85,6.0,0.1
22.45,89.9,7.0,0.45
22.45,89.95,6.0,0.33
22.45,90.0,4.0,0.18
22.45,90.05,7.0,0.93
22.45,90.1,11.0,0.6
22.45,90.15,1.0,0.16
22.45,90.2,9.0,0.77
22.45,90.25,6.0,0.55
22.45,90.3,6.0,0.72
22.45,90.35,8.0,0.15
22.45,90.4,8.0,0.25
22.45,90.45,4.0,0.82
22.45,90.5,4.0,0.47
22.45,90.55,7.0,0.2
22.45,90.6,4.0,0.24
22.45,90.65,0.0,0.0
22.45,90.7,5.0,0.36
22.45,90.75,9.0,0.25
22.45,90.8,3.0,0.14
22.45,90.85,8.0,0.83
22.45,90.9,0.0,0.0
22.45,90.95,0.0,0.0
22.45,91.0,7.0,0.69
22.45,91.05,0.0,0.0
22.45,91.1,0.0,0.0
22.45,91.15,0.0,0.0
22.45,91.2,0.0,0.0
22.45,91.25,0.0,0.0
22.45,91.3,0.0,0.0
22.45,91.35,0.0,0.0
22.45,91.4,0.0,0.0
22.45,91.45,6.0,0.52
22.45,91.5,4.0,0.37
22.45,91.55,5.0,0.13
22.45,91.6,0.0,0.0
22.45,91.65,0.0,0.0
22.45,91.7,0.0,0.0
22.45,91.75,28.0,2.98
22.45,91.8,29.0,3.92
22.45,91.85,6.0,0.52
22.45,91.9,5.0,0.66
22.45,91.95,5.0,0.21
22.45,92.0,8.0,0.24
22.45,92.05,13.0,0.81
22.45,92.1,7.0,1.07
22.45,92.15,28.0,6.2
22.45,92.2,44.0,1.82
22.45,92.25,59.0,2.06
22.45,92.3,310.0,7.26
22.45,92.35,57.0,4.24
22.45,92.4,345.0,17.41
22.45,92.45,235.0,1.17
22.45,92.5,439.0,16.04
22.45,92.55,76.0,1.47
22.45,92.6,229.0,5.97
22.45,92.65,111.0,3.86
22.45,92.7,856.0,18.49
22.45,92.75,444.0,13.66
22.45,92.8,360.0,7.56
22.45,92.85,353.0,13.18
22.45,92.9,1192.0,25.56
22.45,92.95,576.0,29.09
22.45,93.0,804.0,17.67
22.45,93.05,1574.0,18.31
22.45,93.1,1253.0,15.08
22.45,93.15,588.0,27.94
22.45,93.2,839.0,24.55
22.45,93.25,1163.0,23.43
22.45,93.3,1627.0,18.79
22.45,93.35,1271.0,10.53
22.45,93.4,1284.0,27.85
22.45,93.45,1832.0,21.19
22.45,93.5,2118.0,20.92
22.45,93.55,1342.0,12.1
22.45,93.6,1499.0,11.82
22.45,93.65,1126.0,17.27
22.45,93.7,1242.0,8.07
22.45,93.75,971.0,12.66
22.45,93.8,981.0,12.98
22.45,93.85,1159.0,10.87
22.45,93.9,658.0,13.88
22.45,93.95,495.0,3.17
22.45,94.0,363.0,10.01
22.45,94.05,192.0,0.84
22.45,94.1,204.0,0.32
22.45,94.15,211.0,3.43
22.45,94.2,531.0,12.06
22.45,94.25,574.0,12.82
22.45,94.3,594.0,17.21
22.45,94.35,553.0,4.89
22.45,94.4,769.0,8.01
22.45,94.45,446.0,4.5
22.45,94.5,333.0,13.36
22.45,94.55,397.0,9.1
22.45,94.6,420.0,10.53
22.45,94.65,254.0,0.84
22.45,94.7,273.0,1.54
22.45,94.75,270.0,2.16
22.45,94.8,141.0,5.5
22.45,94.85,86.0,0.65
22.45,94.9,92.0,0.22
22.45,94.95,99.0,0.98
22.45,95.0,119.0,1.17
22.45,95.05,128.0,0.39
22.45,95.1,103.0,0.34
22.45,95.15,121.0,0.82
22.45,95.2,154.0,0.79
22.45,95.25,191.0,0.43
22.45,95.3,166.0,1.16
22.45,95.35,148.0,0.81
22.45,95.4,120.0,0.28
22.45,95.45,97.0,0.25
22.45,95.5,86.0,0.44
22.45,95.55,84.0,0.38
22.45,95.6,90.0,0.27
22.45,95.65,87.0,0.19
22.45,95.7,87.0,0.1
22.45,95.75,87.0,0.03
22.45,95.8,108.0,0.92
22.45,95.85,104.0,0.22
22.45,95.9,122.0,0.47
22.45,95.95,87.0,0.87
22.45,96.0,70.0,0.09
22.45,96.05,74.0,0.28
22.45,96.1,92.0,0.2
22.45,96.15,421.0,11.4
22.45,96.2,422.0,12.06
22.45,96.25,552.0,18.85
22.45,96.3,163.0,6.24
22.45,96.35,439.0,19.13
22.45,96.4,821.0,1.33
22.45,96.45,998.0,1.75
22.5,89.5,5.0,0.15
22.5,89.55,3.0,0.67
22.5,89.6,4.0,0.06
22.5,89.65,2.0,0.15
22.5,89.7,5.0,0.1
22.5,89.75,7.0,0.24
22.5,89.8,6.0,0.11
22.5,89.85,6.0,0.11
22.5,89.9,8.0,0.29
22.5,89.95,7.0,1.11
22.5,90.0,0.0,0.32
22.5,90.05,10.0,1.25
22.5,90.1,3.0,0.49
22.5,90.15,6.0,0.45
22.5,90.2,0.0,0.06
22.5,90.25,7.0,0.39
22.5,90.3,5.0,0.19
22.5,90.35,0.0,1.22
22.5,90.4,8.0,0.64
22.5,90.45,9.0,0.14
22.5,90.5,5.0,0.4
22.5,90.55,11.0,0.31
22.5,90.6,5.0,0.41
22.5,90.65,0.0,1.01
22.5,90.7,5.0,0.7
22.5,90.75,7.0,1.07
22.5,90.8,6.0,0.11
22.5,90.85,0.0,0.0
22.5,90.9,0.0,0.0
22.5,90.95,7.0,0.6
22.5,91.0,0.0,0.0
22.5,91.05,0.0,0.0
22.5,91.1,7.0,0.28
22.5,91.15,4.0,0.93
22.5,91.2,0.0,0.0
22.5,91.25,0.0,0.0
22.5,91.3,0.0,0.0
22.5,91.35,0.0,0.0
22.5,91.4,0.0,0.0
22.5,91.45,3.0,0.18
22.5,91.5,6.0,0.24
22.5,91.55,0.0,0.0
22.5,91.6,0.0,0.0
22.5,91.65,0.0,0.0
22.5,91.7,4.0,0.94
22.5,91.75,70.0,5.02
22.5,91.8,8.0,0.65
22.5,91.85,8.0,0.53
22.5,91.9,4.0,0.23
22.5,91.95,10.0,0.3
22.5,92.0,31.0,1.08
22.5,92.05,10.0,0.51
22.5,92.1,11.0,0.7
22.5,92.15,122.0,8.43
22.5,92.2,14.0,2.43
22.5,92.25,99.0,5.3
22.5,92.3,54.0,12.41
22.5,92.35,46.0,5.56
22.5,92.4,181.0,8.85
22.5,92.45,127.0,1.91
22.5,92.5,248.0,10.16
22.5,92.55,78.0,1.06
22.5,92.6,256.0,11.77
22.5,92.65,226.0,13.51
22.5,92.7,377.0,19.02
22.5,92.75,239.0,7.44
22.5,92.8,590.0,17.41
22.5,92.85,547.0,19.56
22.5,92.9,994.0,11.14
22.5,92.95,302.0,22.52
22.5,93.0,1069.0,24.2
22.5,93.05,1088.0,19.39
22.5,93.1,542.0,11.3
22.5,93.15,862.0,23.64
22.5,93.2,850.0,22.82
22.5,93.25,726.0,17.22
22.5,93.3,1459.0,23.25
22.5,93.35,1474.0,14.46
22.5,93.4,1243.0,14.27
22.5,93.45,1607.0,17.94
22.5,93.5,2257.0,18.55
22.5,93.55,1530.0,19.4
22.5,93.6,1925.0,9.69
22.5,93.65,2001.0,18.59
22.5,93.7,1656.0,19.89
22.5,93.75,1246.0,16.2
22.5,93.8,1181.0,12.76
22.5,93.85,1138.0,29.89
22.5,93.9,965.0,23.8
22.5,93.95,571.0,11.0
22.5,94.0,381.0,6.81
22.5,94.05,208.0,1.72
22.5,94.1,179.0,0.72
22.5,94.15,215.0,6.65
22.5,94.2,572.0,11.53
22.5,94.25,827.0,19.02
22.5,94.3,460.0,6.65
22.5,94.35,645.0,18.21
22.5,94.4,803.0,6.73
22.5,94.45,413.0,8.18
22.5,94.5,249.0,3.0
22.5,94.55,421.0,4.82
22.5,94.6,669.0,22.98
22.5,94.65,274.0,2.14
22.5,94.7,344.0,2.64
22.5,94.75,246.0,1.77
22.5,94.8,86.0,1.08
22.5,94.85,91.0,0.91
22.5,94.9,104.0,0.78
22.5,94.95,116.0,1.05
22.5,95.0,128.0,0.65
22.5,95.05,129.0,0.59
22.5,95.1,123.0,0.37
22.5,95.15,113.0,0.26
22.5,95.2,135.0,0.5
22.5,95.25,157.0,0.92
22.5,95.3,140.0,0.93
22.5,95.35,115.0,0.31
22.5,95.4,97.0,0.41
22.5,95.45,92.0,0.47
22.5,95.5,94.0,0.17
22.5,95.55,86.0,0.29
22.5,95.6,88.0,0.2
22.5,95.65,92.0,0.08
22.5,95.7,93.0,0.4
22.5,95.75,98.0,0.22
22.5,95.8,114.0,1.17
22.5,95.85,109.0,0.1
22.5,95.9,138.0,1.49
22.5,95.95,111.0,4.66
22.5,96.0,74.0,0.86
22.5,96.05,75.0,0.14
22.5,96.1,113.0,5.34
22.5,96.15,378.0,8.31
22.5,96.2,788.0,17.01
22.5,96.25,585.0,25.37
22.5,96.3,164.0,1.6
22.5,96.35,465.0,16.64
22.5,96.4,535.0,25.56
22.5,96.45,963.0,1.36
22.55,89.5,2.0,0.05
22.55,89.55,2.0,0.25
22.55,89.6,5.0,0.28
22.55,89.65,1.0,0.81
22.55,89.7,1.0,0.94
22.55,89.75,3.0,0.05
22.55,89.8,9.0,0.18
22.55,89.85,7.0,0.2
22.55,89.9,4.0,0.67
22.55,89.95,7.0,0.67
22.55,90.0,8.0,0.66
22.55,90.05,10.0,0.31
22.55,90.1,8.0,0.51
22.55,90.15,5.0,0.56
22.55,90.2,6.0,0.42
22.55,90.25,6.0,0.34
22.55,90.3,4.0,0.72
22.55,90.35,9.0,0.34
22.55,90.4,3.0,0.26
22.55,90.45,8.0,0.71
22.55,90.5,5.0,0.16
22.55,90.55,6.0,0.46
22.55,90.6,0.0,0.26
22.55,90.65,0.0,0.15
22.55,90.7,7.0,0.26
22.55,90.75,10.0,0.23
22.55,90.8,0.0,0.0
22.55,90.85,0.0,0.0
22.55,90.9,3.0,0.17
22.55,90.95,0.0,0.64
22.55,91.0,0.0,0.0
22.55,91.05,6.0,0.24
22.55,91.1,2.0,0.02
22.55,91.15,8.0,0.54
22.55,91.2,12.0,0.84
22.55,91.25,0.0,0.0
22.55,91.3,2.0,0.41
22.55,91.35,0.0,0.0
22.55,91.4,0.0,0.0
22.55,91.45,9.0,0.34
22.55,91.5,7.0,0.12
22.55,91.55,0.0,0.0
22.55,91.6,0.0,0.0
22.55,91.65,0.0,0.0
22.55,91.7,21.0,1.6
22.55,91.75,61.0,1.23
22.55,91.8,9.0,0.41
22.55,91.85,8.0,0.63
22.55,91.9,15.0,0.08
22.55,91.95,17.0,0.28
22.55,92.0,60.0,0.83
22.55,92.05,16.0,0.29
22.55,92.1,38.0,1.93
22.55,92.15,273.0,10.58
22.55,92.2,31.0,0.0
22.55,92.25,46.0,0.92
22.55,92.3,42.0,1.07
22.55,92.35,152.0,17.95
22.55,92.4,85.0,9.23
22.55,92.45,159.0,9.54
22.55,92.5,112.0,0.92
22.55,92.55,97.0,4.35
22.55,92.6,161.0,7.28
22.55,92.65,304.0,16.48
22.55,92.7,203.0,4.87
22.55,92.75,233.0,10.94
22.55,92.8,446.0,22.56
22.55,92.85,676.0,24.44
22.55,92.9,474.0,18.27
22.55,92.95,715.0,15.4
22.55,93.0,868.0,15.1
22.55,93.05,1237.0,11.39
22.55,93.1,620.0,23.17
22.55,93.15,709.0,19.81
22.55,93.2,1429.0,34.09
22.55,93.25,668.0,18.38
22.55,93.3,1095.0,18.99
22.55,93.35,1676.0,24.61
22.55,93.4,1594.0,11.36
22.55,93.45,1934.0,18.01
22.55,93.5,2144.0,19.75
22.55,93.55,1585.0,13.29
22.55,93.6,2016.0,11.03
22.55,93.65,1392.0,25.57
22.55,93.7,1170.0,21.89
22.55,93.75,873.0,18.62
22.55,93.8,1110.0,11.43
22.55,93.85,1005.0,14.12
22.55,93.9,994.0,11.91
22.55,93.95,411.0,8.17
22.55,94.0,272.0,4.23
22.55,94.05,197.0,1.32
22.55,94.1,152.0,0.55
22.55,94.15,212.0,6.4
22.55,94.2,296.0,5.12
22.55,94.25,889.0,12.63
22.55,94.3,523.0,9.93
22.55,94.35,651.0,8.0
22.55,94.4,937.0,9.48
22.55,94.45,406.0,7.16
22.55,94.5,219.0,1.12
22.55,94.55,389.0,9.25
22.55,94.6,564.0,4.61
22.55,94.65,274.0,2.09
22.55,94.7,255.0,1.91
22.55,94.75,193.0,2.3
22.55,94.8,83.0,0.27
22.55,94.85,111.0,0.34
22.55,94.9,122.0,0.68
22.55,94.95,144.0,1.04
22.55,95.0,132.0,0.15
22.55,95.05,139.0,0.19
22.55,95.1,138.0,0.1
22.55,95.15,139.0,0.69
22.55,95.2,144.0,0.85
22.55,95.25,128.0,0.93
22.55,95.3,109.0,0.52
22.55,95.35,95.0,0.32
22.55,95.4,90.0,0.22
22.55,95.45,92.0,0.2
22.55,95.5,92.0,0.08
22.55,95.55,92.0,0.71
22.55,95.6,95.0,0.61
22.55,95.65,97.0,0.28
22.55,95.7,103.0,0.19
22.55,95.75,114.0,0.38
22.55,95.8,120.0,0.25
22.55,95.85,142.0,0.94
22.55,95.9,148.0,0.69
22.55,95.95,89.0,0.42
22.55,96.0,80.0,0.48
22.55,96.05,90.0,0.2
22.55,96.1,119.0,1.69
22.55,96.15,224.0,15.06
22.55,96.2,290.0,3.53
22.55,96.25,441.0,17.84
22.55,96.3,155.0,3.96
22.55,96.35,330.0,12.52
22.55,96.4,851.0,4.91
22.55,96.45,868.0,1.19
22.6,89.5,3.0,0.17
22.6,89.55,3.0,0.09
22.6,89.6,3.0,0.18
22.6,89.65,6.0,0.21
22.6,89.7,4.0,0.28
22.6,89.75,8.0,0.6
22.6,89.8,4.0,0.09
22.6,89.85,6.0,0.66
22.6,89.9,4.0,0.19
22.6,89.95,1.0,0.13
22.6,90.0,8.0,0.94
22.6,90.05,10.0,1.46
22.6,90.1,8.0,0.8
22.6,90.15,4.0,0.35
22.6,90.2,11.0,0.69
22.6,90.25,8.0,0.22
22.6,90.3,6.0,0.29
22.6,90.35,4.0,0.51
22.6,90.4,5.0,0.36
22.6,90.45,6.0,0.07
22.6,90.5,7.0,0.31
22.6,90.55,5.0,0.06
22.6,90.6,5.0,0.29
22.6,90.65,7.0,0.5
22.6,90.7,4.0,0.49
22.6,90.75,8.0,0.39
22.6,90.8,0.0,0.0
22.6,90.85,0.0,0.0
22.6,90.9,0.0,0.0
22.6,90.95,0.0,0.0
22.6,91.0,8.0,0.48
22.6,91.05,4.0,0.19
22.6,91.1,4.0,0.35
22.6,91.15,3.0,0.24
22.6,91.2,9.0,0.96
22.6,91.25,8.0,1.28
22.6,91.3,0.0,0.0
22.6,91.35,0.0,0.0
22.6,91.4,0.0,0.0
22.6,91.45,6.0,0.12
22.6,91.5,0.0,0.0
22.6,91.55,0.0,0.0
22.6,91.6,0.0,0.0
22.6,91.65,9.0,0.37
22.6,91.7,99.0,9.5
22.6,91.75,19.0,0.34
22.6,91.8,7.0,0.36
22.6,91.85,8.0,0.08
22.6,91.9,17.0,0.41
22.6,91.95,27.0,0.74
22.6,92.0,32.0,1.63
22.6,92.05,30.0,1.84
22.6,92.1,41.0,1.9
22.6,92.15,42.0,6.09
22.6,92.2,31.0,0.0
22.6,92.25,62.0,0.51
22.6,92.3,45.0,1.68
22.6,92.35,216.0,15.15
22.6,92.4,64.0,2.26
22.6,92.45,114.0,5.4
22.6,92.5,120.0,7.43
22.6,92.55,142.0,1.04
22.6,92.6,247.0,11.98
22.6,92.65,84.0,3.19
22.6,92.7,212.0,3.39
22.6,92.75,444.0,12.96
22.6,92.8,391.0,30.72
22.6,92.85,702.0,17.86
22.6,92.9,1114.0,22.34
22.6,92.95,170.0,8.65
22.6,93.0,779.0,10.89
22.6,93.05,1049.0,29.67
22.6,93.1,1382.0,15.36
22.6,93.15,681.0,23.23
22.6,93.2,1309.0,23.93
22.6,93.25,938.0,8.46
22.6,93.3,1216.0,21.4
22.6,93.35,1164.0,20.87
22.6,93.4,869.0,1.13
22.6,93.45,1689.0,20.05
22.6,93.5,1674.0,17.15
22.6,93.55,1704.0,17.32
22.6,93.6,1739.0,15.11
22.6,93.65,1479.0,18.75
22.6,93.7,1681.0,29.52
22.6,93.75,879.0,24.05
22.6,93.8,822.0,31.38
22.6,93.85,1354.0,27.57
22.6,93.9,697.0,11.27
22.6,93.95,477.0,13.27
22.6,94.0,276.0,7.39
22.6,94.05,183.0,0.6
22.6,94.1,155.0,0.61
22.6,94.15,188.0,3.97
22.6,94.2,596.0,15.91
22.6,94.25,668.0,10.91
22.6,94.3,381.0,3.66
22.6,94.35,796.0,14.9
22.6,94.4,790.0,13.56
22.6,94.45,220.0,1.01
22.6,94.5,153.0,0.53
22.6,94.55,323.0,5.8
22.6,94.6,575.0,10.31
22.6,94.65,213.0,2.59
22.6,94.7,166.0,7.3
22.6,94.75,98.0,2.04
22.6,94.8,103.0,0.31
22.6,94.85,101.0,0.69
22.6,94.9,123.0,0.24
22.6,94.95,158.0,0.58
22.6,95.0,153.0,0.48
22.6,95.05,158.0,0.11
22.6,95.1,156.0,0.1
22.6,95.15,155.0,0.26
22.6,95.2,132.0,0.58
22.6,95.25,106.0,0.63
22.6,95.3,100.0,0.17
22.6,95.35,92.0,0.21
22.6,95.4,94.0,0.19
22.6,95.45,94.0,0.14
22.6,95.5,94.0,0.2
22.6,95.55,97.0,0.08
22.6,95.6,97.0,0.76
22.6,95.65,105.0,0.32
22.6,95.7,114.0,0.46
22.6,95.75,120.0,0.49
22.6,95.8,141.0,0.54
22.6,95.85,151.0,0.7
22.6,95.9,120.0,0.97
22.6,95.95,73.0,0.28
22.6,96.0,100.0,0.8
22.6,96.05,99.0,0.48
22.6,96.1,116.0,1.14
22.6,96.15,321.0,15.31
22.6,96.2,425.0,4.5
22.6,96.25,228.0,11.54
22.6,96.3,271.0,5.33
22.6,96.35,600.0,26.15
22.6,96.4,923.0,11.64
22.6,96.45,879.0,9.51
22.65,89.5,3.0,0.21
22.65,89.55,0.0,0.79
22.65,89.6,3.0,0.06
22.65,89.65,5.0,0.18
22.65,89.7,5.0,0.53
22.65,89.75,12.0,0.65
22.65,89.8,10.0,0.25
22.65,89.85,4.0,0.11
22.65,89.9,5.0,0.86
22.65,89.95,8.0,0.35
22.65,90.0,9.0,0.78
22.65,90.05,4.0,0.6
22.65,90.1,12.0,0.82
22.65,90.15,5.0,0.59
22.65,90.2,8.0,0.65
22.65,90.25,5.0,0.14
22.65,90.3,7.0,0.4
22.65,90.35,3.0,0.95
22.65,90.4,4.0,0.71
22.65,90.45,9.0,0.25
22.65,90.5,7.0,0.13
22.65,90.55,0.0,0.0
22.65,90.6,7.0,0.17
22.65,90.65,8.0,0.29
22.65,90.7,5.0,0.25
22.65,90.75,0.0,0.0
22.65,90.8,0.0,0.0
22.65,90.85,0.0,0.0
22.65,90.9,9.0,0.83
22.65,90.95,8.0,0.45
22.65,91.0,5.0,0.26
22.65,91.05,5.0,0.34
22.65,91.1,7.0,0.04
22.65,91.15,4.0,0.29
22.65,91.2,5.0,0.3
22.65,91.25,7.0,0.24
22.65,91.3,0.0,0.0
22.65,91.35,10.0,0.45
22.65,91.4,6.0,0.4
22.65,91.45,0.0,0.0
22.65,91.5,0.0,0.0
22.65,91.55,0.0,0.0
22.65,91.6,5.0,0.39
22.65,91.65,20.0,0.11
22.65,91.7,79.0,7.33
22.65,91.75,15.0,1.49
22.65,91.8,6.0,0.8
22.65,91.85,9.0,0.28
22.65,91.9,28.0,1.07
22.65,91.95,77.0,1.1
22.65,92.0,37.0,0.63
22.65,92.05,31.0,0.86
22.65,92.1,181.0,14.63
22.65,92.15,72.0,1.58
22.65,92.2,31.0,0.0
22.65,92.25,89.0,2.81
22.65,92.3,122.0,3.62
22.65,92.35,44.0,1.36
22.65,92.4,52.0,1.82
22.65,92.45,243.0,14.39
22.65,92.5,119.0,6.49
22.65,92.55,109.0,5.19
22.65,92.6,248.0,12.2
22.65,92.65,272.0,16.94
22.65,92.7,269.0,20.33
22.65,92.75,362.0,9.48
22.65,92.8,504.0,22.13
22.65,92.85,878.0,33.69
22.65,92.9,869.0,19.14
22.65,92.95,455.0,14.55
22.65,93.0,1064.0,17.8
22.65,93.05,1671.0,21.74
22.65,93.1,395.0,22.73
22.65,93.15,1193.0,31.21
22.65,93.2,1654.0,14.12
22.65,93.25,1169.0,15.01
22.65,93.3,1382.0,10.53
22.65,93.35,1431.0,11.46
22.65,93.4,1593.0,16.39
22.65,93.45,1763.0,7.12
22.65,93.5,1668.0,19.37
22.65,93.55,1741.0,6.45
22.65,93.6,1635.0,11.82
22.65,93.65,1479.0,18.31
22.65,93.7,1900.0,22.65
22.65,93.75,1965.0,36.61
22.65,93.8,1185.0,29.0
22.65,93.85,743.0,30.31
22.65,93.9,970.0,18.59
22.65,93.95,744.0,19.14
22.65,94.0,399.0,9.27
22.65,94.05,180.0,0.69
22.65,94.1,148.0,0.3
22.65,94.15,170.0,1.75
22.65,94.2,772.0,8.32
22.65,94.25,1003.0,7.52
22.65,94.3,394.0,7.9
22.65,94.35,630.0,4.51
22.65,94.4,780.0,16.72
22.65,94.45,318.0,4.56
22.65,94.5,332.0,2.01
22.65,94.55,290.0,2.97
22.65,94.6,448.0,3.97
22.65,94.65,195.0,3.66
22.65,94.7,179.0,2.36
22.65,94.75,100.0,0.4
22.65,94.8,117.0,1.01
22.65,94.85,129.0,0.7
22.65,94.9,125.0,1.2
22.65,94.95,154.0,0.49
22.65,95.0,166.0,0.76
22.65,95.05,176.0,0.56
22.65,95.1,183.0,0.3
22.65,95.15,183.0,0.49
22.65,95.2,146.0,0.48
22.65,95.25,115.0,1.08
22.65,95.3,98.0,0.51
22.65,95.35,97.0,0.21
22.65,95.4,96.0,0.19
22.65,95.45,97.0,0.42
22.65,95.5,99.0,0.17
22.65,95.55,101.0,0.18
22.65,95.6,102.0,0.32
22.65,95.65,109.0,0.4
22.65,95.7,123.0,0.2
22.65,95.75,141.0,0.89
22.65,95.8,149.0,0.92
22.65,95.85,143.0,1.15
22.65,95.9,105.0,0.83
22.65,95.95,138.0,0.55
22.65,96.0,151.0,1.34
22.65,96.05,121.0,0.64
22.65,96.1,148.0,8.51
22.65,96.15,700.0,6.49
22.65,96.2,347.0,2.29
22.65,96.25,394.0,8.91
22.65,96.3,463.0,16.19
22.65,96.35,638.0,19.32
22.65,96.4,822.0,24.05
22.65,96.45,818.0,15.23
22.7,89.5,2.0,0.11
22.7,89.55,3.0,0.18
22.7,89.6,5.0,0.11
22.7,89.65,11.0,0.54
22.7,89.7,5.0,0.1
22.7,89.75,5.0,1.0
22.7,89.8,2.0,0.07
22.7,89.85,8.0,0.1
22.7,89.9,9.0,0.29
22.7,89.95,4.0,0.02
22.7,90.0,0.0,0.33
22.7,90.05,5.0,0.32
22.7,90.1,6.0,0.61
22.7,90.15,3.0,0.08
22.7,90.2,10.0,0.53
22.7,90.25,7.0,0.16
22.7,90.3,5.0,0.39
22.7,90.35,6.0,0.83
22.7,90.4,6.0,0.47
22.7,90.45,6.0,0.6
22.7,90.5,4.0,0.07
22.7,90.55,0.0,0.13
22.7,90.6,4.0,0.67
22.7,90.65,7.0,0.55
22.7,90.7,0.0,0.0
22.7,90.75,0.0,0.0
22.7,90.8,0.0,0.0
22.7,90.85,5.0,0.34
22.7,90.9,5.0,0.61
22.7,90.95,7.0,0.19
22.7,91.0,5.0,0.14
22.7,91.05,5.0,0.16
22.7,91.1,8.0,0.21
22.7,91.15,5.0,0.14
22.7,91.2,5.0,0.14
22.7,91.25,0.0,0.04
22.7,91.3,5.0,0.25
22.7,91.35,9.0,0.29
22.7,91.4,0.0,0.0
22.7,91.45,0.0,0.0
22.7,91.5,4.0,1.22
22.7,91.55,7.0,0.39
22.7,91.6,7.0,0.41
22.7,91.65,120.0,2.08
22.7,91.7,23.0,0.64
22.7,91.75,16.0,0.25
22.7,91.8,12.0,0.17
22.7,91.85,16.0,1.04
22.7,91.9,52.0,0.55
22.7,91.95,44.0,3.52
22.7,92.0,71.0,1.95
22.7,92.05,89.0,3.19
22.7,92.1,89.0,6.73
22.7,92.15,38.0,0.48
22.7,92.2,35.0,1.32
22.7,92.25,118.0,7.12
22.7,92.3,37.0,1.05
22.7,92.35,39.0,2.87
22.7,92.4,173.0,10.0
22.7,92.45,313.0,19.7
22.7,92.5,114.0,0.79
22.7,92.55,165.0,7.74
22.7,92.6,192.0,7.23
22.7,92.65,529.0,10.79
22.7,92.7,233.0,8.63
22.7,92.75,261.0,3.61
22.7,92.8,707.0,10.54
22.7,92.85,1170.0,19.63
22.7,92.9,579.0,23.09
22.7,92.95,436.0,26.52
22.7,93.0,1000.0,29.1
22.7,93.05,1330.0,41.25
22.7,93.1,394.0,26.17
22.7,93.15,1247.0,29.39
22.7,93.2,2039.0,4.5
22.7,93.25,1625.0,27.67
22.7,93.3,966.0,6.64
22.7,93.35,1313.0,22.24
22.7,93.4,1625.0,19.06
22.7,93.45,1627.0,17.08
22.7,93.5,1693.0,20.03
22.7,93.55,1893.0,23.53
22.7,93.6,1886.0,8.8
22.7,93.65,1506.0,20.91
22.7,93.7,1497.0,14.83
22.7,93.75,890.0,21.53
22.7,93.8,828.0,16.54
22.7,93.85,661.0,9.66
22.7,93.9,883.0,24.09
22.7,93.95,674.0,16.98
22.7,94.0,357.0,12.63
22.7,94.05,159.0,0.45
22.7,94.1,145.0,0.3
22.7,94.15,222.0,4.85
22.7,94.2,730.0,10.48
22.7,94.25,731.0,4.98
22.7,94.3,510.0,4.84
22.7,94.35,418.0,14.51
22.7,94.4,214.0,21.07
22.7,94.45,290.0,2.33
22.7,94.5,198.0,4.85
22.7,94.55,319.0,1.34
22.7,94.6,322.0,2.52
22.7,94.65,161.0,2.04
22.7,94.7,177.0,1.44
22.7,94.75,90.0,0.57
22.7,94.8,125.0,1.24
22.7,94.85,156.0,1.71
22.7,94.9,168.0,1.35
22.7,94.95,161.0,1.22
22.7,95.0,174.0,0.1
22.7,95.05,206.0,0.18
22.7,95.1,220.0,0.49
22.7,95.15,185.0,0.53
22.7,95.2,147.0,0.88
22.7,95.25,121.0,0.56
22.7,95.3,105.0,0.4
22.7,95.35,102.0,0.61
22.7,95.4,99.0,0.31
22.7,95.45,99.0,0.14
22.7,95.5,102.0,0.36
22.7,95.55,107.0,0.86
22.7,95.6,107.0,0.1
22.7,95.65,119.0,0.49
22.7,95.7,143.0,0.49
22.7,95.75,140.0,0.28
22.7,95.8,153.0,0.1
22.7,95.85,138.0,0.85
22.7,95.9,87.0,3.13
22.7,95.95,173.0,2.04
22.7,96.0,186.0,0.97
22.7,96.05,237.0,3.56
22.7,96.1,480.0,4.44
22.7,96.15,499.0,8.74
22.7,96.2,374.0,6.81
22.7,96.25,337.0,9.24
22.7,96.3,704.0,9.51
22.7,96.35,790.0,17.23
22.7,96.4,885.0,6.37
22.7,96.45,1048.0,10.79
22.75,89.5,3.0,0.42
22.75,89.55,0.0,0.59
22.75,89.6,6.0,0.44
22.75,89.65,5.0,0.44
22.75,89.7,7.0,0.66
22.75,89.75,9.0,0.22
22.75,89.8,5.0,0.17
22.75,89.85,4.0,0.04
22.75,89.9,5.0,0.16
22.75,89.95,8.0,0.27
22.75,90.0,5.0,0.39
22.75,90.05,6.0,0.35
22.75,90.1,14.0,0.82
22.75,90.15,6.0,0.52
22.75,90.2,8.0,1.17
22.75,90.25,12.0,0.36
22.75,90.3,10.0,0.17
22.75,90.35,9.0,0.52
22.75,90.4,4.0,0.36
22.75,90.45,8.0,0.25
22.75,90.5,4.0,1.69
22.75,90.55,4.0,0.91
22.75,90.6,5.0,0.45
22.75,90.65,4.0,0.73
22.75,90.7,0.0,0.0
22.75,90.75,0.0,0.0
22.75,90.8,4.0,0.28
22.75,90.85,4.0,0.11
22.75,90.9,9.0,0.15
22.75,90.95,5.0,0.17
22.75,91.0,5.0,0.14
22.75,91.05,6.0,0.26
22.75,91.1,10.0,0.34
22.75,91.15,5.0,0.25
22.75,91.2,8.0,0.23
22.75,91.25,6.0,0.11
22.75,91.3,5.0,1.01
22.75,91.35,2.0,1.13
22.75,91.4,0.0,0.0
22.75,91.45,0.0,0.0
22.75,91.5,6.0,0.22
22.75,91.55,8.0,0.08
22.75,91.6,10.0,0.12
22.75,91.65,106.0,9.05
22.75,91.7,36.0,0.53
22.75,91.75,13.0,0.43
22.75,91.8,27.0,0.86
22.75,91.85,23.0,0.36
22.75,91.9,67.0,1.37
22.75,91.95,97.0,1.48
22.75,92.0,251.0,22.64
22.75,92.05,42.0,2.31
22.75,92.1,41.0,1.16
22.75,92.15,31.0,0.0
22.75,92.2,69.0,3.98
22.75,92.25,37.0,1.55
22.75,92.3,32.0,0.06
22.75,92.35,289.0,15.32
22.75,92.4,37.0,0.57
22.75,92.45,220.0,14.68
22.75,92.5,69.0,1.04
22.75,92.55,399.0,10.08
22.75,92.6,266.0,6.07
22.75,92.65,310.0,15.87
22.75,92.7,264.0,20.47
22.75,92.75,439.0,8.22
22.75,92.8,434.0,18.84
22.75,92.85,492.0,14.3
22.75,92.9,588.0,14.17
22.75,92.95,940.0,23.89
22.75,93.0,648.0,14.04
22.75,93.05,1294.0,11.48
22.75,93.1,581.0,19.88
22.75,93.15,890.0,6.78
22.75,93.2,1160.0,28.55
22.75,93.25,1444.0,17.61
22.75,93.3,1255.0,12.32
22.75,93.35,1586.0,31.54
22.75,93.4,1242.0,23.78
22.75,93.45,1332.0,15.36
22.75,93.5,2306.0,34.02
22.75,93.55,2013.0,3.48
22.75,93.6,1823.0,10.39
22.75,93.65,1232.0,16.62
22.75,93.7,1647.0,16.58
22.75,93.75,860.0,22.5
22.75,93.8,850.0,33.22
22.75,93.85,1396.0,8.85
22.75,93.9,929.0,7.94
22.75,93.95,736.0,27.27
22.75,94.0,230.0,2.52
22.75,94.05,162.0,0.43
22.75,94.1,140.0,0.37
22.75,94.15,199.0,2.44
22.75,94.2,468.0,19.22
22.75,94.25,809.0,13.27
22.75,94.3,776.0,21.47
22.75,94.35,437.0,15.11
22.75,94.4,138.0,5.64
22.75,94.45,265.0,1.02
22.75,94.5,197.0,4.83
22.75,94.55,182.0,3.98
22.75,94.6,274.0,3.92
22.75,94.65,156.0,3.78
22.75,94.7,90.0,1.73
22.75,94.75,121.0,0.93
22.75,94.8,140.0,3.48
22.75,94.85,189.0,1.06
22.75,94.9,177.0,0.58
22.75,94.95,182.0,1.16
22.75,95.0,179.0,1.06
22.75,95.05,186.0,0.63
22.75,95.1,216.0,0.59
22.75,95.15,192.0,0.99
22.75,95.2,149.0,0.87
22.75,95.25,124.0,0.44
22.75,95.3,111.0,0.47
22.75,95.35,105.0,0.4
22.75,95.4,104.0,0.34
22.75,95.45,103.0,0.3
22.75,95.5,102.0,0.2
22.75,95.55,110.0,0.35
22.75,95.6,115.0,0.1
22.75,95.65,126.0,0.65
22.75,95.7,152.0,1.0
22.75,95.75,157.0,0.48
22.75,95.8,176.0,0.33
22.75,95.85,140.0,0.59
22.75,95.9,109.0,1.43
22.75,95.95,89.0,1.85
22.75,96.0,199.0,3.18
22.75,96.05,334.0,4.35
22.75,96.1,587.0,4.53
22.75,96.15,467.0,4.58
22.75,96.2,338.0,21.14
22.75,96.25,351.0,13.19
22.75,96.3,643.0,10.94
22.75,96.35,548.0,21.48
22.75,96.4,875.0,9.62
22.75,96.45,744.0,9.38
22.8,89.5,3.0,0.27
22.8,89.55,7.0,0.33
22.8,89.6,5.0,0.58
22.8,89.65,9.0,0.75
22.8,89.7,6.0,0.73
22.8,89.75,2.0,0.44
22.8,89.8,4.0,0.08
22.8,89.85,3.0,0.21
22.8,89.9,6.0,0.52
22.8,89.95,4.0,0.26
22.8,90.0,5.0,0.19
22.8,90.05,7.0,0.37
22.8,90.1,7.0,0.32
22.8,90.15,8.0,0.42
22.8,90.2,8.0,0.46
22.8,90.25,8.0,0.22
22.8,90.3,6.0,0.04
22.8,90.35,8.0,0.12
22.8,90.4,6.0,0.26
22.8,90.45,0.0,0.0
22.8,90.5,6.0,0.66
22.8,90.55,4.0,0.53
22.8,90.6,6.0,0.27
22.8,90.65,0.0,0.15
22.8,90.7,0.0,0.0
22.8,90.75,0.0,0.0
22.8,90.8,8.0,0.7
22.8,90.85,6.0,0.2
22.8,90.9,6.0,0.33
22.8,90.95,6.0,0.28
22.8,91.0,9.0,0.17
22.8,91.05,12.0,0.1
22.8,91.1,9.0,0.21
22.8,91.15,8.0,0.02
22.8,91.2,8.0,0.21
22.8,91.25,9.0,0.15
22.8,91.3,7.0,0.19
22.8,91.35,8.0,0.12
22.8,91.4,8.0,0.11
22.8,91.45,6.0,0.05
22.8,91.5,7.0,0.54
22.8,91.55,9.0,0.29
22.8,91.6,66.0,4.68
22.8,91.65,59.0,1.54
22.8,91.7,23.0,0.19
22.8,91.75,34.0,1.62
22.8,91.8,38.0,0.8
22.8,91.85,43.0,0.68
22.8,91.9,68.0,1.29
22.8,91.95,60.0,1.8
22.8,92.0,178.0,10.32
22.8,92.05,73.0,2.03
22.8,92.1,34.0,1.25
22.8,92.15,103.0,5.08
22.8,92.2,111.0,6.21
22.8,92.25,31.0,0.0
22.8,92.3,87.0,8.26
22.8,92.35,159.0,13.9
22.8,92.4,63.0,3.13
22.8,92.45,125.0,3.53
22.8,92.5,66.0,1.46
22.8,92.55,195.0,15.51
22.8,92.6,195.0,5.3
22.8,92.65,135.0,4.08
22.8,92.7,520.0,13.35
22.8,92.75,419.0,13.96
22.8,92.8,492.0,9.76
22.8,92.85,959.0,24.47
22.8,92.9,554.0,28.58
22.8,92.95,921.0,26.99
22.8,93.0,1237.0,3.33
22.8,93.05,629.0,11.78
22.8,93.1,419.0,25.9
22.8,93.15,719.0,19.02
22.8,93.2,1503.0,27.63
22.8,93.25,1291.0,9.56
22.8,93.3,1642.0,17.22
22.8,93.35,1032.0,15.82
22.8,93.4,964.0,4.78
22.8,93.45,1411.0,15.34
22.8,93.5,2139.0,14.68
22.8,93.55,2363.0,22.81
22.8,93.6,1044.0,25.12
22.8,93.65,1267.0,7.51
22.8,93.7,1150.0,23.39
22.8,93.75,444.0,5.26
22.8,93.8,522.0,27.53
22.8,93.85,604.0,14.72
22.8,93.9,336.0,36.49
22.8,93.95,297.0,6.27
22.8,94.0,172.0,1.24
22.8,94.05,148.0,0.32
22.8,94.1,138.0,0.28
22.8,94.15,185.0,2.08
22.8,94.2,334.0,9.42
22.8,94.25,721.0,8.17
22.8,94.3,614.0,5.67
22.8,94.35,379.0,10.85
22.8,94.4,319.0,6.02
22.8,94.45,150.0,7.96
22.8,94.5,129.0,1.32
22.8,94.55,127.0,3.12
22.8,94.6,288.0,3.19
22.8,94.65,206.0,13.97
22.8,94.7,84.0,0.42
22.8,94.75,149.0,1.11
22.8,94.8,201.0,0.94
22.8,94.85,210.0,0.59
22.8,94.9,221.0,0.77
22.8,94.95,210.0,0.78
22.8,95.0,205.0,0.46
22.8,95.05,226.0,1.43
22.8,95.1,212.0,0.78
22.8,95.15,183.0,0.85
22.8,95.2,143.0,0.47
22.8,95.25,133.0,0.32
22.8,95.3,119.0,0.36
22.8,95.35,117.0,0.14
22.8,95.4,108.0,0.22
22.8,95.45,107.0,0.11
22.8,95.5,106.0,0.48
22.8,95.55,119.0,0.65
22.8,95.6,125.0,0.63
22.8,95.65,136.0,0.55
22.8,95.7,157.0,0.27
22.8,95.75,182.0,0.48
22.8,95.8,199.0,0.75
22.8,95.85,168.0,1.24
22.8,95.9,136.0,0.7
22.8,95.95,133.0,1.2
22.8,96.0,243.0,4.08
22.8,96.05,315.0,2.61
22.8,96.1,445.0,9.73
22.8,96.15,743.0,8.89
22.8,96.2,398.0,8.64
22.8,96.25,493.0,7.38
22.8,96.3,448.0,4.67
22.8,96.35,691.0,19.58
22.8,96.4,678.0,15.8
22.8,96.45,756.0,18.83
22.85,89.5,0.0,0.18
22.85,89.55,9.0,0.22
22.85,89.6,3.0,0.21
22.85,89.65,3.0,0.64
22.85,89.7,4.0,0.04
22.85,89.75,5.0,0.34
22.85,89.8,8.0,0.1
22.85,89.85,6.0,0.35
22.85,89.9,5.0,0.14
22.85,89.95,5.0,0.49
22.85,90.0,5.0,0.15
22.85,90.05,5.0,0.25
22.85,90.1,6.0,0.82
22.85,90.15,6.0,0.82
22.85,90.2,6.0,0.31
22.85,90.25,9.0,0.52
22.85,90.3,10.0,0.99
22.85,90.35,3.0,0.76
22.85,90.4,6.0,0.35
22.85,90.45,5.0,1.05
22.85,90.5,7.0,0.45
22.85,90.55,14.0,0.89
22.85,90.6,3.0,1.07
22.85,90.65,2.0,0.42
22.85,90.7,0.0,0.0
22.85,90.75,0.0,0.0
22.85,90.8,7.0,0.25
22.85,90.85,7.0,0.49
22.85,90.9,10.0,0.27
22.85,90.95,8.0,0.11
22.85,91.0,9.0,0.35
22.85,91.05,11.0,0.44
22.85,91.1,12.0,0.5
22.85,91.15,9.0,0.34
22.85,91.2,11.0,0.18
22.85,91.25,13.0,0.26
22.85,91.3,11.0,0.33
22.85,91.35,9.0,0.21
22.85,91.4,10.0,0.32
22.85,91.45,8.0,0.08
22.85,91.5,7.0,0.33
22.85,91.55,18.0,0.25
22.85,91.6,52.0,7.1
22.85,91.65,46.0,0.38
22.85,91.7,21.0,0.43
22.85,91.75,45.0,2.26
22.85,91.8,46.0,0.63
22.85,91.85,52.0,1.61
22.85,91.9,82.0,1.62
22.85,91.95,98.0,6.42
22.85,92.0,172.0,12.0
22.85,92.05,46.0,0.95
22.85,92.1,31.0,0.0
22.85,92.15,155.0,13.06
22.85,92.2,39.0,0.37
22.85,92.25,31.0,0.0
22.85,92.3,78.0,4.51
22.85,92.35,51.0,1.89
22.85,92.4,49.0,4.08
22.85,92.45,52.0,0.44
22.85,92.5,175.0,19.33
22.85,92.55,78.0,2.53
22.85,92.6,447.0,8.76
22.85,92.65,111.0,12.43
22.85,92.7,537.0,21.85
22.85,92.75,664.0,9.99
22.85,92.8,1185.0,23.68
22.85,92.85,585.0,6.58
22.85,92.9,326.0,12.76
22.85,92.95,1041.0,19.64
22.85,93.0,1059.0,5.89
22.85,93.05,1081.0,8.55
22.85,93.1,891.0,21.23
22.85,93.15,968.0,15.13
22.85,93.2,1194.0,31.11
22.85,93.25,1182.0,25.47
22.85,93.3,907.0,7.12
22.85,93.35,1381.0,10.79
22.85,93.4,1035.0,9.55
22.85,93.45,1554.0,28.4
22.85,93.5,1913.0,21.42
22.85,93.55,1915.0,21.52
22.85,93.6,1455.0,16.08
22.85,93.65,1379.0,12.74
22.85,93.7,1488.0,14.2
22.85,93.75,1516.0,5.91
22.85,93.8,793.0,28.69
22.85,93.85,562.0,19.42
22.85,93.9,1272.0,24.73
22.85,93.95,698.0,26.63
22.85,94.0,176.0,1.1
22.85,94.05,139.0,0.38
22.85,94.1,134.0,0.14
22.85,94.15,373.0,9.17
22.85,94.2,717.0,13.88
22.85,94.25,1263.0,2.53
22.85,94.3,651.0,14.47
22.85,94.35,125.0,0.79
22.85,94.4,199.0,6.05
22.85,94.45,137.0,2.54
22.85,94.5,127.0,2.42
22.85,94.55,105.0,5.7
22.85,94.6,249.0,2.38
22.85,94.65,225.0,4.7
22.85,94.7,100.0,0.44
22.85,94.75,79.0,0.04
22.85,94.8,154.0,3.35
22.85,94.85,220.0,0.85
22.85,94.9,243.0,0.28
22.85,94.95,253.0,0.63
22.85,95.0,223.0,1.33
22.85,95.05,223.0,0.55
22.85,95.1,204.0,0.39
22.85,95.15,175.0,0.85
22.85,95.2,153.0,0.7
22.85,95.25,141.0,0.28
22.85,95.3,130.0,0.48
22.85,95.35,121.0,0.3
22.85,95.4,112.0,0.18
22.85,95.45,109.0,0.07
22.85,95.5,109.0,0.29
22.85,95.55,119.0,0.24
22.85,95.6,129.0,0.11
22.85,95.65,141.0,0.68
22.85,95.7,159.0,0.81
22.85,95.75,172.0,0.6
22.85,95.8,184.0,0.23
22.85,95.85,180.0,0.93
22.85,95.9,157.0,2.14
22.85,95.95,128.0,1.21
22.85,96.0,242.0,4.97
22.85,96.05,362.0,1.03
22.85,96.1,395.0,1.32
22.85,96.15,573.0,14.72
22.85,96.2,584.0,8.87
22.85,96.25,649.0,4.48
22.85,96.3,954.0,20.03
22.85,96.35,761.0,14.18
22.85,96.4,1105.0,3.33
22.85,96.45,1316.0,7.04
22.9,89.5,6.0,0.17
22.9,89.55,5.0,0.01
22.9,89.6,3.0,0.08
22.9,89.65,2.0,0.23
22.9,89.7,3.0,0.22
22.9,89.75,5.0,0.59
22.9,89.8,4.0,0.13
22.9,89.85,4.0,0.55
22.9,89.9,5.0,0.22
22.9,89.95,6.0,0.04
22.9,90.0,4.0,0.07
22.9,90.05,3.0,0.07
22.9,90.1,4.0,0.25
22.9,90.15,4.0,0.16
22.9,90.2,11.0,0.33
22.9,90.25,8.0,0.5
22.9,90.3,13.0,0.75
22.9,90.35,5.0,0.72
22.9,90.4,7.0,0.69
22.9,90.45,5.0,0.46
22.9,90.5,7.0,0.41
22.9,90.55,0.0,0.39
22.9,90.6,6.0,0.12
22.9,90.65,0.0,0.0
22.9,90.7,0.0,0.0
22.9,90.75,6.0,0.32
22.9,90.8,8.0,0.35
22.9,90.85,12.0,0.45
22.9,90.9,11.0,0.15
22.9,90.95,6.0,0.12
22.9,91.0,9.0,0.26
22.9,91.05,11.0,1.01
22.9,91.1,10.0,0.71
22.9,91.15,5.0,0.29
22.9,91.2,10.0,0.24
22.9,91.25,12.0,0.31
22.9,91.3,10.0,0.28
22.9,91.35,2.0,0.35
22.9,91.4,11.0,0.21
22.9,91.45,7.0,0.4
22.9,91.5,5.0,0.41
22.9,91.55,13.0,0.47
22.9,91.6,62.0,1.52
22.9,91.65,29.0,0.86
22.9,91.7,30.0,0.94
22.9,91.75,52.0,1.72
22.9,91.8,39.0,1.48
22.9,91.85,59.0,1.7
22.9,91.9,70.0,1.58
22.9,91.95,90.0,7.19
22.9,92.0,108.0,6.31
22.9,92.05,37.0,0.66
22.9,92.1,49.0,2.7
22.9,92.15,103.0,5.14
22.9,92.2,31.0,0.0
22.9,92.25,32.0,0.19
22.9,92.3,150.0,9.89
22.9,92.35,51.0,3.96
22.9,92.4,136.0,6.27
22.9,92.45,125.0,6.53
22.9,92.5,194.0,0.14
22.9,92.55,122.0,2.54
22.9,92.6,240.0,5.44
22.9,92.65,456.0,19.73
22.9,92.7,546.0,16.54
22.9,92.75,887.0,12.35
22.9,92.8,625.0,21.07
22.9,92.85,630.0,32.41
22.9,92.9,675.0,17.85
22.9,92.95,308.0,13.58
22.9,93.0,863.0,26.82
22.9,93.05,744.0,18.99
22.9,93.1,1032.0,23.25
22.9,93.15,1109.0,8.86
22.9,93.2,917.0,25.38
22.9,93.25,1317.0,14.07
22.9,93.3,1016.0,15.99
22.9,93.35,1591.0,18.0
22.9,93.4,1113.0,11.33
22.9,93.45,1642.0,18.36
22.9,93.5,1826.0,24.42
22.9,93.55,2175.0,14.08
22.9,93.6,1758.0,25.68
22.9,93.65,1574.0,21.38
22.9,93.7,792.0,27.71
22.9,93.75,827.0,28.07
22.9,93.8,937.0,23.6
22.9,93.85,1084.0,33.59
22.9,93.9,1046.0,20.14
22.9,93.95,372.0,18.39
22.9,94.0,218.0,10.42
22.9,94.05,134.0,0.5
22.9,94.1,219.0,12.71
22.9,94.15,485.0,11.7
22.9,94.2,670.0,25.3
22.9,94.25,817.0,15.85
22.9,94.3,465.0,5.75
22.9,94.35,339.0,7.8
22.9,94.4,151.0,0.34
22.9,94.45,130.0,3.71
22.9,94.5,84.0,0.11
22.9,94.55,140.0,2.25
22.9,94.6,111.0,1.65
22.9,94.65,82.0,0.06
22.9,94.7,139.0,1.52
22.9,94.75,93.0,0.54
22.9,94.8,211.0,2.54
22.9,94.85,250.0,2.75
22.9,94.9,307.0,1.26
22.9,94.95,276.0,1.42
22.9,95.0,251.0,0.38
22.9,95.05,260.0,0.63
22.9,95.1,231.0,2.3
22.9,95.15,179.0,0.12
22.9,95.2,161.0,0.4
22.9,95.25,153.0,0.6
22.9,95.3,139.0,0.72
22.9,95.35,127.0,0.56
22.9,95.4,114.0,0.19
22.9,95.45,118.0,0.49
22.9,95.5,118.0,0.11
22.9,95.55,120.0,0.14
22.9,95.6,130.0,1.05
22.9,95.65,145.0,0.2
22.9,95.7,163.0,0.55
22.9,95.75,172.0,0.53
22.9,95.8,219.0,1.2
22.9,95.85,161.0,1.06
22.9,95.9,144.0,1.69
22.9,95.95,111.0,5.42
22.9,96.0,156.0,3.09
22.9,96.05,271.0,2.82
22.9,96.1,406.0,10.08
22.9,96.15,606.0,4.51
22.9,96.2,671.0,7.68
22.9,96.25,1056.0,12.19
22.9,96.3,685.0,6.24
22.9,96.35,883.0,11.39
22.9,96.4,1451.0,7.17
22.9,96.45,1290.0,13.98
22.95,89.5,7.0,0.38
22.95,89.55,3.0,0.22
22.95,89.6,4.0,0.12
22.95,89.65,5.0,0.12
22.95,89.7,3.0,0.19
22.95,89.75,9.0,0.1
22.95,89.8,5.0,0.76
22.95,89.85,7.0,0.14
22.95,89.9,4.0,0.2
22.95,89.95,4.0,0.09
22.95,90.0,5.0,0.08
22.95,90.05,4.0,0.21
22.95,90.1,4.0,0.12
22.95,90.15,4.0,0.14
22.95,90.2,9.0,0.68
22.95,90.25,9.0,0.64
22.95,90.3,10.0,0.71
22.95,90.35,7.0,0.56
22.95,90.4,10.0,1.42
22.95,90.45,7.0,0.41
22.95,90.5,2.0,0.81
22.95,90.55,2.0,0.14
22.95,90.6,0.0,0.0
22.95,90.65,0.0,0.0
22.95,90.7,6.0,0.43
22.95,90.75,5.0,0.54
22.95,90.8,14.0,0.82
22.95,90.85,13.0,0.81
22.95,90.9,10.0,1.01
22.95,90.95,10.0,0.8
22.95,91.0,11.0,0.53
22.95,91.05,9.0,0.45
22.95,91.1,6.0,0.42
22.95,91.15,7.0,0.28
22.95,91.2,9.0,0.31
22.95,91.25,8.0,0.49
22.95,91.3,7.0,0.37
22.95,91.35,8.0,0.29
22.95,91.4,8.0,0.56
22.95,91.45,6.0,0.1
22.95,91.5,14.0,0.66
22.95,91.55,14.0,0.33
22.95,91.6,35.0,5.82
22.95,91.65,17.0,0.56
22.95,91.7,29.0,0.33
22.95,91.75,53.0,2.54
22.95,91.8,54.0,1.18
22.95,91.85,55.0,1.21
22.95,91.9,52.0,0.32
22.95,91.95,158.0,1.97
22.95,92.0,75.0,4.08
22.95,92.05,31.0,0.24
22.95,92.1,105.0,4.7
22.95,92.15,86.0,1.27
22.95,92.2,31.0,0.37
22.95,92.25,38.0,0.39
22.95,92.3,130.0,10.01
22.95,92.35,298.0,21.97
22.95,92.4,59.0,1.17
22.95,92.45,345.0,4.21
22.95,92.5,170.0,8.17
22.95,92.55,308.0,23.42
22.95,92.6,105.0,3.45
22.95,92.65,629.0,14.73
22.95,92.7,513.0,12.42
22.95,92.75,599.0,1.11
22.95,92.8,460.0,14.14
22.95,92.85,778.0,36.72
22.95,92.9,608.0,12.04
22.95,92.95,359.0,12.93
22.95,93.0,1010.0,24.54
22.95,93.05,789.0,21.38
22.95,93.1,602.0,8.24
22.95,93.15,560.0,18.42
22.95,93.2,1266.0,30.39
22.95,93.25,703.0,13.43
22.95,93.3,1201.0,23.47
22.95,93.35,1050.0,7.78
22.95,93.4,1116.0,18.61
22.95,93.45,1137.0,17.19
22.95,93.5,1920.0,24.65
22.95,93.55,1318.0,21.79
22.95,93.6,1256.0,19.71
22.95,93.65,835.0,24.68
22.95,93.7,473.0,21.2
22.95,93.75,688.0,20.18
22.95,93.8,831.0,10.18
22.95,93.85,1785.0,26.04
22.95,93.9,930.0,13.79
22.95,93.95,784.0,23.14
22.95,94.0,201.0,7.65
22.95,94.05,124.0,0.46
22.95,94.1,258.0,10.74
22.95,94.15,381.0,10.2
22.95,94.2,792.0,7.06
22.95,94.25,469.0,12.14
22.95,94.3,110.0,0.66
22.95,94.35,167.0,9.31
22.95,94.4,117.0,1.49
22.95,94.45,139.0,3.62
22.95,94.5,255.0,1.26
22.95,94.55,161.0,1.3
22.95,94.6,126.0,0.26
22.95,94.65,107.0,0.98
22.95,94.7,99.0,0.31
22.95,94.75,93.0,0.59
22.95,94.8,150.0,2.17
22.95,94.85,215.0,3.42
22.95,94.9,280.0,1.44
22.95,94.95,317.0,1.6
22.95,95.0,268.0,0.42
22.95,95.05,227.0,1.31
22.95,95.1,241.0,1.28
22.95,95.15,203.0,0.72
22.95,95.2,171.0,0.2
22.95,95.25,158.0,0.37
22.95,95.3,150.0,0.36
22.95,95.35,133.0,0.73
22.95,95.4,122.0,0.6
22.95,95.45,118.0,0.29
22.95,95.5,119.0,0.21
22.95,95.55,129.0,0.19
22.95,95.6,136.0,0.28
22.95,95.65,162.0,0.41
22.95,95.7,172.0,0.31
22.95,95.75,190.0,0.85
22.95,95.8,204.0,0.65
22.95,95.85,172.0,0.98
22.95,95.9,155.0,1.96
22.95,95.95,166.0,3.68
22.95,96.0,178.0,2.69
22.95,96.05,240.0,2.98
22.95,96.1,447.0,12.45
22.95,96.15,606.0,9.3
22.95,96.2,1187.0,13.03
22.95,96.25,845.0,19.94
22.95,96.3,861.0,17.29
22.95,96.35,875.0,16.29
22.95,96.4,1241.0,9.71
22.95,96.45,1635.0,15.5
23.0,89.5,0.0,0.55
23.0,89.55,6.0,0.09
23.0,89.6,4.0,0.24
23.0,89.65,4.0,0.18
23.0,89.7,10.0,0.31
23.0,89.75,9.0,0.06
23.0,89.8,12.0,0.94
23.0,89.85,3.0,0.05
23.0,89.9,3.0,0.14
23.0,89.95,3.0,0.07
23.0,90.0,3.0,0.04
23.0,90.05,3.0,0.24
23.0,90.1,4.0,0.3
23.0,90.15,5.0,0.3
23.0,90.2,10.0,0.41
23.0,90.25,4.0,0.34
23.0,90.3,7.0,0.39
23.0,90.35,7.0,0.15
23.0,90.4,5.0,0.87
23.0,90.45,1.0,0.21
23.0,90.5,5.0,0.43
23.0,90.55,0.0,0.0
23.0,90.6,0.0,0.0
23.0,90.65,7.0,0.07
23.0,90.7,9.0,0.25
23.0,90.75,14.0,0.16
23.0,90.8,6.0,0.46
23.0,90.85,6.0,0.01
23.0,90.9,11.0,1.15
23.0,90.95,6.0,0.71
23.0,91.0,9.0,0.41
23.0,91.05,9.0,0.51
23.0,91.1,11.0,0.37
23.0,91.15,10.0,0.27
23.0,91.2,7.0,0.11
23.0,91.25,11.0,0.33
23.0,91.3,10.0,0.57
23.0,91.35,10.0,0.12
23.0,91.4,8.0,0.31
23.0,91.45,7.0,0.86
23.0,91.5,11.0,0.1
23.0,91.55,18.0,0.54
23.0,91.6,80.0,6.5
23.0,91.65,14.0,3.5
23.0,91.7,30.0,0.41
23.0,91.75,37.0,2.59
23.0,91.8,65.0,1.92
23.0,91.85,47.0,1.01
23.0,91.9,63.0,0.41
23.0,91.95,189.0,4.74
23.0,92.0,58.0,2.86
23.0,92.05,57.0,0.91
23.0,92.1,271.0,6.79
23.0,92.15,52.0,0.92
23.0,92.2,31.0,0.85
23.0,92.25,36.0,0.11
23.0,92.3,107.0,9.58
23.0,92.35,89.0,0.36
23.0,92.4,50.0,1.15
23.0,92.45,105.0,6.53
23.0,92.5,98.0,5.8
23.0,92.55,443.0,13.47
23.0,92.6,109.0,4.76
23.0,92.65,443.0,21.01
23.0,92.7,757.0,13.37
23.0,92.75,620.0,17.55
23.0,92.8,1068.0,17.38
23.0,92.85,706.0,21.42
23.0,92.9,619.0,23.04
23.0,92.95,342.0,39.33
23.0,93.0,1070.0,19.86
23.0,93.05,613.0,13.98
23.0,93.1,1055.0,10.74
23.0,93.15,768.0,31.95
23.0,93.2,1036.0,24.5
23.0,93.25,794.0,29.24
23.0,93.3,672.0,16.73
23.0,93.35,936.0,26.45
23.0,93.4,911.0,14.47
23.0,93.45,908.0,4.6
23.0,93.5,1949.0,16.64
23.0,93.55,1743.0,21.99
23.0,93.6,1050.0,23.33
23.0,93.65,531.0,28.51
23.0,93.7,1252.0,28.99
23.0,93.75,1411.0,22.28
23.0,93.8,1568.0,29.11
23.0,93.85,1332.0,24.42
23.0,93.9,854.0,20.03
23.0,93.95,764.0,22.45
23.0,94.0,204.0,23.02
23.0,94.05,120.0,0.23
23.0,94.1,126.0,0.77
23.0,94.15,407.0,9.8
23.0,94.2,682.0,18.73
23.0,94.25,849.0,9.18
23.0,94.3,132.0,0.75
23.0,94.35,157.0,2.94
23.0,94.4,105.0,0.68
23.0,94.45,143.0,3.01
23.0,94.5,249.0,0.36
23.0,94.55,196.0,1.76
23.0,94.6,230.0,1.55
23.0,94.65,113.0,4.69
23.0,94.7,184.0,3.57
23.0,94.75,188.0,3.22
23.0,94.8,260.0,3.09
23.0,94.85,261.0,2.43
23.0,94.9,272.0,4.67
23.0,94.95,318.0,0.85
23.0,95.0,292.0,0.35
23.0,95.05,269.0,1.68
23.0,95.1,262.0,1.87
23.0,95.15,200.0,2.32
23.0,95.2,183.0,0.53
23.0,95.25,168.0,0.47
23.0,95.3,152.0,0.3
23.0,95.35,134.0,0.19
23.0,95.4,124.0,0.17
23.0,95.45,120.0,0.39
23.0,95.5,124.0,0.44
23.0,95.55,132.0,0.17
23.0,95.6,145.0,0.78
23.0,95.65,156.0,0.91
23.0,95.7,173.0,0.31
23.0,95.75,203.0,0.77
23.0,95.8,198.0,0.75
23.0,95.85,167.0,1.09
23.0,95.9,143.0,0.98
23.0,95.95,176.0,3.21
23.0,96.0,144.0,2.45
23.0,96.05,171.0,2.11
23.0,96.1,363.0,3.22
23.0,96.15,679.0,20.83
23.0,96.2,984.0,10.49
23.0,96.25,1247.0,11.13
23.0,96.3,1308.0,12.38
23.0,96.35,353.0,18.02
23.0,96.4,1046.0,23.02
23.0,96.45,1673.0,7.84
23.05,89.5,8.0,0.47
23.05,89.55,-4.0,0.08
23.05,89.6,7.0,0.63
23.05,89.65,5.0,0.7
23.05,89.7,5.0,0.15
23.05,89.75,11.0,0.13
23.05,89.8,5.0,0.27
23.05,89.85,8.0,0.33
23.05,89.9,5.0,0.13
23.05,89.95,3.0,0.07
23.05,90.0,3.0,0.16
23.05,90.05,3.0,0.5
23.05,90.1,4.0,0.14
23.05,90.15,4.0,0.06
23.05,90.2,7.0,0.08
23.05,90.25,6.0,0.26
23.05,90.3,6.0,0.03
23.05,90.35,12.0,0.16
23.05,90.4,6.0,0.57
23.05,90.45,4.0,0.03
23.05,90.5,4.0,0.59
23.05,90.55,2.0,0.22
23.05,90.6,0.0,0.0
23.05,90.65,5.0,0.63
23.05,90.7,6.0,0.34
23.05,90.75,9.0,0.07
23.05,90.8,11.0,0.86
23.05,90.85,8.0,0.57
23.05,90.9,13.0,0.5
23.05,90.95,9.0,0.29
23.05,91.0,15.0,0.53
23.05,91.05,8.0,0.51
23.05,91.1,9.0,0.17
23.05,91.15,9.0,0.31
23.05,91.2,7.0,0.53
23.05,91.25,7.0,0.08
23.05,91.3,5.0,0.19
23.05,91.35,8.0,0.58
23.05,91.4,12.0,0.45
23.05,91.45,2.0,0.31
23.05,91.5,8.0,0.11
23.05,91.55,25.0,0.52
23.05,91.6,101.0,0.46
23.05,91.65,37.0,1.71
23.05,91.7,37.0,1.01
23.05,91.75,48.0,1.61
23.05,91.8,69.0,1.62
23.05,91.85,42.0,0.68
23.05,91.9,71.0,0.79
23.05,91.95,194.0,6.56
23.05,92.0,47.0,1.72
23.05,92.05,90.0,3.84
23.05,92.1,124.0,12.47
23.05,92.15,44.0,1.4
23.05,92.2,36.0,1.51
23.05,92.25,37.0,0.21
23.05,92.3,70.0,5.24
23.05,92.35,90.0,2.63
23.05,92.4,57.0,0.67
23.05,92.45,268.0,6.98
23.05,92.5,85.0,5.47
23.05,92.55,258.0,18.82
23.05,92.6,198.0,14.26
23.05,92.65,167.0,3.72
23.05,92.7,636.0,25.55
23.05,92.75,574.0,7.95
23.05,92.8,869.0,2.44
23.05,92.85,792.0,27.67
23.05,92.9,861.0,15.78
23.05,92.95,856.0,8.3
23.05,93.0,798.0,25.22
23.05,93.05,1382.0,25.19
23.05,93.1,875.0,26.06
23.05,93.15,554.0,23.53
23.05,93.2,517.0,25.56
23.05,93.25,1134.0,16.17
23.05,93.3,1318.0,25.03
23.05,93.35,800.0,26.44
23.05,93.4,1262.0,21.51
23.05,93.45,782.0,17.08
23.05,93.5,1462.0,16.13
23.05,93.55,1545.0,10.23
23.05,93.6,939.0,9.63
23.05,93.65,528.0,36.57
23.05,93.7,1566.0,28.58
23.05,93.75,1213.0,6.8
23.05,93.8,2329.0,16.03
23.05,93.85,1249.0,26.65
23.05,93.9,966.0,17.98
23.05,93.95,1191.0,29.23
23.05,94.0,189.0,10.14
23.05,94.05,115.0,0.02
23.05,94.1,119.0,0.4
23.05,94.15,370.0,7.98
23.05,94.2,692.0,5.17
23.05,94.25,753.0,12.42
23.05,94.3,180.0,2.41
23.05,94.35,160.0,1.21
23.05,94.4,115.0,3.64
23.05,94.45,111.0,1.37
23.05,94.5,254.0,2.81
23.05,94.55,266.0,1.71
23.05,94.6,247.0,2.2
23.05,94.65,215.0,1.45
23.05,94.7,235.0,2.35
23.05,94.75,284.0,5.78
23.05,94.8,345.0,2.85
23.05,94.85,309.0,2.81
23.05,94.9,354.0,6.04
23.05,94.95,375.0,8.75
23.05,95.0,295.0,1.65
23.05,95.05,238.0,0.28
23.05,95.1,218.0,0.22
23.05,95.15,258.0,2.6
23.05,95.2,197.0,1.09
23.05,95.25,165.0,0.49
23.05,95.3,147.0,0.48
23.05,95.35,133.0,0.81
23.05,95.4,125.0,0.1
23.05,95.45,125.0,0.55
23.05,95.5,133.0,0.29
23.05,95.55,141.0,0.13
23.05,95.6,152.0,0.49
23.05,95.65,161.0,0.14
23.05,95.7,186.0,0.32
23.05,95.75,226.0,0.58
23.05,95.8,184.0,1.12
23.05,95.85,174.0,2.24
23.05,95.9,155.0,1.32
23.05,95.95,185.0,11.58
23.05,96.0,97.0,1.5
23.05,96.05,156.0,0.69
23.05,96.1,337.0,3.94
23.05,96.15,831.0,22.39
23.05,96.2,1051.0,22.23
23.05,96.25,891.0,17.9
23.05,96.3,606.0,17.62
23.05,96.35,461.0,30.34
23.05,96.4,475.0,9.97
23.05,96.45,1036.0,13.17
23.1,89.5,3.0,0.43
23.1,89.55,7.0,0.51
23.1,89.6,4.0,0.13
23.1,89.65,9.0,0.89
23.1,89.7,8.0,0.27
23.1,89.75,9.0,0.89
23.1,89.8,4.0,0.21
23.1,89.85,6.0,0.14
23.1,89.9,6.0,0.47
23.1,89.95,3.0,0.58
23.1,90.0,5.0,0.33
23.1,90.05,3.0,0.19
23.1,90.1,6.0,0.07
23.1,90.15,8.0,0.08
23.1,90.2,5.0,0.4
23.1,90.25,10.0,0.18
23.1,90.3,7.0,0.11
23.1,90.35,7.0,0.4
23.1,90.4,3.0,0.36
23.1,90.45,5.0,0.62
23.1,90.5,4.0,0.45
23.1,90.55,6.0,0.41
23.1,90.6,0.0,0.0
23.1,90.65,14.0,0.48
23.1,90.7,11.0,0.74
23.1,90.75,9.0,0.39
23.1,90.8,13.0,0.41
23.1,90.85,12.0,0.4
23.1,90.9,12.0,0.91
23.1,90.95,5.0,0.04
23.1,91.0,7.0,0.1
23.1,91.05,7.0,0.23
23.1,91.1,8.0,0.12
23.1,91.15,7.0,0.43
23.1,91.2,8.0,0.15
23.1,91.25,11.0,0.54
23.1,91.3,11.0,0.15
23.1,91.35,9.0,0.38
23.1,91.4,13.0,1.79
23.1,91.45,6.0,0.2
23.1,91.5,16.0,0.35
23.1,91.55,47.0,0.66
23.1,91.6,49.0,1.24
23.1,91.65,28.0,0.43
23.1,91.7,40.0,1.12
23.1,91.75,57.0,5.23
23.1,91.8,83.0,0.98
23.1,91.85,65.0,0.71
23.1,91.9,81.0,1.58
23.1,91.95,149.0,10.63
23.1,92.0,49.0,0.35
23.1,92.05,140.0,3.12
23.1,92.1,65.0,0.69
23.1,92.15,36.0,1.59
23.1,92.2,76.0,2.81
23.1,92.25,47.0,1.21
23.1,92.3,90.0,5.39
23.1,92.35,60.0,1.87
23.1,92.4,88.0,3.58
23.1,92.45,154.0,8.04
23.1,92.5,284.0,20.11
23.1,92.55,118.0,16.31
23.1,92.6,362.0,13.43
23.1,92.65,212.0,14.36
23.1,92.7,807.0,15.15
23.1,92.75,736.0,16.07
23.1,92.8,791.0,12.81
23.1,92.85,776.0,4.75
23.1,92.9,625.0,21.69
23.1,92.95,418.0,18.85
23.1,93.0,540.0,20.19
23.1,93.05,1287.0,6.94
23.1,93.1,956.0,14.28
23.1,93.15,949.0,22.42
23.1,93.2,1186.0,11.71
23.1,93.25,1245.0,24.51
23.1,93.3,1155.0,10.4
23.1,93.35,613.0,12.58
23.1,93.4,862.0,9.51
23.1,93.45,1424.0,31.02
23.1,93.5,1643.0,16.21
23.1,93.55,2231.0,32.24
23.1,93.6,1475.0,26.83
23.1,93.65,641.0,13.66
23.1,93.7,1878.0,19.33
23.1,93.75,1927.0,26.19
23.1,93.8,1197.0,19.97
23.1,93.85,1339.0,30.14
23.1,93.9,852.0,20.22
23.1,93.95,444.0,12.89
23.1,94.0,126.0,0.18
23.1,94.05,113.0,0.3
23.1,94.1,113.0,0.15
23.1,94.15,403.0,7.43
23.1,94.2,665.0,21.56
23.1,94.25,353.0,18.98
23.1,94.3,125.0,0.82
23.1,94.35,132.0,4.79
23.1,94.4,114.0,2.52
23.1,94.45,191.0,1.87
23.1,94.5,244.0,3.67
23.1,94.55,280.0,1.27
23.1,94.6,269.0,1.26
23.1,94.65,248.0,2.18
23.1,94.7,245.0,3.91
23.1,94.75,210.0,0.84
23.1,94.8,375.0,0.85
23.1,94.85,386.0,3.01
23.1,94.9,406.0,2.25
23.1,94.95,381.0,2.68
23.1,95.0,288.0,0.89
23.1,95.05,280.0,1.6
23.1,95.1,238.0,1.68
23.1,95.15,215.0,1.87
23.1,95.2,220.0,1.29
23.1,95.25,165.0,0.21
23.1,95.3,147.0,0.37
23.1,95.35,139.0,0.35
23.1,95.4,129.0,0.3
23.1,95.45,133.0,0.55
23.1,95.5,144.0,0.37
23.1,95.55,155.0,0.55
23.1,95.6,165.0,0.21
23.1,95.65,178.0,0.84
23.1,95.7,194.0,0.54
23.1,95.75,214.0,2.69
23.1,95.8,213.0,1.16
23.1,95.85,170.0,1.02
23.1,95.9,211.0,1.53
23.1,95.95,176.0,1.84
23.1,96.0,82.0,0.18
23.1,96.05,128.0,1.14
23.1,96.1,175.0,3.95
23.1,96.15,217.0,1.85
23.1,96.2,321.0,6.39
23.1,96.25,325.0,4.33
23.1,96.3,241.0,2.02
23.1,96.35,186.0,0.73
23.1,96.4,177.0,1.21
23.1,96.45,191.0,0.14
23.15,89.5,12.0,0.36
23.15,89.55,9.0,0.61
23.15,89.6,7.0,0.55
23.15,89.65,8.0,0.84
23.15,89.7,6.0,0.32
23.15,89.75,7.0,0.72
23.15,89.8,6.0,0.42
23.15,89.85,4.0,0.33
23.15,89.9,4.0,0.22
23.15,89.95,6.0,0.71
23.15,90.0,3.0,0.11
23.15,90.05,3.0,0.41
23.15,90.1,7.0,0.27
23.15,90.15,7.0,0.04
23.15,90.2,6.0,0.22
23.15,90.25,6.0,0.3
23.15,90.3,5.0,0.16
23.15,90.35,7.0,0.3
23.15,90.4,8.0,0.55
23.15,90.45,16.0,0.23
23.15,90.5,7.0,0.3
23.15,90.55,6.0,0.16
23.15,90.6,0.0,0.0
23.15,90.65,11.0,0.18
23.15,90.7,11.0,0.37
23.15,90.75,6.0,0.65
23.15,90.8,8.0,0.24
23.15,90.85,11.0,0.67
23.15,90.9,6.0,0.17
23.15,90.95,8.0,0.26
23.15,91.0,10.0,0.23
23.15,91.05,8.0,0.17
23.15,91.1,7.0,0.27
23.15,91.15,8.0,0.27
23.15,91.2,9.0,0.17
23.15,91.25,7.0,0.22
23.15,91.3,9.0,0.03
23.15,91.35,50.0,1.79
23.15,91.4,9.0,0.34
23.15,91.45,10.0,0.36
23.15,91.5,18.0,0.16
23.15,91.55,99.0,3.16
23.15,91.6,53.0,1.6
23.15,91.65,44.0,0.29
23.15,91.7,54.0,3.79
23.15,91.75,110.0,3.72
23.15,91.8,45.0,1.01
23.15,91.85,60.0,0.79
23.15,91.9,116.0,3.26
23.15,91.95,55.0,1.68
23.15,92.0,92.0,1.13
23.15,92.05,137.0,1.74
23.15,92.1,61.0,1.71
23.15,92.15,87.0,1.87
23.15,92.2,33.0,0.13
23.15,92.25,55.0,3.31
23.15,92.3,99.0,13.19
23.15,92.35,102.0,3.65
23.15,92.4,123.0,12.62
23.15,92.45,90.0,0.87
23.15,92.5,718.0,29.61
23.15,92.55,434.0,4.64
23.15,92.6,626.0,18.17
23.15,92.65,414.0,20.82
23.15,92.7,433.0,19.98
23.15,92.75,877.0,14.11
23.15,92.8,918.0,23.41
23.15,92.85,696.0,3.07
23.15,92.9,782.0,5.73
23.15,92.95,588.0,36.45
23.15,93.0,1033.0,20.8
23.15,93.05,1068.0,17.34
23.15,93.1,844.0,21.55
23.15,93.15,1044.0,15.75
23.15,93.2,958.0,17.28
23.15,93.25,1132.0,20.87
23.15,93.3,1714.0,19.77
23.15,93.35,924.0,16.15
23.15,93.4,743.0,8.59
23.15,93.45,1371.0,19.76
23.15,93.5,1902.0,22.4
23.15,93.55,1425.0,25.14
23.15,93.6,1095.0,27.74
23.15,93.65,762.0,28.61
23.15,93.7,1410.0,23.66
23.15,93.75,1958.0,20.41
23.15,93.8,1836.0,24.62
23.15,93.85,1095.0,22.11
23.15,93.9,511.0,18.95
23.15,93.95,275.0,13.23
23.15,94.0,151.0,0.51
23.15,94.05,121.0,0.14
23.15,94.1,113.0,0.16
23.15,94.15,309.0,11.78
23.15,94.2,481.0,8.85
23.15,94.25,290.0,27.58
23.15,94.3,119.0,4.91
23.15,94.35,129.0,2.01
23.15,94.4,156.0,1.21
23.15,94.45,167.0,2.77
23.15,94.5,319.0,3.92
23.15,94.55,312.0,5.45
23.15,94.6,325.0,1.16
23.15,94.65,312.0,2.46
23.15,94.7,360.0,2.66
23.15,94.75,356.0,1.74
23.15,94.8,257.0,1.27
23.15,94.85,337.0,2.16
23.15,94.9,405.0,2.78
23.15,94.95,409.0,2.09
23.15,95.0,316.0,0.56
23.15,95.05,274.0,1.4
23.15,95.1,249.0,0.53
23.15,95.15,200.0,2.35
23.15,95.2,194.0,1.72
23.15,95.25,166.0,0.49
23.15,95.3,149.0,0.24
23.15,95.35,134.0,0.13
23.15,95.4,133.0,0.94
23.15,95.45,160.0,0.8
23.15,95.5,157.0,0.43
23.15,95.55,171.0,0.31
23.15,95.6,175.0,0.63
23.15,95.65,209.0,0.41
23.15,95.7,224.0,1.62
23.15,95.75,246.0,0.84
23.15,95.8,226.0,0.46
23.15,95.85,216.0,1.54
23.15,95.9,188.0,3.1
23.15,95.95,126.0,2.49
23.15,96.0,84.0,0.54
23.15,96.05,109.0,0.11
23.15,96.1,139.0,0.72
23.15,96.15,419.0,15.25
23.15,96.2,250.0,0.81
23.15,96.25,222.0,2.67
23.15,96.3,197.0,1.1
23.15,96.35,202.0,1.21
23.15,96.4,171.0,1.07
23.15,96.45,161.0,0.29
23.2,89.5,8.0,0.42
23.2,89.55,5.0,0.35
23.2,89.6,10.0,0.94
23.2,89.65,4.0,0.41
23.2,89.7,6.0,0.34
23.2,89.75,8.0,0.45
23.2,89.8,4.0,0.03
23.2,89.85,6.0,0.39
23.2,89.9,3.0,0.11
23.2,89.95,5.0,0.1
23.2,90.0,3.0,0.14
23.2,90.05,5.0,0.54
23.2,90.1,4.0,0.16
23.2,90.15,5.0,0.15
23.2,90.2,5.0,0.43
23.2,90.25,5.0,0.4
23.2,90.3,6.0,0.51
23.2,90.35,9.0,0.27
23.2,90.4,11.0,0.09
23.2,90.45,10.0,1.03
23.2,90.5,9.0,0.56
23.2,90.55,10.0,0.28
23.2,90.6,8.0,0.86
23.2,90.65,10.0,0.4
23.2,90.7,7.0,0.8
23.2,90.75,8.0,0.49
23.2,90.8,14.0,0.29
23.2,90.85,9.0,0.41
23.2,90.9,8.0,0.36
23.2,90.95,10.0,0.41
23.2,91.0,10.0,0.37
23.2,91.05,9.0,0.42
23.2,91.1,8.0,0.32
23.2,91.15,11.0,0.36
23.2,91.2,9.0,0.04
23.2,91.25,9.0,0.24
23.2,91.3,9.0,0.55
23.2,91.35,38.0,1.27
23.2,91.4,12.0,0.31
23.2,91.45,9.0,0.3
23.2,91.5,41.0,1.33
23.2,91.55,71.0,2.76
23.2,91.6,30.0,0.64
23.2,91.65,55.0,2.05
23.2,91.7,91.0,2.83
23.2,91.75,161.0,5.07
23.2,91.8,37.0,1.95
23.2,91.85,111.0,1.83
23.2,91.9,85.0,1.82
23.2,91.95,72.0,0.64
23.2,92.0,115.0,1.0
23.2,92.05,86.0,5.79
23.2,92.1,40.0,1.37
23.2,92.15,115.0,8.3
23.2,92.2,38.0,1.21
23.2,92.25,98.0,5.06
23.2,92.3,86.0,1.98
23.2,92.35,171.0,15.21
23.2,92.4,82.0,2.38
23.2,92.45,198.0,6.59
23.2,92.5,455.0,17.71
23.2,92.55,647.0,15.92
23.2,92.6,578.0,9.54
23.2,92.65,451.0,22.38
23.2,92.7,297.0,11.6
23.2,92.75,499.0,11.83
23.2,92.8,822.0,13.95
23.2,92.85,572.0,5.86
23.2,92.9,887.0,5.14
23.2,92.95,517.0,21.07
23.2,93.0,815.0,15.16
23.2,93.05,900.0,18.19
23.2,93.1,1258.0,17.37
23.2,93.15,577.0,5.74
23.2,93.2,927.0,6.04
23.2,93.25,1600.0,18.29
23.2,93.3,1124.0,10.73
23.2,93.35,1365.0,37.6
23.2,93.4,877.0,15.81
23.2,93.45,1460.0,17.35
23.2,93.5,2194.0,12.52
23.2,93.55,1726.0,14.96
23.2,93.6,1092.0,25.1
23.2,93.65,1175.0,17.95
23.2,93.7,1624.0,29.64
23.2,93.75,1246.0,20.12
23.2,93.8,2164.0,16.72
23.2,93.85,945.0,27.1
23.2,93.9,752.0,22.72
23.2,93.95,397.0,15.8
23.2,94.0,164.0,0.94
23.2,94.05,126.0,0.58
23.2,94.1,109.0,0.29
23.2,94.15,277.0,8.74
23.2,94.2,134.0,7.89
23.2,94.25,100.0,0.6
23.2,94.3,115.0,2.4
23.2,94.35,133.0,2.93
23.2,94.4,173.0,4.76
23.2,94.45,198.0,2.36
23.2,94.5,299.0,1.07
23.2,94.55,369.0,0.87
23.2,94.6,316.0,3.06
23.2,94.65,376.0,1.49
23.2,94.7,435.0,2.3
23.2,94.75,490.0,3.03
23.2,94.8,402.0,2.2
23.2,94.85,344.0,2.83
23.2,94.9,420.0,1.93
23.2,94.95,323.0,1.87
23.2,95.0,271.0,1.0
23.2,95.05,267.0,0.68
23.2,95.1,233.0,0.99
23.2,95.15,243.0,1.25
23.2,95.2,204.0,1.2
23.2,95.25,188.0,2.08
23.2,95.3,157.0,0.89
23.2,95.35,142.0,0.85
23.2,95.4,156.0,1.61
23.2,95.45,166.0,0.69
23.2,95.5,167.0,0.59
23.2,95.55,172.0,0.81
23.2,95.6,185.0,0.62
23.2,95.65,217.0,1.33
23.2,95.7,261.0,2.1
23.2,95.75,302.0,4.83
23.2,95.8,219.0,0.32
23.2,95.85,179.0,1.12
23.2,95.9,172.0,3.27
23.2,95.95,148.0,3.24
23.2,96.0,85.0,0.21
23.2,96.05,100.0,0.52
23.2,96.1,149.0,1.04
23.2,96.15,274.0,10.73
23.2,96.2,359.0,0.47
23.2,96.25,235.0,0.67
23.2,96.3,214.0,1.68
23.2,96.35,208.0,0.48
23.2,96.4,183.0,0.33
23.2,96.45,155.0,0.21
23.25,89.5,8.0,0.7
23.25,89.55,10.0,0.1
23.25,89.6,6.0,0.17
23.25,89.65,6.0,0.21
23.25,89.7,7.0,0.87
23.25,89.75,10.0,0.79
23.25,89.8,7.0,0.17
23.25,89.85,4.0,0.24
23.25,89.9,4.0,0.22
23.25,89.95,4.0,0.11
23.25,90.0,4.0,0.34
23.25,90.05,7.0,0.21
23.25,90.1,6.0,0.23
23.25,90.15,6.0,0.29
23.25,90.2,5.0,0.12
23.25,90.25,3.0,0.53
23.25,90.3,7.0,0.81
23.25,90.35,6.0,0.16
23.25,90.4,5.0,0.62
23.25,90.45,8.0,0.7
23.25,90.5,11.0,0.41
23.25,90.55,9.0,0.27
23.25,90.6,7.0,0.34
23.25,90.65,0.0,0.0
23.25,90.7,9.0,0.27
23.25,90.75,11.0,0.68
23.25,90.8,8.0,0.37
23.25,90.85,12.0,0.17
23.25,90.9,9.0,0.32
23.25,90.95,8.0,0.29
23.25,91.0,9.0,0.47
23.25,91.05,9.0,0.06
23.25,91.1,11.0,0.51
23.25,91.15,8.0,0.66
23.25,91.2,11.0,0.66
23.25,91.25,7.0,0.3
23.25,91.3,11.0,0.66
23.25,91.35,33.0,1.61
23.25,91.4,20.0,0.45
23.25,91.45,19.0,0.32
23.25,91.5,31.0,3.33
23.25,91.55,41.0,3.47
23.25,91.6,41.0,0.65
23.25,91.65,46.0,0.53
23.25,91.7,64.0,3.44
23.25,91.75,116.0,4.54
23.25,91.8,51.0,1.08
23.25,91.85,129.0,1.58
23.25,91.9,76.0,1.59
23.25,91.95,72.0,0.71
23.25,92.0,221.0,1.37
23.25,92.05,58.0,1.1
23.25,92.1,79.0,6.7
23.25,92.15,52.0,2.92
23.25,92.2,71.0,0.56
23.25,92.25,96.0,3.39
23.25,92.3,63.0,0.39
23.25,92.35,192.0,5.69
23.25,92.4,76.0,2.16
23.25,92.45,321.0,14.15
23.25,92.5,335.0,6.99
23.25,92.55,1053.0,16.59
23.25,92.6,457.0,12.72
23.25,92.65,332.0,7.89
23.25,92.7,581.0,13.11
23.25,92.75,765.0,2.55
23.25,92.8,837.0,27.38
23.25,92.85,420.0,2.73
23.25,92.9,809.0,10.65
23.25,92.95,767.0,27.3
23.25,93.0,699.0,26.48
23.25,93.05,659.0,2.74
23.25,93.1,862.0,4.45
23.25,93.15,1176.0,12.47
23.25,93.2,629.0,10.58
23.25,93.25,1240.0,20.66
23.25,93.3,1428.0,23.69
23.25,93.35,1218.0,23.65
23.25,93.4,1223.0,19.53
23.25,93.45,1418.0,15.85
23.25,93.5,2030.0,19.16
23.25,93.55,1630.0,20.7
23.25,93.6,939.0,27.57
23.25,93.65,861.0,24.28
23.25,93.7,1104.0,16.09
23.25,93.75,1384.0,6.95
23.25,93.8,1634.0,21.98
23.25,93.85,679.0,5.84
23.25,93.9,606.0,21.92
23.25,93.95,500.0,8.87
23.25,94.0,144.0,0.44
23.25,94.05,118.0,0.78
23.25,94.1,109.0,0.12
23.25,94.15,144.0,4.2
23.25,94.2,153.0,1.84
23.25,94.25,282.0,2.85
23.25,94.3,111.0,6.42
23.25,94.35,116.0,5.94
23.25,94.4,155.0,1.1
23.25,94.45,242.0,4.91
23.25,94.5,306.0,1.2
23.25,94.55,442.0,1.78
23.25,94.6,400.0,1.92
23.25,94.65,362.0,2.18
23.25,94.7,426.0,1.02
23.25,94.75,512.0,1.01
23.25,94.8,493.0,1.21
23.25,94.85,408.0,2.35
23.25,94.9,497.0,2.38
23.25,94.95,398.0,9.45
23.25,95.0,293.0,8.12
23.25,95.05,224.0,0.84
23.25,95.1,232.0,1.6
23.25,95.15,200.0,2.24
23.25,95.2,169.0,0.89
23.25,95.25,159.0,0.48
23.25,95.3,149.0,0.17
23.25,95.35,142.0,0.0
23.25,95.4,154.0,0.29
23.25,95.45,162.0,0.64
23.25,95.5,165.0,1.3
23.25,95.55,179.0,0.8
23.25,95.6,199.0,0.53
23.25,95.65,234.0,1.19
23.25,95.7,274.0,2.76
23.25,95.75,377.0,10.82
23.25,95.8,221.0,1.33
23.25,95.85,209.0,0.43
23.25,95.9,189.0,1.85
23.25,95.95,263.0,4.59
23.25,96.0,99.0,0.45
23.25,96.05,103.0,0.53
23.25,96.1,188.0,3.37
23.25,96.15,338.0,8.0
23.25,96.2,457.0,6.8
23.25,96.25,269.0,2.33
23.25,96.3,232.0,1.68
23.25,96.35,216.0,0.68
23.25,96.4,201.0,2.21
23.25,96.45,191.0,2.21
23.3,89.5,9.0,0.43
23.3,89.55,7.0,0.1
23.3,89.6,8.0,0.48
23.3,89.65,6.0,0.28
23.3,89.7,8.0,0.21
23.3,89.75,8.0,0.39
23.3,89.8,6.0,0.48
23.3,89.85,6.0,0.43
23.3,89.9,7.0,0.18
23.3,89.95,5.0,0.16
23.3,90.0,6.0,0.61
23.3,90.05,5.0,0.28
23.3,90.1,10.0,0.25
23.3,90.15,5.0,0.17
23.3,90.2,6.0,0.09
23.3,90.25,7.0,0.44
23.3,90.3,9.0,0.34
23.3,90.35,8.0,0.14
23.3,90.4,10.0,0.59
23.3,90.45,8.0,0.14
23.3,90.5,6.0,0.13
23.3,90.55,0.0,0.0
23.3,90.6,0.0,0.06
23.3,90.65,0.0,0.0
23.3,90.7,8.0,1.01
23.3,90.75,10.0,0.38
23.3,90.8,7.0,0.54
23.3,90.85,6.0,0.2
23.3,90.9,9.0,0.48
23.3,90.95,10.0,0.37
23.3,91.0,10.0,0.73
23.3,91.05,8.0,0.42
23.3,91.1,11.0,0.54
23.3,91.15,14.0,0.94
23.3,91.2,15.0,0.21
23.3,91.25,9.0,0.1
23.3,91.3,15.0,0.33
23.3,91.35,47.0,1.59
23.3,91.4,39.0,0.33
23.3,91.45,26.0,0.18
23.3,91.5,38.0,1.81
23.3,91.55,24.0,0.11
23.3,91.6,54.0,1.26
23.3,91.65,99.0,1.36
23.3,91.7,94.0,3.05
23.3,91.75,61.0,0.67
23.3,91.8,61.0,0.85
23.3,91.85,129.0,1.23
23.3,91.9,64.0,1.19
23.3,91.95,89.0,0.95
23.3,92.0,183.0,12.28
23.3,92.05,50.0,0.79
23.3,92.1,154.0,9.45
23.3,92.15,70.0,2.47
23.3,92.2,107.0,5.54
23.3,92.25,145.0,1.99
23.3,92.3,131.0,3.11
23.3,92.35,128.0,1.86
23.3,92.4,93.0,0.74
23.3,92.45,174.0,12.88
23.3,92.5,418.0,23.18
23.3,92.55,800.0,32.69
23.3,92.6,443.0,15.82
23.3,92.65,676.0,7.88
23.3,92.7,315.0,5.65
23.3,92.75,768.0,2.8
23.3,92.8,815.0,15.62
23.3,92.85,1116.0,22.99
23.3,92.9,614.0,29.13
23.3,92.95,799.0,17.67
23.3,93.0,765.0,24.26
23.3,93.05,1086.0,25.68
23.3,93.1,1105.0,18.76
23.3,93.15,1000.0,25.6
23.3,93.2,646.0,23.76
23.3,93.25,722.0,18.49
23.3,93.3,1566.0,14.39
23.3,93.35,1041.0,14.07
23.3,93.4,911.0,17.57
23.3,93.45,1482.0,18.99
23.3,93.5,1948.0,23.08
23.3,93.55,1654.0,25.15
23.3,93.6,889.0,26.17
23.3,93.65,1443.0,5.78
23.3,93.7,1332.0,20.82
23.3,93.75,1906.0,23.52
23.3,93.8,1270.0,29.32
23.3,93.85,1570.0,22.31
23.3,93.9,631.0,17.61
23.3,93.95,1057.0,19.1
23.3,94.0,135.0,0.98
23.3,94.05,116.0,0.32
23.3,94.1,123.0,0.76
23.3,94.15,212.0,10.78
23.3,94.2,392.0,16.89
23.3,94.25,503.0,23.08
23.3,94.3,239.0,9.79
23.3,94.35,119.0,7.68
23.3,94.4,111.0,0.59
23.3,94.45,189.0,1.49
23.3,94.5,280.0,4.79
23.3,94.55,361.0,2.43
23.3,94.6,490.0,1.72
23.3,94.65,427.0,1.89
23.3,94.7,431.0,5.87
23.3,94.75,470.0,1.51
23.3,94.8,553.0,3.05
23.3,94.85,500.0,3.23
23.3,94.9,431.0,2.16
23.3,94.95,354.0,3.8
23.3,95.0,356.0,4.83
23.3,95.05,242.0,2.08
23.3,95.1,242.0,1.77
23.3,95.15,220.0,0.44
23.3,95.2,204.0,1.75
23.3,95.25,189.0,0.76
23.3,95.3,172.0,2.17
23.3,95.35,143.0,0.34
23.3,95.4,165.0,0.27
23.3,95.45,164.0,0.49
23.3,95.5,161.0,0.49
23.3,95.55,178.0,0.96
23.3,95.6,197.0,0.96
23.3,95.65,214.0,1.3
23.3,95.7,241.0,1.43
23.3,95.75,253.0,0.9
23.3,95.8,251.0,4.08
23.3,95.85,216.0,0.93
23.3,95.9,224.0,0.98
23.3,95.95,273.0,4.62
23.3,96.0,98.0,0.98
23.3,96.05,115.0,0.89
23.3,96.1,162.0,0.89
23.3,96.15,378.0,8.03
23.3,96.2,478.0,9.28
23.3,96.25,296.0,5.65
23.3,96.3,207.0,0.54
23.3,96.35,203.0,0.23
23.3,96.4,172.0,0.98
23.3,96.45,159.0,0.83
23.35,89.5,8.0,0.1
23.35,89.55,7.0,0.21
23.35,89.6,5.0,0.63
23.35,89.65,8.0,0.55
23.35,89.7,6.0,0.3
23.35,89.75,6.0,0.43
23.35,89.8,12.0,0.17
23.35,89.85,11.0,0.45
23.35,89.9,7.0,0.23
23.35,89.95,11.0,1.06
23.35,90.0,6.0,0.73
23.35,90.05,8.0,0.29
23.35,90.1,7.0,0.11
23.35,90.15,8.0,0.22
23.35,90.2,10.0,0.1
23.35,90.25,10.0,0.52
23.35,90.3,7.0,0.45
23.35,90.35,8.0,0.35
23.35,90.4,5.0,0.56
23.35,90.45,0.0,0.0
23.35,90.5,0.0,0.11
23.35,90.55,6.0,0.25
23.35,90.6,0.0,0.0
23.35,90.65,4.0,0.17
23.35,90.7,6.0,0.39
23.35,90.75,5.0,0.23
23.35,90.8,6.0,0.86
23.35,90.85,7.0,0.26
23.35,90.9,10.0,0.24
23.35,90.95,5.0,0.74
23.35,91.0,10.0,0.31
23.35,91.05,7.0,0.26
23.35,91.1,11.0,0.37
23.35,91.15,10.0,0.12
23.35,91.2,10.0,0.23
23.35,91.25,12.0,0.28
23.35,91.3,21.0,0.63
23.35,91.35,51.0,1.18
23.35,91.4,55.0,0.16
23.35,91.45,65.0,0.53
23.35,91.5,37.0,0.16
23.35,91.55,39.0,0.71
23.35,91.6,43.0,2.09
23.35,91.65,123.0,2.15
23.35,91.7,107.0,0.68
23.35,91.75,64.0,0.39
23.35,91.8,112.0,3.08
23.35,91.85,124.0,5.06
23.35,91.9,75.0,0.8
23.35,91.95,104.0,1.87
23.35,92.0,100.0,2.85
23.35,92.05,66.0,2.16
23.35,92.1,110.0,3.97
23.35,92.15,54.0,2.08
23.35,92.2,67.0,2.93
23.35,92.25,184.0,1.75
23.35,92.3,117.0,4.56
23.35,92.35,86.0,2.03
23.35,92.4,89.0,3.18
23.35,92.45,307.0,19.77
23.35,92.5,461.0,19.15
23.35,92.55,560.0,19.63
23.35,92.6,606.0,17.07
23.35,92.65,587.0,21.09
23.35,92.7,433.0,15.87
23.35,92.75,594.0,14.6
23.35,92.8,1299.0,16.37
23.35,92.85,806.0,9.53
23.35,92.9,909.0,9.58
23.35,92.95,823.0,14.53
23.35,93.0,997.0,20.45
23.35,93.05,863.0,8.23
23.35,93.1,1059.0,17.02
23.35,93.15,1001.0,18.34
23.35,93.2,1108.0,18.96
23.35,93.25,1282.0,17.64
23.35,93.3,1128.0,20.88
23.35,93.35,943.0,24.65
23.35,93.4,874.0,17.8
23.35,93.45,1156.0,10.48
23.35,93.5,1758.0,19.09
23.35,93.55,1149.0,19.54
23.35,93.6,894.0,18.48
23.35,93.65,1783.0,21.43
23.35,93.7,1313.0,26.74
23.35,93.75,1871.0,28.49
23.35,93.8,1380.0,33.19
23.35,93.85,907.0,10.01
23.35,93.9,1272.0,22.53
23.35,93.95,357.0,12.47
23.35,94.0,162.0,0.71
23.35,94.05,132.0,0.25
23.35,94.1,133.0,1.38
23.35,94.15,222.0,1.12
23.35,94.2,366.0,7.17
23.35,94.25,814.0,6.14
23.35,94.3,373.0,12.4
23.35,94.35,131.0,6.65
23.35,94.4,134.0,4.46
23.35,94.45,206.0,5.32
23.35,94.5,286.0,2.83
23.35,94.55,284.0,5.26
23.35,94.6,387.0,1.84
23.35,94.65,449.0,1.63
23.35,94.7,457.0,3.67
23.35,94.75,474.0,2.23
23.35,94.8,543.0,1.64
23.35,94.85,453.0,4.41
23.35,94.9,512.0,7.87
23.35,94.95,391.0,10.05
23.35,95.0,309.0,3.15
23.35,95.05,259.0,0.29
23.35,95.1,252.0,0.52
23.35,95.15,225.0,1.4
23.35,95.2,191.0,1.32
23.35,95.25,160.0,0.53
23.35,95.3,159.0,0.47
23.35,95.35,161.0,0.99
23.35,95.4,162.0,0.51
23.35,95.45,170.0,0.7
23.35,95.5,182.0,0.64
23.35,95.55,177.0,0.5
23.35,95.6,201.0,0.56
23.35,95.65,214.0,2.08
23.35,95.7,209.0,1.61
23.35,95.75,268.0,1.89
23.35,95.8,236.0,2.94
23.35,95.85,243.0,1.36
23.35,95.9,339.0,6.09
23.35,95.95,262.0,5.75
23.35,96.0,80.0,0.71
23.35,96.05,141.0,3.57
23.35,96.1,535.0,18.63
23.35,96.15,634.0,5.67
23.35,96.2,396.0,5.67
23.35,96.25,306.0,4.98
23.35,96.3,212.0,0.44
23.35,96.35,199.0,2.3
23.35,96.4,171.0,1.42
23.35,96.45,180.0,1.4
23.4,89.5,18.0,0.55
23.4,89.55,9.0,0.74
23.4,89.6,12.0,0.09
23.4,89.65,10.0,0.17
23.4,89.7,9.0,0.39
23.4,89.75,12.0,0.55
23.4,89.8,5.0,0.1
23.4,89.85,4.0,0.19
23.4,89.9,6.0,0.11
23.4,89.95,5.0,0.12
23.4,90.0,5.0,0.16
23.4,90.05,9.0,0.67
23.4,90.1,9.0,0.24
23.4,90.15,11.0,0.61
23.4,90.2,7.0,0.2
23.4,90.25,9.0,0.16
23.4,90.3,8.0,0.14
23.4,90.35,0.0,0.0
23.4,90.4,0.0,0.0
23.4,90.45,0.0,0.46
23.4,90.5,0.0,0.0
23.4,90.55,7.0,0.28
23.4,90.6,8.0,0.36
23.4,90.65,13.0,0.4
23.4,90.7,5.0,0.21
23.4,90.75,3.0,0.26
23.4,90.8,10.0,0.34
23.4,90.85,10.0,0.29
23.4,90.9,7.0,0.16
23.4,90.95,9.0,0.35
23.4,91.0,10.0,0.23
23.4,91.05,11.0,0.22
23.4,91.1,12.0,0.28
23.4,91.15,12.0,0.75
23.4,91.2,12.0,0.04
23.4,91.25,13.0,0.31
23.4,91.3,23.0,0.81
23.4,91.35,53.0,2.05
23.4,91.4,57.0,2.49
23.4,91.45,52.0,1.47
23.4,91.5,52.0,0.74
23.4,91.55,70.0,2.57
23.4,91.6,94.0,8.29
23.4,91.65,77.0,1.71
23.4,91.7,53.0,1.56
23.4,91.75,71.0,0.89
23.4,91.8,137.0,2.11
23.4,91.85,103.0,3.46
23.4,91.9,105.0,2.26
23.4,91.95,130.0,6.11
23.4,92.0,107.0,2.34
23.4,92.05,118.0,2.44
23.4,92.1,88.0,3.71
23.4,92.15,113.0,9.93
23.4,92.2,113.0,3.08
23.4,92.25,140.0,2.96
23.4,92.3,239.0,11.24
23.4,92.35,95.0,3.68
23.4,92.4,151.0,7.38
23.4,92.45,294.0,18.1
23.4,92.5,616.0,24.72
23.4,92.55,442.0,14.01
23.4,92.6,456.0,6.33
23.4,92.65,624.0,20.81
23.4,92.7,482.0,5.17
23.4,92.75,1253.0,16.17
23.4,92.8,1006.0,22.0
23.4,92.85,881.0,13.69
23.4,92.9,692.0,19.73
23.4,92.95,838.0,21.02
23.4,93.0,753.0,14.22
23.4,93.05,710.0,26.19
23.4,93.1,808.0,11.89
23.4,93.15,1048.0,8.06
23.4,93.2,1099.0,9.98
23.4,93.25,1319.0,27.21
23.4,93.3,1225.0,20.54
23.4,93.35,1241.0,13.75
23.4,93.4,957.0,20.23
23.4,93.45,993.0,11.46
23.4,93.5,1279.0,15.27
23.4,93.55,1775.0,24.79
23.4,93.6,900.0,12.55
23.4,93.65,1613.0,23.43
23.4,93.7,860.0,27.53
23.4,93.75,1804.0,30.77
23.4,93.8,1838.0,30.16
23.4,93.85,1085.0,24.94
23.4,93.9,768.0,23.09
23.4,93.95,295.0,16.33
23.4,94.0,186.0,0.62
23.4,94.05,125.0,0.13
23.4,94.1,134.0,1.3
23.4,94.15,205.0,2.73
23.4,94.2,314.0,3.58
23.4,94.25,590.0,13.83
23.4,94.3,550.0,26.91
23.4,94.35,122.0,2.75
23.4,94.4,170.0,2.88
23.4,94.45,181.0,0.71
23.4,94.5,215.0,6.51
23.4,94.55,363.0,2.57
23.4,94.6,314.0,1.25
23.4,94.65,387.0,1.08
23.4,94.7,349.0,2.35
23.4,94.75,366.0,1.1
23.4,94.8,439.0,0.89
23.4,94.85,385.0,2.57
23.4,94.9,501.0,6.63
23.4,94.95,441.0,3.87
23.4,95.0,358.0,7.57
23.4,95.05,274.0,0.49
23.4,95.1,248.0,0.98
23.4,95.15,213.0,1.25
23.4,95.2,193.0,3.52
23.4,95.25,180.0,1.22
23.4,95.3,161.0,1.49
23.4,95.35,150.0,1.01
23.4,95.4,156.0,0.31
23.4,95.45,161.0,0.17
23.4,95.5,174.0,0.34
23.4,95.55,201.0,0.87
23.4,95.6,198.0,0.49
23.4,95.65,220.0,0.64
23.4,95.7,238.0,0.76
23.4,95.75,362.0,10.69
23.4,95.8,274.0,0.77
23.4,95.85,271.0,1.43
23.4,95.9,399.0,2.38
23.4,95.95,314.0,2.2
23.4,96.0,80.0,0.0
23.4,96.05,126.0,1.71
23.4,96.1,209.0,4.29
23.4,96.15,400.0,12.54
23.4,96.2,377.0,14.17
23.4,96.25,291.0,6.78
23.4,96.3,208.0,0.48
23.4,96.35,223.0,3.56
23.4,96.4,184.0,0.81
23.4,96.45,208.0,2.29
23.45,89.5,11.0,0.07
23.45,89.55,14.0,0.38
23.45,89.6,16.0,0.7
23.45,89.65,10.0,0.37
23.45,89.7,16.0,0.37
23.45,89.75,11.0,0.43
23.45,89.8,9.0,0.5
23.45,89.85,7.0,0.24
23.45,89.9,6.0,0.96
23.45,89.95,5.0,0.35
23.45,90.0,8.0,0.62
23.45,90.05,6.0,0.19
23.45,90.1,1.0,0.98
23.45,90.15,1.0,0.0
23.45,90.2,1.0,0.0
23.45,90.25,1.0,0.0
23.45,90.3,2.0,0.29
23.45,90.35,0.0,0.14
23.45,90.4,7.0,0.39
23.45,90.45,6.0,0.17
23.45,90.5,8.0,0.36
23.45,90.55,8.0,1.11
23.45,90.6,6.0,0.46
23.45,90.65,3.0,0.34
23.45,90.7,6.0,0.44
23.45,90.75,5.0,0.27
23.45,90.8,7.0,0.31
23.45,90.85,6.0,0.09
23.45,90.9,8.0,0.49
23.45,90.95,10.0,0.16
23.45,91.0,8.0,0.47
23.45,91.05,11.0,0.49
23.45,91.1,14.0,0.11
23.45,91.15,10.0,0.63
23.45,91.2,15.0,0.22
23.45,91.25,17.0,0.53
23.45,91.3,45.0,1.24
23.45,91.35,66.0,1.35
23.45,91.4,37.0,1.69
23.45,91.45,42.0,2.24
23.45,91.5,42.0,0.48
23.45,91.55,70.0,0.55
23.45,91.6,68.0,1.62
23.45,91.65,75.0,0.25
23.45,91.7,55.0,1.22
23.45,91.75,67.0,1.39
23.45,91.8,182.0,7.11
23.45,91.85,104.0,0.63
23.45,91.9,94.0,0.78
23.45,91.95,144.0,4.89
23.45,92.0,68.0,7.93
23.45,92.05,109.0,1.3
23.45,92.1,109.0,1.46
23.45,92.15,283.0,4.1
23.45,92.2,129.0,3.78
23.45,92.25,202.0,2.25
23.45,92.3,150.0,7.81
23.45,92.35,128.0,5.25
23.45,92.4,169.0,3.43
23.45,92.45,177.0,4.85
23.45,92.5,544.0,26.15
23.45,92.55,329.0,19.79
23.45,92.6,900.0,9.91
23.45,92.65,359.0,10.74
23.45,92.7,335.0,6.53
23.45,92.75,1194.0,32.25
23.45,92.8,1033.0,14.72
23.45,92.85,942.0,14.4
23.45,92.9,801.0,15.62
23.45,92.95,1175.0,23.51
23.45,93.0,1341.0,15.01
23.45,93.05,1337.0,15.13
23.45,93.1,589.0,12.97
23.45,93.15,811.0,22.2
23.45,93.2,1230.0,27.06
23.45,93.25,1067.0,19.06
23.45,93.3,1354.0,10.62
23.45,93.35,1328.0,0.98
23.45,93.4,982.0,16.18
23.45,93.45,1124.0,8.89
23.45,93.5,1639.0,19.38
23.45,93.55,783.0,4.75
23.45,93.6,878.0,21.17
23.45,93.65,864.0,25.2
23.45,93.7,989.0,22.66
23.45,93.75,1828.0,19.5
23.45,93.8,1963.0,25.87
23.45,93.85,701.0,11.53
23.45,93.9,1043.0,23.58
23.45,93.95,428.0,14.76
23.45,94.0,662.0,17.75
23.45,94.05,132.0,0.28
23.45,94.1,139.0,0.19
23.45,94.15,286.0,6.69
23.45,94.2,376.0,2.79
23.45,94.25,612.0,13.33
23.45,94.3,198.0,9.85
23.45,94.35,128.0,2.59
23.45,94.4,146.0,1.49
23.45,94.45,152.0,2.5
23.45,94.5,258.0,4.16
23.45,94.55,320.0,5.65
23.45,94.6,318.0,3.5
23.45,94.65,351.0,1.92
23.45,94.7,306.0,4.03
23.45,94.75,369.0,0.4
23.45,94.8,405.0,5.08
23.45,94.85,425.0,5.54
23.45,94.9,408.0,0.58
23.45,94.95,402.0,4.02
23.45,95.0,340.0,7.37
23.45,95.05,314.0,6.86
23.45,95.1,237.0,1.46
23.45,95.15,203.0,0.19
23.45,95.2,195.0,2.53
23.45,95.25,191.0,1.34
23.45,95.3,186.0,0.87
23.45,95.35,178.0,3.01
23.45,95.4,164.0,0.76
23.45,95.45,169.0,0.51
23.45,95.5,179.0,0.43
23.45,95.55,182.0,0.43
23.45,95.6,191.0,0.1
23.45,95.65,217.0,0.65
23.45,95.7,223.0,0.38
23.45,95.75,285.0,4.11
23.45,95.8,273.0,2.28
23.45,95.85,265.0,1.17
23.45,95.9,323.0,4.76
23.45,95.95,392.0,10.45
23.45,96.0,80.0,0.08
23.45,96.05,98.0,0.67
23.45,96.1,114.0,0.92
23.45,96.15,137.0,1.28
23.45,96.2,152.0,1.22
23.45,96.25,152.0,0.66
23.45,96.3,228.0,0.98
23.45,96.35,194.0,1.29
23.45,96.4,197.0,1.14
23.45,96.45,176.0,2.58
23.5,89.5,9.0,1.31
23.5,89.55,11.0,0.58
23.5,89.6,9.0,0.2
23.5,89.65,9.0,0.2
23.5,89.7,12.0,0.18
23.5,89.75,10.0,0.28
23.5,89.8,3.0,0.0
23.5,89.85,9.0,0.62
23.5,89.9,8.0,0.56
23.5,89.95,8.0,0.17
23.5,90.0,10.0,0.13
23.5,90.05,12.0,0.46
23.5,90.1,1.0,0.0
23.5,90.15,1.0,0.0
23.5,90.2,1.0,0.0
23.5,90.25,4.0,0.4
23.5,90.3,8.0,0.4
23.5,90.35,6.0,0.36
23.5,90.4,4.0,0.23
23.5,90.45,7.0,0.43
23.5,90.5,4.0,0.31
23.5,90.55,7.0,0.19
23.5,90.6,3.0,1.12
23.5,90.65,7.0,0.6
23.5,90.7,3.0,0.53
23.5,90.75,7.0,0.3
23.5,90.8,9.0,0.22
23.5,90.85,8.0,0.2
23.5,90.9,11.0,0.44
23.5,90.95,10.0,0.68
23.5,91.0,8.0,0.71
23.5,91.05,11.0,0.18
23.5,91.1,11.0,0.77
23.5,91.15,9.0,0.4
23.5,91.2,16.0,0.26
23.5,91.25,24.0,0.05
23.5,91.3,20.0,0.19
23.5,91.35,43.0,1.26
23.5,91.4,18.0,0.07
23.5,91.45,33.0,1.09
23.5,91.5,40.0,0.78
23.5,91.55,81.0,0.45
23.5,91.6,119.0,3.98
23.5,91.65,65.0,1.75
23.5,91.7,64.0,1.99
23.5,91.75,66.0,3.85
23.5,91.8,116.0,1.51
23.5,91.85,92.0,1.67
23.5,91.9,113.0,1.61
23.5,91.95,130.0,3.96
23.5,92.0,90.0,0.85
23.5,92.05,120.0,2.07
23.5,92.1,100.0,1.46
23.5,92.15,124.0,0.94
23.5,92.2,106.0,0.54
23.5,92.25,237.0,6.37
23.5,92.3,187.0,6.49
23.5,92.35,113.0,11.59
23.5,92.4,382.0,19.97
23.5,92.45,288.0,13.06
23.5,92.5,702.0,24.18
23.5,92.55,478.0,22.8
23.5,92.6,565.0,23.31
23.5,92.65,536.0,8.25
23.5,92.7,826.0,27.83
23.5,92.75,942.0,15.51
23.5,92.8,382.0,16.51
23.5,92.85,811.0,13.49
23.5,92.9,965.0,10.6
23.5,92.95,1372.0,28.58
23.5,93.0,724.0,14.7
23.5,93.05,749.0,18.14
23.5,93.1,603.0,5.96
23.5,93.15,1047.0,19.76
23.5,93.2,1139.0,11.11
23.5,93.25,1176.0,24.08
23.5,93.3,1369.0,10.55
23.5,93.35,1331.0,11.9
23.5,93.4,843.0,4.02
23.5,93.45,1247.0,18.81
23.5,93.5,1387.0,14.29
23.5,93.55,1055.0,22.23
23.5,93.6,1140.0,19.32
23.5,93.65,1068.0,23.6
23.5,93.7,1391.0,30.88
23.5,93.75,1920.0,30.83
23.5,93.8,1979.0,26.84
23.5,93.85,1641.0,18.55
23.5,93.9,1070.0,12.99
23.5,93.95,1116.0,30.65
23.5,94.0,201.0,1.94
23.5,94.05,145.0,0.32
23.5,94.1,151.0,0.39
23.5,94.15,221.0,5.59
23.5,94.2,443.0,2.95
23.5,94.25,295.0,5.09
23.5,94.3,299.0,12.58
23.5,94.35,453.0,11.8
23.5,94.4,155.0,5.24
23.5,94.45,147.0,1.82
23.5,94.5,248.0,5.47
23.5,94.55,198.0,1.13
23.5,94.6,348.0,3.81
23.5,94.65,339.0,1.82
23.5,94.7,299.0,4.89
23.5,94.75,343.0,9.19
23.5,94.8,392.0,3.23
23.5,94.85,463.0,5.29
23.5,94.9,465.0,1.2
23.5,94.95,426.0,3.41
23.5,95.0,407.0,2.85
23.5,95.05,264.0,4.43
23.5,95.1,213.0,3.06
23.5,95.15,238.0,1.12
23.5,95.2,209.0,1.35
23.5,95.25,257.0,2.14
23.5,95.3,180.0,1.61
23.5,95.35,161.0,0.09
23.5,95.4,163.0,0.68
23.5,95.45,169.0,0.75
23.5,95.5,180.0,2.51
23.5,95.55,198.0,0.06
23.5,95.6,196.0,0.12
23.5,95.65,251.0,6.69
23.5,95.7,211.0,0.6
23.5,95.75,236.0,7.08
23.5,95.8,236.0,3.16
23.5,95.85,275.0,1.36
23.5,95.9,316.0,2.42
23.5,95.95,393.0,0.19
23.5,96.0,80.0,4.39
23.5,96.05,85.0,0.1
23.5,96.1,108.0,0.25
23.5,96.15,155.0,2.39
23.5,96.2,122.0,0.61
23.5,96.25,130.0,0.4
23.5,96.3,255.0,5.0
23.5,96.35,256.0,4.26
23.5,96.4,192.0,0.9
23.5,96.45,163.0,0.81
23.55,89.5,13.0,2.12
23.55,89.55,10.0,0.43
23.55,89.6,11.0,0.24
23.55,89.65,8.0,0.28
23.55,89.7,11.0,0.28
23.55,89.75,10.0,0.46
23.55,89.8,9.0,0.32
23.55,89.85,8.0,0.97
23.55,89.9,13.0,0.29
23.55,89.95,7.0,0.26
23.55,90.0,11.0,0.14
23.55,90.05,1.0,0.0
23.55,90.1,1.0,0.0
23.55,90.15,1.0,0.06
23.55,90.2,6.0,0.22
23.55,90.25,5.0,0.68
23.55,90.3,12.0,0.57
23.55,90.35,6.0,0.53
23.55,90.4,5.0,0.24
23.55,90.45,4.0,0.25
23.55,90.5,11.0,0.09
23.55,90.55,5.0,0.26
23.55,90.6,6.0,0.85
23.55,90.65,7.0,0.38
23.55,90.7,5.0,0.6
23.55,90.75,5.0,0.5
23.55,90.8,9.0,0.19
23.55,90.85,7.0,0.11
23.55,90.9,13.0,0.31
23.55,90.95,8.0,0.18
23.55,91.0,10.0,0.74
23.55,91.05,13.0,0.53
23.55,91.1,11.0,0.25
23.55,91.15,13.0,0.5
23.55,91.2,24.0,0.16
23.55,91.25,64.0,1.11
23.55,91.3,27.0,1.88
23.55,91.35,26.0,0.9
23.55,91.4,25.0,0.56
23.55,91.45,29.0,1.39
23.55,91.5,45.0,1.23
23.55,91.55,66.0,2.99
23.55,91.6,140.0,1.39
23.55,91.65,32.0,0.93
23.55,91.7,92.0,2.01
23.55,91.75,187.0,9.48
23.55,91.8,108.0,1.58
23.55,91.85,118.0,2.27
23.55,91.9,127.0,1.3
23.55,91.95,222.0,5.54
23.55,92.0,100.0,1.91
23.55,92.05,156.0,11.76
23.55,92.1,132.0,2.16
23.55,92.15,97.0,3.48
23.55,92.2,146.0,4.84
23.55,92.25,365.0,19.95
23.55,92.3,132.0,1.15
23.55,92.35,361.0,22.22
23.55,92.4,278.0,12.1
23.55,92.45,404.0,7.67
23.55,92.5,685.0,26.81
23.55,92.55,451.0,16.64
23.55,92.6,685.0,15.66
23.55,92.65,353.0,7.69
23.55,92.7,623.0,26.54
23.55,92.75,416.0,3.47
23.55,92.8,338.0,19.55
23.55,92.85,968.0,32.18
23.55,92.9,589.0,7.16
23.55,92.95,1686.0,21.23
23.55,93.0,643.0,2.53
23.55,93.05,706.0,14.03
23.55,93.1,636.0,11.04
23.55,93.15,999.0,19.38
23.55,93.2,1212.0,15.61
23.55,93.25,1618.0,32.96
23.55,93.3,1497.0,15.08
23.55,93.35,1531.0,16.71
23.55,93.4,1155.0,16.69
23.55,93.45,1343.0,21.67
23.55,93.5,1268.0,5.67
23.55,93.55,1422.0,19.26
23.55,93.6,1705.0,19.83
23.55,93.65,874.0,19.95
23.55,93.7,1040.0,31.64
23.55,93.75,1351.0,28.15
23.55,93.8,1803.0,10.87
23.55,93.85,1220.0,31.45
23.55,93.9,952.0,16.05
23.55,93.95,580.0,20.62
23.55,94.0,253.0,2.99
23.55,94.05,185.0,1.47
23.55,94.1,245.0,4.26
23.55,94.15,200.0,2.15
23.55,94.2,435.0,6.0
23.55,94.25,403.0,2.49
23.55,94.3,460.0,6.42
23.55,94.35,297.0,6.59
23.55,94.4,318.0,7.09
23.55,94.45,119.0,4.46
23.55,94.5,143.0,1.81
23.55,94.55,163.0,4.76
23.55,94.6,257.0,8.2
23.55,94.65,343.0,1.09
23.55,94.7,411.0,2.27
23.55,94.75,376.0,4.81
23.55,94.8,404.0,3.61
23.55,94.85,405.0,6.21
23.55,94.9,465.0,7.13
23.55,94.95,598.0,3.07
23.55,95.0,351.0,4.3
23.55,95.05,262.0,1.15
23.55,95.1,261.0,1.0
23.55,95.15,240.0,2.16
23.55,95.2,236.0,1.04
23.55,95.25,254.0,2.3
23.55,95.3,198.0,1.42
23.55,95.35,180.0,1.76
23.55,95.4,164.0,0.95
23.55,95.45,197.0,2.09
23.55,95.5,184.0,1.27
23.55,95.55,203.0,1.36
23.55,95.6,194.0,0.66
23.55,95.65,209.0,1.37
23.55,95.7,199.0,0.57
23.55,95.75,206.0,0.55
23.55,95.8,237.0,1.98
23.55,95.85,228.0,0.29
23.55,95.9,298.0,4.21
23.55,95.95,367.0,11.65
23.55,96.0,111.0,4.28
23.55,96.05,86.0,0.1
23.55,96.1,104.0,1.15
23.55,96.15,515.0,19.02
23.55,96.2,197.0,3.5
23.55,96.25,151.0,0.62
23.55,96.3,142.0,0.28
23.55,96.35,188.0,2.18
23.55,96.4,213.0,1.91
23.55,96.45,163.0,0.51
23.6,89.5,8.0,0.55
23.6,89.55,9.0,0.08
23.6,89.6,14.0,0.94
23.6,89.65,7.0,0.5
23.6,89.7,12.0,0.11
23.6,89.75,14.0,0.77
23.6,89.8,11.0,0.53
23.6,89.85,15.0,0.99
23.6,89.9,10.0,0.2
23.6,89.95,1.0,0.0
23.6,90.0,1.0,0.0
23.6,90.05,1.0,0.0
23.6,90.1,7.0,0.11
23.6,90.15,10.0,0.26
23.6,90.2,6.0,0.13
23.6,90.25,4.0,0.41
23.6,90.3,5.0,0.47
23.6,90.35,7.0,0.11
23.6,90.4,4.0,0.1
23.6,90.45,7.0,0.35
23.6,90.5,9.0,0.45
23.6,90.55,7.0,0.07
23.6,90.6,0.0,0.0
23.6,90.65,5.0,0.12
23.6,90.7,6.0,0.32
23.6,90.75,7.0,0.45
23.6,90.8,8.0,0.07
23.6,90.85,10.0,0.1
23.6,90.9,7.0,0.54
23.6,90.95,11.0,0.23
23.6,91.0,14.0,0.26
23.6,91.05,8.0,0.21
23.6,91.1,6.0,0.46
23.6,91.15,11.0,0.82
23.6,91.2,51.0,1.94
23.6,91.25,34.0,1.02
23.6,91.3,24.0,1.67
23.6,91.35,49.0,1.67
23.6,91.4,42.0,1.06
23.6,91.45,55.0,1.45
23.6,91.5,72.0,2.15
23.6,91.55,59.0,2.96
23.6,91.6,191.0,3.5
23.6,91.65,66.0,2.59
23.6,91.7,95.0,2.05
23.6,91.75,175.0,8.05
23.6,91.8,103.0,1.41
23.6,91.85,123.0,1.82
23.6,91.9,162.0,5.42
23.6,91.95,293.0,4.85
23.6,92.0,125.0,6.53
23.6,92.05,175.0,1.6
23.6,92.1,332.0,11.06
23.6,92.15,145.0,1.23
23.6,92.2,187.0,7.66
23.6,92.25,492.0,20.38
23.6,92.3,117.0,5.78
23.6,92.35,616.0,10.39
23.6,92.4,454.0,22.6
23.6,92.45,684.0,7.33
23.6,92.5,404.0,1.15
23.6,92.55,494.0,22.19
23.6,92.6,1012.0,18.26
23.6,92.65,443.0,26.58
23.6,92.7,529.0,22.19
23.6,92.75,611.0,18.59
23.6,92.8,309.0,4.28
23.6,92.85,1264.0,10.84
23.6,92.9,430.0,19.6
23.6,92.95,1489.0,4.57
23.6,93.0,918.0,19.84
23.6,93.05,679.0,13.71
23.6,93.1,900.0,16.47
23.6,93.15,841.0,18.75
23.6,93.2,981.0,15.08
23.6,93.25,1130.0,11.85
23.6,93.3,1541.0,8.78
23.6,93.35,1418.0,26.26
23.6,93.4,1403.0,22.93
23.6,93.45,1333.0,13.63
23.6,93.5,1328.0,9.14
23.6,93.55,1969.0,19.14
23.6,93.6,912.0,26.24
23.6,93.65,756.0,13.27
23.6,93.7,1606.0,14.1
23.6,93.75,1390.0,25.47
23.6,93.8,1993.0,33.7
23.6,93.85,1401.0,25.61
23.6,93.9,1180.0,13.49
23.6,93.95,498.0,16.64
23.6,94.0,845.0,6.68
23.6,94.05,652.0,14.21
23.6,94.1,406.0,14.47
23.6,94.15,230.0,3.03
23.6,94.2,309.0,7.37
23.6,94.25,500.0,7.27
23.6,94.3,312.0,5.67
23.6,94.35,229.0,12.17
23.6,94.4,295.0,6.51
23.6,94.45,135.0,2.9
23.6,94.5,133.0,0.72
23.6,94.55,149.0,1.32
23.6,94.6,176.0,0.59
23.6,94.65,229.0,4.8
23.6,94.7,330.0,6.86
23.6,94.75,348.0,1.57
23.6,94.8,343.0,3.52
23.6,94.85,350.0,2.24
23.6,94.9,467.0,7.49
23.6,94.95,575.0,4.25
23.6,95.0,383.0,3.07
23.6,95.05,371.0,11.26
23.6,95.1,243.0,0.25
23.6,95.15,252.0,0.96
23.6,95.2,209.0,1.36
23.6,95.25,239.0,0.66
23.6,95.3,201.0,1.41
23.6,95.35,203.0,0.25
23.6,95.4,192.0,0.24
23.6,95.45,185.0,0.91
23.6,95.5,177.0,0.34
23.6,95.55,184.0,1.27
23.6,95.6,197.0,1.26
23.6,95.65,186.0,0.21
23.6,95.7,215.0,6.89
23.6,95.75,208.0,1.61
23.6,95.8,233.0,2.25
23.6,95.85,269.0,1.21
23.6,95.9,287.0,7.41
23.6,95.95,458.0,9.91
23.6,96.0,230.0,13.68
23.6,96.05,81.0,0.42
23.6,96.1,121.0,18.15
23.6,96.15,366.0,15.31
23.6,96.2,261.0,1.7
23.6,96.25,220.0,4.06
23.6,96.3,226.0,2.7
23.6,96.35,187.0,0.73
23.6,96.4,269.0,5.19
23.6,96.45,185.0,1.5
23.65,89.5,11.0,0.5
23.65,89.55,10.0,0.24
23.65,89.6,14.0,0.15
23.65,89.65,8.0,0.06
23.65,89.7,16.0,0.42
23.65,89.75,14.0,0.9
23.65,89.8,11.0,0.06
23.65,89.85,11.0,0.03
23.65,89.9,2.0,0.46
23.65,89.95,1.0,0.0
23.65,90.0,1.0,0.0
23.65,90.05,10.0,0.12
23.65,90.1,10.0,1.05
23.65,90.15,10.0,0.23
23.65,90.2,13.0,0.48
23.65,90.25,5.0,0.11
23.65,90.3,5.0,0.22
23.65,90.35,7.0,0.14
23.65,90.4,6.0,0.37
23.65,90.45,5.0,0.09
23.65,90.5,4.0,0.3
23.65,90.55,8.0,0.26
23.65,90.6,11.0,0.07
23.65,90.65,7.0,0.72
23.65,90.7,10.0,0.19
23.65,90.75,0.0,0.34
23.65,90.8,7.0,0.26
23.65,90.85,6.0,0.01
23.65,90.9,7.0,0.16
23.65,90.95,8.0,0.44
23.65,91.0,11.0,0.44
23.65,91.05,9.0,0.41
23.65,91.1,10.0,0.17
23.65,91.15,9.0,0.57
23.65,91.2,13.0,2.55
23.65,91.25,17.0,0.57
23.65,91.3,31.0,3.39
23.65,91.35,41.0,1.65
23.65,91.4,54.0,1.16
23.65,91.45,59.0,0.4
23.65,91.5,62.0,0.86
23.65,91.55,98.0,1.31
23.65,91.6,104.0,10.79
23.65,91.65,84.0,0.46
23.65,91.7,134.0,4.49
23.65,91.75,159.0,3.61
23.65,91.8,112.0,0.42
23.65,91.85,145.0,3.34
23.65,91.9,170.0,4.12
23.65,91.95,113.0,8.04
23.65,92.0,139.0,6.72
23.65,92.05,299.0,12.99
23.65,92.1,163.0,2.93
23.65,92.15,166.0,0.87
23.65,92.2,197.0,8.42
23.65,92.25,376.0,15.69
23.65,92.3,166.0,9.89
23.65,92.35,246.0,8.14
23.65,92.4,367.0,6.94
23.65,92.45,426.0,7.93
23.65,92.5,250.0,10.0
23.65,92.55,848.0,21.74
23.65,92.6,1010.0,17.47
23.65,92.65,720.0,20.15
23.65,92.7,902.0,22.75
23.65,92.75,753.0,5.55
23.65,92.8,557.0,10.75
23.65,92.85,778.0,25.81
23.65,92.9,367.0,9.2
23.65,92.95,829.0,13.32
23.65,93.0,981.0,29.36
23.65,93.05,1000.0,13.21
23.65,93.1,1024.0,21.37
23.65,93.15,1007.0,15.81
23.65,93.2,1305.0,22.38
23.65,93.25,1230.0,6.61
23.65,93.3,1817.0,8.28
23.65,93.35,1222.0,6.19
23.65,93.4,1103.0,7.52
23.65,93.45,1215.0,15.27
23.65,93.5,1094.0,12.61
23.65,93.55,1393.0,18.7
23.65,93.6,1666.0,13.11
23.65,93.65,722.0,27.56
23.65,93.7,759.0,19.7
23.65,93.75,1053.0,19.73
23.65,93.8,1505.0,29.06
23.65,93.85,1724.0,22.02
23.65,93.9,752.0,11.67
23.65,93.95,1226.0,30.13
23.65,94.0,834.0,26.34
23.65,94.05,649.0,16.87
23.65,94.1,379.0,12.6
23.65,94.15,199.0,2.09
23.65,94.2,237.0,4.33
23.65,94.25,566.0,8.91
23.65,94.3,430.0,10.01
23.65,94.35,318.0,5.35
23.65,94.4,118.0,1.0
23.65,94.45,120.0,1.51
23.65,94.5,172.0,2.39
23.65,94.55,232.0,2.72
23.65,94.6,312.0,3.01
23.65,94.65,242.0,2.98
23.65,94.7,243.0,3.74
23.65,94.75,356.0,9.77
23.65,94.8,405.0,1.19
23.65,94.85,347.0,5.47
23.65,94.9,442.0,4.76
23.65,94.95,415.0,6.36
23.65,95.0,382.0,2.98
23.65,95.05,463.0,4.35
23.65,95.1,230.0,1.85
23.65,95.15,225.0,1.86
23.65,95.2,235.0,1.5
23.65,95.25,182.0,4.32
23.65,95.3,188.0,3.0
23.65,95.35,186.0,1.49
23.65,95.4,198.0,1.11
23.65,95.45,170.0,0.46
23.65,95.5,177.0,1.92
23.65,95.55,197.0,0.35
23.65,95.6,182.0,1.07
23.65,95.65,187.0,0.76
23.65,95.7,213.0,0.81
23.65,95.75,206.0,1.54
23.65,95.8,199.0,0.12
23.65,95.85,277.0,12.28
23.65,95.9,307.0,8.51
23.65,95.95,571.0,5.32
23.65,96.0,268.0,10.79
23.65,96.05,87.0,0.21
23.65,96.1,90.0,0.2
23.65,96.15,99.0,0.58
23.65,96.2,140.0,8.5
23.65,96.25,178.0,3.74
23.65,96.3,235.0,5.16
23.65,96.35,216.0,2.02
23.65,96.4,183.0,0.57
23.65,96.45,190.0,1.85
23.7,89.5,10.0,0.27
23.7,89.55,9.0,0.24
23.7,89.6,11.0,0.08
23.7,89.65,12.0,0.65
23.7,89.7,17.0,0.21
23.7,89.75,13.0,0.28
23.7,89.8,10.0,0.4
23.7,89.85,1.0,0.0
23.7,89.9,1.0,0.0
23.7,89.95,1.0,0.13
23.7,90.0,1.0,0.0
23.7,90.05,9.0,0.12
23.7,90.1,6.0,0.73
23.7,90.15,7.0,0.06
23.7,90.2,7.0,0.6
23.7,90.25,4.0,0.35
23.7,90.3,7.0,0.24
23.7,90.35,6.0,0.29
23.7,90.4,10.0,0.21
23.7,90.45,9.0,0.22
23.7,90.5,9.0,0.73
23.7,90.55,11.0,0.24
23.7,90.6,7.0,0.57
23.7,90.65,6.0,0.99
23.7,90.7,5.0,0.07
23.7,90.75,0.0,0.69
23.7,90.8,7.0,0.28
23.7,90.85,6.0,0.3
23.7,90.9,8.0,0.46
23.7,90.95,7.0,0.11
23.7,91.0,10.0,0.46
23.7,91.05,10.0,0.37
23.7,91.1,6.0,0.37
23.7,91.15,12.0,0.75
23.7,91.2,32.0,1.14
23.7,91.25,29.0,0.1
23.7,91.3,37.0,1.54
23.7,91.35,35.0,1.58
23.7,91.4,31.0,0.88
23.7,91.45,42.0,2.16
23.7,91.5,81.0,2.15
23.7,91.55,138.0,4.47
23.7,91.6,93.0,1.55
23.7,91.65,66.0,2.08
23.7,91.7,143.0,1.55
23.7,91.75,200.0,13.22
23.7,91.8,132.0,1.82
23.7,91.85,179.0,2.73
23.7,91.9,138.0,1.69
23.7,91.95,184.0,1.44
23.7,92.0,210.0,9.83
23.7,92.05,192.0,15.32
23.7,92.1,266.0,8.56
23.7,92.15,133.0,6.44
23.7,92.2,302.0,12.78
23.7,92.25,298.0,9.5
23.7,92.3,169.0,10.15
23.7,92.35,533.0,21.28
23.7,92.4,767.0,10.09
23.7,92.45,246.0,2.94
23.7,92.5,560.0,28.65
23.7,92.55,683.0,25.09
23.7,92.6,996.0,30.41
23.7,92.65,619.0,7.36
23.7,92.7,793.0,21.9
23.7,92.75,439.0,4.41
23.7,92.8,273.0,12.16
23.7,92.85,583.0,23.71
23.7,92.9,337.0,17.73
23.7,92.95,863.0,14.44
23.7,93.0,1064.0,3.26
23.7,93.05,889.0,19.73
23.7,93.1,1179.0,20.99
23.7,93.15,1039.0,8.07
23.7,93.2,808.0,15.05
23.7,93.25,719.0,11.31
23.7,93.3,1304.0,13.6
23.7,93.35,1012.0,9.38
23.7,93.4,1094.0,4.07
23.7,93.45,1550.0,9.83
23.7,93.5,1341.0,27.07
23.7,93.55,1393.0,18.88
23.7,93.6,1301.0,31.61
23.7,93.65,1342.0,13.82
23.7,93.7,944.0,23.95
23.7,93.75,1652.0,27.03
23.7,93.8,2219.0,15.24
23.7,93.85,2004.0,27.62
23.7,93.9,1647.0,23.81
23.7,93.95,710.0,17.15
23.7,94.0,1124.0,25.33
23.7,94.05,1151.0,12.5
23.7,94.1,635.0,14.0
23.7,94.15,184.0,0.41
23.7,94.2,201.0,0.34
23.7,94.25,367.0,8.92
23.7,94.3,777.0,12.07
23.7,94.35,240.0,0.99
23.7,94.4,141.0,1.55
23.7,94.45,109.0,1.94
23.7,94.5,163.0,1.52
23.7,94.55,297.0,6.53
23.7,94.6,365.0,1.25
23.7,94.65,280.0,6.19
23.7,94.7,221.0,3.33
23.7,94.75,363.0,2.03
23.7,94.8,365.0,5.1
23.7,94.85,382.0,3.78
23.7,94.9,399.0,1.62
23.7,94.95,463.0,11.79
23.7,95.0,461.0,14.99
23.7,95.05,449.0,15.0
23.7,95.1,226.0,0.96
23.7,95.15,228.0,4.06
23.7,95.2,227.0,1.57
23.7,95.25,255.0,2.5
23.7,95.3,231.0,2.16
23.7,95.35,236.0,6.67
23.7,95.4,204.0,4.69
23.7,95.45,194.0,2.51
23.7,95.5,259.0,6.97
23.7,95.55,184.0,2.05
23.7,95.6,277.0,13.68
23.7,95.65,173.0,0.33
23.7,95.7,198.0,1.93
23.7,95.75,180.0,0.21
23.7,95.8,185.0,0.27
23.7,95.85,190.0,0.55
23.7,95.9,213.0,1.92
23.7,95.95,510.0,11.42
23.7,96.0,227.0,9.31
23.7,96.05,85.0,0.12
23.7,96.1,89.0,0.6
23.7,96.15,90.0,0.21
23.7,96.2,102.0,0.07
23.7,96.25,114.0,1.05
23.7,96.3,140.0,2.49
23.7,96.35,136.0,0.7
23.7,96.4,143.0,0.49
23.7,96.45,251.0,3.98
23.75,89.5,11.0,0.25
23.75,89.55,13.0,0.34
23.75,89.6,13.0,0.65
23.75,89.65,14.0,0.42
23.75,89.7,9.0,0.38
23.75,89.75,9.0,0.06
23.75,89.8,9.0,0.38
23.75,89.85,1.0,0.0
23.75,89.9,5.0,0.06
23.75,89.95,10.0,0.38
23.75,90.0,7.0,0.34
23.75,90.05,12.0,0.41
23.75,90.1,7.0,0.65
23.75,90.15,10.0,0.47
23.75,90.2,7.0,0.29
23.75,90.25,12.0,0.23
23.75,90.3,5.0,0.1
23.75,90.35,5.0,0.17
23.75,90.4,20.0,1.21
23.75,90.45,7.0,0.44
23.75,90.5,6.0,0.4
23.75,90.55,10.0,0.4
23.75,90.6,9.0,0.41
23.75,90.65,7.0,0.45
23.75,90.7,7.0,0.08
23.75,90.75,6.0,0.08
23.75,90.8,6.0,0.58
23.75,90.85,6.0,0.17
23.75,90.9,9.0,0.54
23.75,90.95,7.0,0.25
23.75,91.0,10.0,0.44
23.75,91.05,7.0,0.15
23.75,91.1,7.0,0.2
23.75,91.15,12.0,0.78
23.75,91.2,23.0,1.8
23.75,91.25,11.0,0.81
23.75,91.3,40.0,0.68
23.75,91.35,58.0,0.83
23.75,91.4,54.0,0.88
23.75,91.45,70.0,1.14
23.75,91.5,85.0,1.06
23.75,91.55,142.0,3.33
23.75,91.6,81.0,3.06
23.75,91.65,89.0,2.63
23.75,91.7,82.0,3.75
23.75,91.75,122.0,7.83
23.75,91.8,115.0,1.02
23.75,91.85,136.0,3.16
23.75,91.9,143.0,2.2
23.75,91.95,151.0,3.93
23.75,92.0,169.0,6.29
23.75,92.05,170.0,2.68
23.75,92.1,175.0,0.94
23.75,92.15,218.0,9.66
23.75,92.2,205.0,8.2
23.75,92.25,303.0,20.47
23.75,92.3,150.0,3.6
23.75,92.35,641.0,26.63
23.75,92.4,196.0,10.38
23.75,92.45,306.0,4.0
23.75,92.5,866.0,19.07
23.75,92.55,404.0,9.03
23.75,92.6,234.0,7.38
23.75,92.65,476.0,6.07
23.75,92.7,651.0,15.4
23.75,92.75,652.0,14.06
23.75,92.8,288.0,11.88
23.75,92.85,757.0,18.68
23.75,92.9,631.0,20.08
23.75,92.95,879.0,7.54
23.75,93.0,771.0,15.89
23.75,93.05,645.0,15.92
23.75,93.1,1432.0,8.36
23.75,93.15,859.0,8.05
23.75,93.2,522.0,6.06
23.75,93.25,1166.0,30.4
23.75,93.3,1413.0,25.31
23.75,93.35,861.0,25.44
23.75,93.4,1236.0,11.39
23.75,93.45,994.0,10.69
23.75,93.5,1408.0,22.35
23.75,93.55,1456.0,25.74
23.75,93.6,1273.0,18.42
23.75,93.65,1453.0,26.41
23.75,93.7,859.0,22.23
23.75,93.75,1142.0,13.46
23.75,93.8,1557.0,16.41
23.75,93.85,2026.0,30.17
23.75,93.9,1977.0,16.9
23.75,93.95,644.0,14.79
23.75,94.0,1171.0,17.33
23.75,94.05,705.0,18.31
23.75,94.1,642.0,5.7
23.75,94.15,178.0,1.08
23.75,94.2,160.0,1.36
23.75,94.25,246.0,4.92
23.75,94.3,393.0,9.31
23.75,94.35,242.0,8.34
23.75,94.4,128.0,1.79
23.75,94.45,113.0,2.02
23.75,94.5,136.0,4.38
23.75,94.55,223.0,2.94
23.75,94.6,233.0,3.27
23.75,94.65,358.0,1.91
23.75,94.7,273.0,0.56
23.75,94.75,319.0,1.07
23.75,94.8,373.0,5.39
23.75,94.85,370.0,1.25
23.75,94.9,490.0,2.94
23.75,94.95,503.0,7.13
23.75,95.0,529.0,3.24
23.75,95.05,311.0,1.64
23.75,95.1,301.0,10.02
23.75,95.15,266.0,1.12
23.75,95.2,250.0,1.27
23.75,95.25,245.0,0.35
23.75,95.3,237.0,2.67
23.75,95.35,285.0,2.67
23.75,95.4,236.0,2.64
23.75,95.45,239.0,4.78
23.75,95.5,218.0,0.61
23.75,95.55,356.0,2.81
23.75,95.6,241.0,1.27
23.75,95.65,176.0,0.49
23.75,95.7,179.0,0.16
23.75,95.75,186.0,0.69
23.75,95.8,190.0,0.28
23.75,95.85,260.0,5.46
23.75,95.9,199.0,0.7
23.75,95.95,240.0,2.59
23.75,96.0,228.0,11.4
23.75,96.05,90.0,0.33
23.75,96.1,88.0,0.46
23.75,96.15,95.0,3.4
23.75,96.2,88.0,0.32
23.75,96.25,101.0,0.85
23.75,96.3,115.0,0.52
23.75,96.35,108.0,0.84
23.75,96.4,134.0,1.03
23.75,96.45,162.0,2.15
23.8,89.5,12.0,0.09
23.8,89.55,1.0,0.0
23.8,89.6,1.0,0.0
23.8,89.65,1.0,0.0
23.8,89.7,6.0,0.67
23.8,89.75,1.0,0.0
23.8,89.8,8.0,0.78
23.8,89.85,18.0,0.31
23.8,89.9,10.0,0.78
23.8,89.95,10.0,0.37
23.8,90.0,11.0,0.5
23.8,90.05,14.0,0.28
23.8,90.1,8.0,0.58
23.8,90.15,8.0,0.28
23.8,90.2,9.0,0.13
23.8,90.25,6.0,0.06
23.8,90.3,6.0,0.22
23.8,90.35,25.0,1.13
23.8,90.4,15.0,0.09
23.8,90.45,4.0,0.33
23.8,90.5,7.0,0.6
23.8,90.55,13.0,0.78
23.8,90.6,8.0,0.1
23.8,90.65,13.0,0.54
23.8,90.7,8.0,0.53
23.8,90.75,8.0,0.9
23.8,90.8,8.0,0.76
23.8,90.85,10.0,0.3
23.8,90.9,6.0,0.19
23.8,90.95,7.0,0.33
23.8,91.0,9.0,0.23
23.8,91.05,7.0,0.12
23.8,91.1,12.0,0.26
23.8,91.15,6.0,0.43
23.8,91.2,10.0,0.7
23.8,91.25,12.0,0.35
23.8,91.3,36.0,0.43
23.8,91.35,62.0,1.29
23.8,91.4,29.0,0.31
23.8,91.45,44.0,2.04
23.8,91.5,55.0,1.03
23.8,91.55,173.0,4.59
23.8,91.6,75.0,0.64
23.8,91.65,66.0,0.93
23.8,91.7,118.0,1.09
23.8,91.75,157.0,8.66
23.8,91.8,117.0,1.66
23.8,91.85,114.0,1.62
23.8,91.9,102.0,3.64
23.8,91.95,223.0,8.65
23.8,92.0,124.0,1.87
23.8,92.05,114.0,1.23
23.8,92.1,177.0,4.54
23.8,92.15,500.0,20.34
23.8,92.2,223.0,5.16
23.8,92.25,441.0,24.65
23.8,92.3,192.0,3.66
23.8,92.35,422.0,22.72
23.8,92.4,204.0,11.25
23.8,92.45,375.0,19.3
23.8,92.5,673.0,15.58
23.8,92.55,444.0,5.0
23.8,92.6,341.0,8.63
23.8,92.65,172.0,8.14
23.8,92.7,516.0,11.07
23.8,92.75,879.0,35.18
23.8,92.8,152.0,16.15
23.8,92.85,522.0,17.15
23.8,92.9,441.0,20.81
23.8,92.95,1594.0,25.33
23.8,93.0,551.0,21.93
23.8,93.05,788.0,11.52
23.8,93.1,1645.0,17.8
23.8,93.15,511.0,10.27
23.8,93.2,804.0,9.7
23.8,93.25,1834.0,11.09
23.8,93.3,1224.0,15.59
23.8,93.35,701.0,4.16
23.8,93.4,1040.0,19.85
23.8,93.45,1016.0,9.0
23.8,93.5,1406.0,18.01
23.8,93.55,1410.0,9.7
23.8,93.6,1382.0,18.21
23.8,93.65,2003.0,30.0
23.8,93.7,1226.0,15.99
23.8,93.75,1381.0,22.05
23.8,93.8,1601.0,22.02
23.8,93.85,1620.0,22.47
23.8,93.9,1392.0,19.36
23.8,93.95,1607.0,23.52
23.8,94.0,889.0,29.45
23.8,94.05,555.0,19.41
23.8,94.1,407.0,11.72
23.8,94.15,188.0,0.84
23.8,94.2,171.0,0.12
23.8,94.25,332.0,1.93
23.8,94.3,365.0,7.32
23.8,94.35,234.0,1.36
23.8,94.4,312.0,5.78
23.8,94.45,172.0,0.94
23.8,94.5,152.0,5.61
23.8,94.55,141.0,3.87
23.8,94.6,260.0,4.97
23.8,94.65,264.0,1.68
23.8,94.7,272.0,2.57
23.8,94.75,398.0,2.41
23.8,94.8,422.0,1.17
23.8,94.85,400.0,4.79
23.8,94.9,407.0,2.87
23.8,94.95,497.0,2.18
23.8,95.0,474.0,7.4
23.8,95.05,403.0,6.88
23.8,95.1,311.0,3.08
23.8,95.15,268.0,0.38
23.8,95.2,260.0,0.64
23.8,95.25,239.0,0.91
23.8,95.3,228.0,0.5
23.8,95.35,260.0,1.77
23.8,95.4,347.0,4.83
23.8,95.45,264.0,3.47
23.8,95.5,353.0,8.15
23.8,95.55,333.0,4.82
23.8,95.6,324.0,14.1
23.8,95.65,186.0,0.51
23.8,95.7,184.0,0.42
23.8,95.75,187.0,1.81
23.8,95.8,208.0,4.74
23.8,95.85,218.0,0.72
23.8,95.9,209.0,0.31
23.8,95.95,225.0,8.39
23.8,96.0,380.0,16.39
23.8,96.05,90.0,0.32
23.8,96.1,87.0,0.38
23.8,96.15,230.0,6.15
23.8,96.2,176.0,7.57
23.8,96.25,90.0,0.35
23.8,96.3,94.0,0.49
23.8,96.35,115.0,1.61
23.8,96.4,151.0,2.07
23.8,96.45,209.0,4.22
23.85,89.5,14.0,0.32
23.85,89.55,9.0,0.06
23.85,89.6,13.0,0.54
23.85,89.65,11.0,0.19
23.85,89.7,5.0,0.56
23.85,89.75,8.0,0.06
23.85,89.8,9.0,0.44
23.85,89.85,10.0,0.32
23.85,89.9,11.0,0.1
23.85,89.95,11.0,0.34
23.85,90.0,15.0,0.7
23.85,90.05,10.0,0.27
23.85,90.1,11.0,0.69
23.85,90.15,9.0,0.04
23.85,90.2,9.0,0.77
23.85,90.25,14.0,0.27
23.85,90.3,10.0,0.36
23.85,90.35,5.0,0.34
23.85,90.4,11.0,0.17
23.85,90.45,5.0,0.31
23.85,90.5,17.0,0.93
23.85,90.55,3.0,0.9
23.85,90.6,6.0,0.12
23.85,90.65,12.0,0.29
23.85,90.7,7.0,0.24
23.85,90.75,10.0,0.03
23.85,90.8,8.0,0.23
23.85,90.85,8.0,0.65
23.85,90.9,8.0,0.16
23.85,90.95,8.0,0.13
23.85,91.0,6.0,0.08
23.85,91.05,13.0,0.73
23.85,91.1,7.0,0.47
23.85,91.15,6.0,0.17
23.85,91.2,6.0,0.43
23.85,91.25,10.0,0.93
23.85,91.3,21.0,0.47
23.85,91.35,19.0,0.93
23.85,91.4,27.0,0.5
23.85,91.45,43.0,1.16
23.85,91.5,74.0,1.23
23.85,91.55,162.0,2.33
23.85,91.6,63.0,1.05
23.85,91.65,65.0,0.89
23.85,91.7,107.0,2.21
23.85,91.75,203.0,9.58
23.85,91.8,112.0,1.19
23.85,91.85,126.0,0.56
23.85,91.9,117.0,1.16
23.85,91.95,240.0,12.53
23.85,92.0,100.0,6.72
23.85,92.05,125.0,2.12
23.85,92.1,190.0,3.02
23.85,92.15,389.0,14.88
23.85,92.2,124.0,18.1
23.85,92.25,474.0,21.26
23.85,92.3,142.0,3.48
23.85,92.35,212.0,3.94
23.85,92.4,223.0,7.79
23.85,92.45,422.0,21.08
23.85,92.5,799.0,37.43
23.85,92.55,415.0,10.68
23.85,92.6,459.0,18.37
23.85,92.65,179.0,19.51
23.85,92.7,475.0,20.49
23.85,92.75,975.0,25.02
23.85,92.8,179.0,10.69
23.85,92.85,332.0,18.76
23.85,92.9,747.0,20.66
23.85,92.95,1090.0,20.76
23.85,93.0,708.0,5.89
23.85,93.05,1085.0,14.44
23.85,93.1,993.0,33.37
23.85,93.15,294.0,14.31
23.85,93.2,681.0,13.02
23.85,93.25,1799.0,17.09
23.85,93.3,1203.0,24.12
23.85,93.35,760.0,14.87
23.85,93.4,805.0,5.13
23.85,93.45,1155.0,22.46
23.85,93.5,1206.0,3.79
23.85,93.55,947.0,9.85
23.85,93.6,1931.0,6.76
23.85,93.65,1982.0,18.9
23.85,93.7,1067.0,21.03
23.85,93.75,1215.0,15.25
23.85,93.8,1309.0,19.13
23.85,93.85,1475.0,24.32
23.85,93.9,868.0,23.25
23.85,93.95,647.0,16.38
23.85,94.0,1244.0,23.99
23.85,94.05,1008.0,16.64
23.85,94.1,300.0,6.75
23.85,94.15,216.0,3.05
23.85,94.2,173.0,1.12
23.85,94.25,148.0,6.69
23.85,94.3,272.0,8.71
23.85,94.35,314.0,7.01
23.85,94.4,247.0,11.53
23.85,94.45,365.0,16.22
23.85,94.5,163.0,4.34
23.85,94.55,130.0,2.54
23.85,94.6,178.0,1.61
23.85,94.65,184.0,4.3
23.85,94.7,256.0,1.84
23.85,94.75,285.0,6.41
23.85,94.8,310.0,5.27
23.85,94.85,365.0,6.42
23.85,94.9,309.0,8.52
23.85,94.95,421.0,3.23
23.85,95.0,530.0,2.56
23.85,95.05,473.0,5.08
23.85,95.1,386.0,1.8
23.85,95.15,521.0,5.88
23.85,95.2,251.0,0.82
23.85,95.25,276.0,1.0
23.85,95.3,258.0,2.27
23.85,95.35,253.0,2.31
23.85,95.4,306.0,4.99
23.85,95.45,414.0,5.87
23.85,95.5,287.0,4.09
23.85,95.55,332.0,4.47
23.85,95.6,364.0,17.38
23.85,95.65,198.0,1.43
23.85,95.7,187.0,0.47
23.85,95.75,187.0,1.39
23.85,95.8,202.0,1.03
23.85,95.85,268.0,6.51
23.85,95.9,195.0,0.27
23.85,95.95,315.0,7.88
23.85,96.0,162.0,8.37
23.85,96.05,94.0,0.18
23.85,96.1,95.0,0.22
23.85,96.15,616.0,8.25
23.85,96.2,134.0,1.18
23.85,96.25,94.0,0.18
23.85,96.3,96.0,0.73
23.85,96.35,111.0,0.56
23.85,96.4,148.0,1.22
23.85,96.45,171.0,0.43
23.9,89.5,7.0,0.4
23.9,89.55,8.0,0.23
23.9,89.6,15.0,0.75
23.9,89.65,13.0,0.38
23.9,89.7,1.0,0.0
23.9,89.75,7.0,0.0
23.9,89.8,16.0,0.41
23.9,89.85,9.0,0.54
23.9,89.9,10.0,0.06
23.9,89.95,11.0,0.4
23.9,90.0,14.0,0.66
23.9,90.05,16.0,0.33
23.9,90.1,10.0,0.27
23.9,90.15,12.0,0.28
23.9,90.2,7.0,0.39
23.9,90.25,11.0,0.73
23.9,90.3,21.0,0.64
23.9,90.35,5.0,0.16
23.9,90.4,15.0,0.35
23.9,90.45,11.0,0.86
23.9,90.5,16.0,0.54
23.9,90.55,8.0,0.52
23.9,90.6,14.0,0.11
23.9,90.65,12.0,0.2
23.9,90.7,7.0,0.23
23.9,90.75,6.0,0.24
23.9,90.8,6.0,0.16
23.9,90.85,9.0,0.59
23.9,90.9,6.0,0.38
23.9,90.95,10.0,0.26
23.9,91.0,4.0,0.08
23.9,91.05,11.0,0.71
23.9,91.1,7.0,0.13
23.9,91.15,7.0,0.34
23.9,91.2,6.0,0.22
23.9,91.25,22.0,0.43
23.9,91.3,28.0,0.86
23.9,91.35,35.0,1.03
23.9,91.4,40.0,2.17
23.9,91.45,65.0,1.22
23.9,91.5,80.0,4.18
23.9,91.55,149.0,2.07
23.9,91.6,62.0,0.26
23.9,91.65,58.0,1.36
23.9,91.7,96.0,4.24
23.9,91.75,148.0,4.61
23.9,91.8,130.0,1.46
23.9,91.85,117.0,1.49
23.9,91.9,96.0,1.65
23.9,91.95,188.0,8.13
23.9,92.0,60.0,1.09
23.9,92.05,102.0,1.16
23.9,92.1,142.0,8.37
23.9,92.15,247.0,12.99
23.9,92.2,78.0,0.85
23.9,92.25,205.0,8.12
23.9,92.3,234.0,9.55
23.9,92.35,197.0,4.11
23.9,92.4,118.0,2.76
23.9,92.45,288.0,15.0
23.9,92.5,685.0,29.6
23.9,92.55,492.0,25.07
23.9,92.6,291.0,7.97
23.9,92.65,88.0,2.37
23.9,92.7,382.0,13.36
23.9,92.75,723.0,20.15
23.9,92.8,209.0,16.17
23.9,92.85,529.0,20.44
23.9,92.9,604.0,17.45
23.9,92.95,1035.0,20.71
23.9,93.0,687.0,15.5
23.9,93.05,432.0,17.19
23.9,93.1,482.0,19.56
23.9,93.15,692.0,15.8
23.9,93.2,724.0,16.71
23.9,93.25,1556.0,24.6
23.9,93.3,1478.0,20.75
23.9,93.35,906.0,12.07
23.9,93.4,693.0,8.53
23.9,93.45,1325.0,14.53
23.9,93.5,891.0,8.45
23.9,93.55,852.0,12.4
23.9,93.6,1716.0,23.58
23.9,93.65,1322.0,17.16
23.9,93.7,1374.0,29.47
23.9,93.75,946.0,17.27
23.9,93.8,1127.0,15.01
23.9,93.85,1662.0,15.75
23.9,93.9,1289.0,25.92
23.9,93.95,1177.0,18.28
23.9,94.0,1144.0,25.11
23.9,94.05,644.0,30.6
23.9,94.1,634.0,9.85
23.9,94.15,415.0,1.13
23.9,94.2,173.0,0.29
23.9,94.25,142.0,1.69
23.9,94.3,339.0,8.79
23.9,94.35,270.0,9.07
23.9,94.4,314.0,2.39
23.9,94.45,413.0,2.74
23.9,94.5,231.0,16.02
23.9,94.55,126.0,2.48
23.9,94.6,127.0,4.75
23.9,94.65,249.0,5.11
23.9,94.7,278.0,5.13
23.9,94.75,278.0,2.24
23.9,94.8,306.0,5.65
23.9,94.85,246.0,2.28
23.9,94.9,354.0,0.4
23.9,94.95,380.0,5.06
23.9,95.0,448.0,9.41
23.9,95.05,388.0,8.66
23.9,95.1,422.0,10.13
23.9,95.15,367.0,3.35
23.9,95.2,293.0,6.49
23.9,95.25,272.0,3.47
23.9,95.3,231.0,0.36
23.9,95.35,260.0,1.39
23.9,95.4,324.0,1.87
23.9,95.45,259.0,1.37
23.9,95.5,277.0,1.53
23.9,95.55,634.0,18.39
23.9,95.6,760.0,7.32
23.9,95.65,219.0,0.8
23.9,95.7,204.0,0.94
23.9,95.75,194.0,0.6
23.9,95.8,232.0,5.07
23.9,95.85,212.0,3.24
23.9,95.9,202.0,1.78
23.9,95.95,230.0,7.01
23.9,96.0,367.0,3.14
23.9,96.05,112.0,0.96
23.9,96.1,108.0,0.6
23.9,96.15,398.0,21.68
23.9,96.2,171.0,5.63
23.9,96.25,107.0,1.58
23.9,96.3,91.0,0.2
23.9,96.35,110.0,0.21
23.9,96.4,114.0,0.92
23.9,96.45,153.0,1.93
23.95,89.5,9.0,0.18
23.95,89.55,12.0,0.32
23.95,89.6,13.0,0.34
23.95,89.65,12.0,0.91
23.95,89.7,6.0,0.35
23.95,89.75,2.0,0.23
23.95,89.8,14.0,0.34
23.95,89.85,11.0,0.12
23.95,89.9,9.0,0.04
23.95,89.95,16.0,1.08
23.95,90.0,10.0,0.19
23.95,90.05,14.0,0.92
23.95,90.1,11.0,0.19
23.95,90.15,8.0,0.63
23.95,90.2,10.0,0.09
23.95,90.25,2.0,0.66
23.95,90.3,13.0,0.29
23.95,90.35,14.0,0.73
23.95,90.4,11.0,0.71
23.95,90.45,5.0,0.47
23.95,90.5,14.0,1.03
23.95,90.55,8.0,0.64
23.95,90.6,8.0,0.34
23.95,90.65,13.0,0.44
23.95,90.7,9.0,0.13
23.95,90.75,9.0,0.82
23.95,90.8,9.0,0.32
23.95,90.85,8.0,0.52
23.95,90.9,9.0,0.23
23.95,90.95,2.0,1.19
23.95,91.0,5.0,0.44
23.95,91.05,5.0,0.39
23.95,91.1,8.0,0.72
23.95,91.15,1.0,0.1
23.95,91.2,6.0,0.08
23.95,91.25,9.0,0.76
23.95,91.3,11.0,0.8
23.95,91.35,26.0,0.76
23.95,91.4,35.0,0.68
23.95,91.45,74.0,1.59
23.95,91.5,116.0,3.72
23.95,91.55,73.0,1.33
23.95,91.6,40.0,0.55
23.95,91.65,70.0,0.68
23.95,91.7,99.0,0.3
23.95,91.75,235.0,10.9
23.95,91.8,100.0,1.86
23.95,91.85,94.0,0.64
23.95,91.9,157.0,1.13
23.95,91.95,144.0,5.75
23.95,92.0,62.0,0.71
23.95,92.05,134.0,6.68
23.95,92.1,198.0,8.19
23.95,92.15,148.0,2.69
23.95,92.2,63.0,0.81
23.95,92.25,159.0,7.56
23.95,92.3,152.0,5.78
23.95,92.35,216.0,8.09
23.95,92.4,101.0,4.23
23.95,92.45,249.0,9.42
23.95,92.5,614.0,8.39
23.95,92.55,158.0,5.58
23.95,92.6,552.0,10.06
23.95,92.65,392.0,8.14
23.95,92.7,464.0,25.79
23.95,92.75,455.0,16.61
23.95,92.8,497.0,28.81
23.95,92.85,597.0,12.38
23.95,92.9,584.0,19.83
23.95,92.95,821.0,16.69
23.95,93.0,472.0,9.25
23.95,93.05,599.0,16.78
23.95,93.1,684.0,18.96
23.95,93.15,830.0,16.2
23.95,93.2,836.0,12.26
23.95,93.25,1179.0,19.02
23.95,93.3,1531.0,4.64
23.95,93.35,522.0,0.77
23.95,93.4,739.0,17.55
23.95,93.45,1273.0,16.83
23.95,93.5,821.0,7.52
23.95,93.55,797.0,6.53
23.95,93.6,1183.0,21.25
23.95,93.65,1133.0,9.8
23.95,93.7,1562.0,20.0
23.95,93.75,797.0,16.86
23.95,93.8,1088.0,15.01
23.95,93.85,1787.0,14.39
23.95,93.9,2244.0,8.31
23.95,93.95,1364.0,28.19
23.95,94.0,860.0,20.8
23.95,94.05,1379.0,14.62
23.95,94.1,741.0,14.05
23.95,94.15,370.0,10.62
23.95,94.2,173.0,0.71
23.95,94.25,159.0,0.75
23.95,94.3,164.0,3.38
23.95,94.35,472.0,4.57
23.95,94.4,175.0,4.65
23.95,94.45,248.0,7.17
23.95,94.5,168.0,13.77
23.95,94.55,147.0,0.39
23.95,94.6,171.0,0.59
23.95,94.65,213.0,5.39
23.95,94.7,320.0,1.09
23.95,94.75,292.0,0.65
23.95,94.8,178.0,0.21
23.95,94.85,331.0,2.02
23.95,94.9,256.0,3.1
23.95,94.95,260.0,5.63
23.95,95.0,314.0,5.88
23.95,95.05,462.0,5.3
23.95,95.1,404.0,15.42
23.95,95.15,347.0,2.44
23.95,95.2,423.0,6.96
23.95,95.25,321.0,2.05
23.95,95.3,237.0,0.6
23.95,95.35,274.0,4.85
23.95,95.4,316.0,4.43
23.95,95.45,298.0,2.27
23.95,95.5,309.0,1.35
23.95,95.55,424.0,13.83
23.95,95.6,729.0,2.48
23.95,95.65,381.0,15.37
23.95,95.7,247.0,2.13
23.95,95.75,207.0,1.56
23.95,95.8,200.0,0.78
23.95,95.85,207.0,0.9
23.95,95.9,196.0,1.21
23.95,95.95,290.0,0.62
23.95,96.0,286.0,1.22
23.95,96.05,111.0,4.26
23.95,96.1,134.0,1.14
23.95,96.15,355.0,10.05
23.95,96.2,300.0,15.13
23.95,96.25,119.0,1.37
23.95,96.3,88.0,0.11
23.95,96.35,93.0,0.35
23.95,96.4,111.0,0.2
23.95,96.45,114.0,0.33
24.0,89.5,15.0,0.51
24.0,89.55,9.0,0.19
24.0,89.6,12.0,0.19
24.0,89.65,11.0,0.34
24.0,89.7,13.0,0.17
24.0,89.75,13.0,1.41
24.0,89.8,14.0,0.55
24.0,89.85,15.0,0.14
24.0,89.9,12.0,0.46
24.0,89.95,11.0,0.47
24.0,90.0,10.0,0.41
24.0,90.05,11.0,0.62
24.0,90.1,14.0,0.24
24.0,90.15,10.0,0.47
24.0,90.2,10.0,0.32
24.0,90.25,14.0,0.31
24.0,90.3,18.0,0.21
24.0,90.35,7.0,0.65
24.0,90.4,14.0,0.3
24.0,90.45,6.0,0.2
24.0,90.5,5.0,0.08
24.0,90.55,11.0,0.42
24.0,90.6,10.0,0.57
24.0,90.65,11.0,0.23
24.0,90.7,9.0,0.08
24.0,90.75,10.0,0.3
24.0,90.8,16.0,0.49
24.0,90.85,11.0,0.45
24.0,90.9,9.0,0.25
24.0,90.95,9.0,0.85
24.0,91.0,9.0,0.12
24.0,91.05,7.0,0.46
24.0,91.1,9.0,0.2
24.0,91.15,6.0,0.18
24.0,91.2,7.0,0.24
24.0,91.25,6.0,0.32
24.0,91.3,7.0,0.07
24.0,91.35,17.0,0.25
24.0,91.4,30.0,0.45
24.0,91.45,78.0,0.92
24.0,91.5,112.0,1.89
24.0,91.55,61.0,1.04
24.0,91.6,42.0,1.0
24.0,91.65,55.0,0.49
24.0,91.7,75.0,1.27
24.0,91.75,253.0,13.69
24.0,91.8,78.0,2.57
24.0,91.85,63.0,0.94
24.0,91.9,255.0,3.28
24.0,91.95,91.0,2.88
24.0,92.0,77.0,1.74
24.0,92.05,80.0,3.28
24.0,92.1,211.0,2.33
24.0,92.15,74.0,1.81
24.0,92.2,64.0,1.23
24.0,92.25,122.0,3.8
24.0,92.3,155.0,3.58
24.0,92.35,123.0,6.19
24.0,92.4,176.0,3.93
24.0,92.45,70.0,2.56
24.0,92.5,711.0,17.5
24.0,92.55,111.0,2.22
24.0,92.6,357.0,3.07
24.0,92.65,344.0,20.1
24.0,92.7,310.0,18.92
24.0,92.75,424.0,23.43
24.0,92.8,323.0,2.18
24.0,92.85,218.0,14.1
24.0,92.9,734.0,15.56
24.0,92.95,815.0,22.65
24.0,93.0,306.0,23.45
24.0,93.05,790.0,34.74
24.0,93.1,525.0,8.59
24.0,93.15,512.0,10.23
24.0,93.2,798.0,20.65
24.0,93.25,639.0,15.45
24.0,93.3,1194.0,18.7
24.0,93.35,794.0,19.59
24.0,93.4,1466.0,34.95
24.0,93.45,1065.0,18.32
24.0,93.5,957.0,18.53
24.0,93.55,913.0,12.57
24.0,93.6,1424.0,7.55
24.0,93.65,1197.0,6.4
24.0,93.7,1679.0,13.27
24.0,93.75,947.0,17.15
24.0,93.8,992.0,12.33
24.0,93.85,1297.0,12.12
24.0,93.9,1896.0,20.86
24.0,93.95,1677.0,23.64
24.0,94.0,1133.0,24.34
24.0,94.05,782.0,11.9
24.0,94.1,328.0,2.2
24.0,94.15,347.0,6.41
24.0,94.2,213.0,1.57
24.0,94.25,165.0,0.44
24.0,94.3,148.0,0.97
24.0,94.35,193.0,8.41
24.0,94.4,250.0,19.05
24.0,94.45,427.0,13.32
24.0,94.5,614.0,15.58
24.0,94.55,111.0,3.35
24.0,94.6,154.0,2.95
24.0,94.65,194.0,6.52
24.0,94.7,312.0,1.23
24.0,94.75,257.0,4.2
24.0,94.8,235.0,2.72
24.0,94.85,204.0,3.12
24.0,94.9,207.0,10.97
24.0,94.95,223.0,8.87
24.0,95.0,348.0,2.48
24.0,95.05,413.0,6.53
24.0,95.1,328.0,5.7
24.0,95.15,307.0,2.12
24.0,95.2,376.0,2.27
24.0,95.25,483.0,7.49
24.0,95.3,254.0,1.99
24.0,95.35,244.0,1.2
24.0,95.4,286.0,2.5
24.0,95.45,400.0,4.03
24.0,95.5,344.0,4.46
24.0,95.55,455.0,8.96
24.0,95.6,984.0,14.61
24.0,95.65,575.0,3.5
24.0,95.7,316.0,14.99
24.0,95.75,430.0,14.97
24.0,95.8,346.0,11.51
24.0,95.85,236.0,1.93
24.0,95.9,186.0,0.58
24.0,95.95,177.0,13.05
24.0,96.0,166.0,10.65
24.0,96.05,116.0,1.12
24.0,96.1,230.0,5.65
24.0,96.15,192.0,1.54
24.0,96.2,388.0,13.74
24.0,96.25,166.0,6.6
24.0,96.3,89.0,0.96
24.0,96.35,90.0,0.17
24.0,96.4,93.0,0.29
24.0,96.45,99.0,0.61
24.05,89.5,13.0,0.3
24.05,89.55,19.0,0.8
24.05,89.6,9.0,0.15
24.05,89.65,13.0,0.34
24.05,89.7,10.0,0.67
24.05,89.75,11.0,0.25
24.05,89.8,9.0,0.07
24.05,89.85,10.0,0.22
24.05,89.9,13.0,0.28
24.05,89.95,5.0,0.39
24.05,90.0,10.0,0.55
24.05,90.05,11.0,0.12
24.05,90.1,9.0,0.37
24.05,90.15,9.0,0.09
24.05,90.2,13.0,0.73
24.05,90.25,20.0,0.6
24.05,90.3,18.0,0.56
24.05,90.35,10.0,0.96
24.05,90.4,18.0,0.28
24.05,90.45,16.0,0.93
24.05,90.5,13.0,0.68
24.05,90.55,14.0,0.09
24.05,90.6,17.0,0.04
24.05,90.65,11.0,0.72
24.05,90.7,11.0,0.39
24.05,90.75,10.0,0.53
24.05,90.8,21.0,0.26
24.05,90.85,15.0,0.46
24.05,90.9,8.0,0.28
24.05,90.95,11.0,0.36
24.05,91.0,2.0,0.0
24.05,91.05,10.0,0.19
24.05,91.1,7.0,0.63
24.05,91.15,10.0,0.43
24.05,91.2,3.0,0.2
24.05,91.25,9.0,0.12
24.05,91.3,7.0,0.66
24.05,91.35,14.0,0.54
24.05,91.4,31.0,0.8
24.05,91.45,59.0,1.5
24.05,91.5,88.0,2.13
24.05,91.55,46.0,0.55
24.05,91.6,34.0,0.09
24.05,91.65,46.0,0.2
24.05,91.7,72.0,1.59
24.05,91.75,238.0,9.41
24.05,91.8,82.0,0.79
24.05,91.85,62.0,0.86
24.05,91.9,158.0,3.51
24.05,91.95,61.0,0.1
24.05,92.0,72.0,1.54
24.05,92.05,150.0,5.91
24.05,92.1,140.0,2.06
24.05,92.15,138.0,1.59
24.05,92.2,59.0,0.24
24.05,92.25,103.0,6.21
24.05,92.3,163.0,3.09
24.05,92.35,130.0,9.1
24.05,92.4,209.0,13.89
24.05,92.45,102.0,5.96
24.05,92.5,608.0,18.32
24.05,92.55,63.0,2.93
24.05,92.6,147.0,20.04
24.05,92.65,124.0,3.61
24.05,92.7,220.0,12.61
24.05,92.75,456.0,18.85
24.05,92.8,416.0,15.14
24.05,92.85,113.0,8.67
24.05,92.9,846.0,22.68
24.05,92.95,607.0,22.67
24.05,93.0,291.0,11.03
24.05,93.05,1145.0,34.47
24.05,93.1,169.0,16.98
24.05,93.15,992.0,15.95
24.05,93.2,460.0,19.44
24.05,93.25,577.0,14.89
24.05,93.3,526.0,29.36
24.05,93.35,770.0,31.29
24.05,93.4,1293.0,32.03
24.05,93.45,1470.0,20.36
24.05,93.5,1196.0,14.99
24.05,93.55,1096.0,16.75
24.05,93.6,1119.0,19.76
24.05,93.65,1231.0,22.02
24.05,93.7,1812.0,11.08
24.05,93.75,924.0,16.03
24.05,93.8,1175.0,20.87
24.05,93.85,1218.0,18.03
24.05,93.9,1064.0,12.56
24.05,93.95,1669.0,23.01
24.05,94.0,894.0,23.68
24.05,94.05,995.0,18.93
24.05,94.1,654.0,18.77
24.05,94.15,584.0,8.66
24.05,94.2,290.0,7.34
24.05,94.25,171.0,1.5
24.05,94.3,155.0,2.54
24.05,94.35,212.0,4.17
24.05,94.4,487.0,17.77
24.05,94.45,182.0,6.6
24.05,94.5,596.0,12.76
24.05,94.55,159.0,2.21
24.05,94.6,117.0,3.31
24.05,94.65,252.0,7.35
24.05,94.7,251.0,1.2
24.05,94.75,212.0,0.48
24.05,94.8,138.0,0.24
24.05,94.85,223.0,2.75
24.05,94.9,266.0,2.84
24.05,94.95,349.0,3.16
24.05,95.0,331.0,3.71
24.05,95.05,412.0,5.98
24.05,95.1,532.0,6.45
24.05,95.15,298.0,1.04
24.05,95.2,302.0,1.54
24.05,95.25,410.0,3.65
24.05,95.3,274.0,0.95
24.05,95.35,247.0,0.45
24.05,95.4,281.0,2.48
24.05,95.45,314.0,2.2
24.05,95.5,367.0,3.1
24.05,95.55,382.0,11.18
24.05,95.6,643.0,18.13
24.05,95.65,620.0,10.84
24.05,95.7,436.0,6.9
24.05,95.75,505.0,15.1
24.05,95.8,285.0,1.92
24.05,95.85,244.0,2.33
24.05,95.9,202.0,0.91
24.05,95.95,230.0,7.77
24.05,96.0,145.0,8.43
24.05,96.05,125.0,0.79
24.05,96.1,200.0,4.16
24.05,96.15,236.0,5.54
24.05,96.2,346.0,10.33
24.05,96.25,181.0,2.1
24.05,96.3,91.0,0.16
24.05,96.35,106.0,0.26
24.05,96.4,107.0,0.83
24.05,96.45,112.0,0.26
24.1,89.5,14.0,0.17
24.1,89.55,10.0,0.06
24.1,89.6,11.0,0.35
24.1,89.65,12.0,0.25
24.1,89.7,8.0,0.09
24.1,89.75,11.0,1.34
24.1,89.8,11.0,0.1
24.1,89.85,10.0,0.66
24.1,89.9,11.0,0.3
24.1,89.95,9.0,0.36
24.1,90.0,8.0,0.38
24.1,90.05,12.0,0.16
24.1,90.1,10.0,0.23
24.1,90.15,15.0,0.36
24.1,90.2,5.0,1.33
24.1,90.25,4.0,1.01
24.1,90.3,14.0,0.97
24.1,90.35,12.0,0.13
24.1,90.4,21.0,0.47
24.1,90.45,18.0,1.04
24.1,90.5,8.0,1.3
24.1,90.55,14.0,0.4
24.1,90.6,14.0,0.84
24.1,90.65,10.0,1.15
24.1,90.7,9.0,0.42
24.1,90.75,13.0,1.12
24.1,90.8,9.0,0.66
24.1,90.85,11.0,0.51
24.1,90.9,11.0,0.09
24.1,90.95,12.0,0.04
24.1,91.0,9.0,0.32
24.1,91.05,2.0,1.38
24.1,91.1,7.0,0.07
24.1,91.15,4.0,0.11
24.1,91.2,9.0,0.52
24.1,91.25,4.0,0.32
24.1,91.3,13.0,0.24
24.1,91.35,11.0,0.17
24.1,91.4,28.0,0.6
24.1,91.45,69.0,1.53
24.1,91.5,65.0,1.13
24.1,91.55,27.0,0.12
24.1,91.6,30.0,0.5
24.1,91.65,41.0,0.74
24.1,91.7,79.0,1.6
24.1,91.75,153.0,6.23
24.1,91.8,67.0,0.18
24.1,91.85,61.0,0.61
24.1,91.9,206.0,10.49
24.1,91.95,60.0,1.15
24.1,92.0,49.0,2.96
24.1,92.05,136.0,5.22
24.1,92.1,128.0,3.39
24.1,92.15,124.0,3.26
24.1,92.2,67.0,3.45
24.1,92.25,87.0,0.57
24.1,92.3,113.0,0.69
24.1,92.35,102.0,1.9
24.1,92.4,451.0,6.28
24.1,92.45,90.0,4.56
24.1,92.5,493.0,18.67
24.1,92.55,228.0,10.2
24.1,92.6,155.0,4.66
24.1,92.65,73.0,2.53
24.1,92.7,569.0,13.77
24.1,92.75,372.0,15.17
24.1,92.8,656.0,21.04
24.1,92.85,247.0,18.35
24.1,92.9,657.0,19.88
24.1,92.95,407.0,22.86
24.1,93.0,676.0,16.26
24.1,93.05,722.0,23.02
24.1,93.1,481.0,21.68
24.1,93.15,703.0,18.45
24.1,93.2,1009.0,41.65
24.1,93.25,631.0,20.53
24.1,93.3,798.0,15.85
24.1,93.35,494.0,3.43
24.1,93.4,792.0,17.22
24.1,93.45,1467.0,26.36
24.1,93.5,851.0,18.0
24.1,93.55,670.0,13.91
24.1,93.6,1136.0,15.14
24.1,93.65,1095.0,16.62
24.1,93.7,1436.0,23.74
24.1,93.75,1144.0,24.28
24.1,93.8,1033.0,13.27
24.1,93.85,945.0,16.0
24.1,93.9,979.0,10.63
24.1,93.95,1497.0,21.24
24.1,94.0,1298.0,6.15
24.1,94.05,974.0,21.7
24.1,94.1,866.0,26.21
24.1,94.15,619.0,14.59
24.1,94.2,429.0,12.24
24.1,94.25,236.0,2.16
24.1,94.3,159.0,1.06
24.1,94.35,143.0,1.33
24.1,94.4,235.0,5.69
24.1,94.45,239.0,7.55
24.1,94.5,774.0,19.23
24.1,94.55,160.0,9.31
24.1,94.6,114.0,1.08
24.1,94.65,241.0,1.47
24.1,94.7,244.0,0.57
24.1,94.75,127.0,0.75
24.1,94.8,185.0,3.63
24.1,94.85,212.0,5.71
24.1,94.9,256.0,2.32
24.1,94.95,256.0,3.96
24.1,95.0,270.0,8.72
24.1,95.05,424.0,8.48
24.1,95.1,436.0,8.02
24.1,95.15,459.0,7.65
24.1,95.2,386.0,1.91
24.1,95.25,350.0,1.59
24.1,95.3,418.0,9.16
24.1,95.35,255.0,0.28
24.1,95.4,269.0,1.58
24.1,95.45,293.0,2.27
24.1,95.5,308.0,2.91
24.1,95.55,527.0,8.41
24.1,95.6,447.0,9.87
24.1,95.65,864.0,19.16
24.1,95.7,922.0,11.79
24.1,95.75,629.0,21.86
24.1,95.8,556.0,13.41
24.1,95.85,236.0,3.69
24.1,95.9,212.0,0.44
24.1,95.95,238.0,8.06
24.1,96.0,147.0,3.28
24.1,96.05,113.0,0.4
24.1,96.1,204.0,2.19
24.1,96.15,285.0,3.77
24.1,96.2,568.0,19.4
24.1,96.25,206.0,3.14
24.1,96.3,89.0,0.0
24.1,96.35,92.0,0.47
24.1,96.4,127.0,0.49
24.1,96.45,124.0,0.37
24.15,89.5,16.0,0.38
24.15,89.55,10.0,0.34
24.15,89.6,11.0,0.33
24.15,89.65,10.0,0.42
24.15,89.7,4.0,1.4
24.15,89.75,9.0,0.19
24.15,89.8,11.0,0.43
24.15,89.85,12.0,0.42
24.15,89.9,10.0,0.42
24.15,89.95,8.0,0.33
24.15,90.0,11.0,0.32
24.15,90.05,11.0,0.48
24.15,90.1,10.0,0.25
24.15,90.15,18.0,1.2
24.15,90.2,16.0,0.77
24.15,90.25,17.0,0.73
24.15,90.3,7.0,0.25
24.15,90.35,17.0,0.41
24.15,90.4,7.0,0.53
24.15,90.45,13.0,0.47
24.15,90.5,17.0,0.55
24.15,90.55,16.0,0.27
24.15,90.6,10.0,0.91
24.15,90.65,16.0,0.9
24.15,90.7,15.0,0.21
24.15,90.75,13.0,0.08
24.15,90.8,16.0,0.32
24.15,90.85,8.0,0.32
24.15,90.9,8.0,0.53
24.15,90.95,8.0,0.12
24.15,91.0,8.0,0.12
24.15,91.05,6.0,0.29
24.15,91.1,6.0,0.07
24.15,91.15,12.0,0.43
24.15,91.2,12.0,0.02
24.15,91.25,8.0,0.58
24.15,91.3,8.0,0.35
24.15,91.35,11.0,0.52
24.15,91.4,41.0,2.04
24.15,91.45,62.0,1.39
24.15,91.5,30.0,0.1
24.15,91.55,21.0,0.65
24.15,91.6,29.0,0.48
24.15,91.65,41.0,1.02
24.15,91.7,51.0,0.8
24.15,91.75,134.0,3.7
24.15,91.8,49.0,0.55
24.15,91.85,52.0,0.87
24.15,91.9,202.0,5.88
24.15,91.95,72.0,1.55
24.15,92.0,55.0,2.95
24.15,92.05,101.0,4.34
24.15,92.1,79.0,5.52
24.15,92.15,89.0,2.21
24.15,92.2,120.0,0.31
24.15,92.25,108.0,0.95
24.15,92.3,139.0,3.87
24.15,92.35,88.0,1.14
24.15,92.4,212.0,3.25
24.15,92.45,115.0,1.76
24.15,92.5,60.0,0.36
24.15,92.55,53.0,3.49
24.15,92.6,93.0,5.76
24.15,92.65,94.0,3.99
24.15,92.7,663.0,18.3
24.15,92.75,301.0,16.81
24.15,92.8,663.0,13.11
24.15,92.85,348.0,13.85
24.15,92.9,631.0,7.51
24.15,92.95,743.0,17.83
24.15,93.0,206.0,15.51
24.15,93.05,1157.0,7.17
24.15,93.1,223.0,10.62
24.15,93.15,905.0,14.14
24.15,93.2,1480.0,21.69
24.15,93.25,874.0,11.01
24.15,93.3,1374.0,4.85
24.15,93.35,661.0,6.1
24.15,93.4,1018.0,23.65
24.15,93.45,901.0,18.36
24.15,93.5,848.0,4.13
24.15,93.55,643.0,9.87
24.15,93.6,993.0,2.88
24.15,93.65,967.0,12.32
24.15,93.7,1289.0,13.64
24.15,93.75,986.0,15.34
24.15,93.8,765.0,2.92
24.15,93.85,848.0,2.99
24.15,93.9,933.0,7.74
24.15,93.95,1180.0,19.55
24.15,94.0,1143.0,18.22
24.15,94.05,1510.0,22.21
24.15,94.1,1046.0,17.04
24.15,94.15,523.0,5.56
24.15,94.2,771.0,14.21
24.15,94.25,293.0,3.83
24.15,94.3,171.0,0.17
24.15,94.35,158.0,1.91
24.15,94.4,171.0,0.69
24.15,94.45,420.0,11.67
24.15,94.5,675.0,14.88
24.15,94.55,183.0,7.22
24.15,94.6,125.0,0.78
24.15,94.65,110.0,0.0
24.15,94.7,173.0,3.02
24.15,94.75,192.0,5.79
24.15,94.8,176.0,2.18
24.15,94.85,229.0,0.55
24.15,94.9,251.0,4.02
24.15,94.95,215.0,7.13
24.15,95.0,321.0,1.91
24.15,95.05,328.0,1.54
24.15,95.1,400.0,7.95
24.15,95.15,656.0,12.29
24.15,95.2,341.0,2.82
24.15,95.25,320.0,5.71
24.15,95.3,299.0,1.61
24.15,95.35,342.0,8.74
24.15,95.4,267.0,3.51
24.15,95.45,294.0,0.96
24.15,95.5,333.0,5.17
24.15,95.55,487.0,8.65
24.15,95.6,530.0,3.72
24.15,95.65,1171.0,15.78
24.15,95.7,1486.0,7.93
24.15,95.75,1115.0,13.71
24.15,95.8,584.0,12.07
24.15,95.85,254.0,3.05
24.15,95.9,212.0,1.97
24.15,95.95,284.0,10.45
24.15,96.0,128.0,11.22
24.15,96.05,110.0,0.6
24.15,96.1,176.0,3.45
24.15,96.15,183.0,1.68
24.15,96.2,266.0,3.83
24.15,96.25,222.0,8.54
24.15,96.3,156.0,5.86
24.15,96.35,89.0,0.55
24.15,96.4,110.0,0.26
24.15,96.45,120.0,0.22
24.2,89.5,12.0,0.27
24.2,89.55,14.0,0.54
24.2,89.6,13.0,0.52
24.2,89.65,11.0,0.34
24.2,89.7,15.0,0.77
24.2,89.75,10.0,0.75
24.2,89.8,11.0,0.58
24.2,89.85,13.0,0.31
24.2,89.9,14.0,0.12
24.2,89.95,16.0,0.55
24.2,90.0,9.0,0.1
24.2,90.05,9.0,0.31
24.2,90.1,7.0,0.06
24.2,90.15,16.0,0.41
24.2,90.2,22.0,0.28
24.2,90.25,22.0,1.33
24.2,90.3,13.0,0.76
24.2,90.35,19.0,0.25
24.2,90.4,20.0,0.09
24.2,90.45,20.0,0.5
24.2,90.5,18.0,0.22
24.2,90.55,15.0,0.63
24.2,90.6,17.0,0.38
24.2,90.65,16.0,1.01
24.2,90.7,11.0,0.17
24.2,90.75,17.0,0.17
24.2,90.8,11.0,0.45
24.2,90.85,14.0,0.11
24.2,90.9,13.0,0.39
24.2,90.95,10.0,0.07
24.2,91.0,2.0,0.76
24.2,91.05,6.0,0.31
24.2,91.1,8.0,0.11
24.2,91.15,3.0,0.74
24.2,91.2,12.0,0.68
24.2,91.25,10.0,0.44
24.2,91.3,9.0,0.1
24.2,91.35,8.0,0.24
24.2,91.4,50.0,0.25
24.2,91.45,13.0,0.8
24.2,91.5,18.0,0.7
24.2,91.55,22.0,0.39
24.2,91.6,29.0,1.2
24.2,91.65,35.0,1.05
24.2,91.7,40.0,0.54
24.2,91.75,86.0,1.39
24.2,91.8,59.0,1.93
24.2,91.85,35.0,0.41
24.2,91.9,67.0,4.73
24.2,91.95,68.0,1.31
24.2,92.0,59.0,1.48
24.2,92.05,72.0,5.69
24.2,92.1,42.0,0.96
24.2,92.15,71.0,1.55
24.2,92.2,117.0,1.25
24.2,92.25,113.0,6.22
24.2,92.3,85.0,1.28
24.2,92.35,88.0,3.04
24.2,92.4,166.0,2.81
24.2,92.45,126.0,6.28
24.2,92.5,91.0,6.67
24.2,92.55,121.0,14.18
24.2,92.6,101.0,14.3
24.2,92.65,83.0,3.96
24.2,92.7,402.0,12.58
24.2,92.75,159.0,7.79
24.2,92.8,465.0,6.87
24.2,92.85,346.0,18.91
24.2,92.9,200.0,19.39
24.2,92.95,398.0,12.93
24.2,93.0,57.0,9.26
24.2,93.05,263.0,23.14
24.2,93.1,617.0,13.37
24.2,93.15,636.0,16.2
24.2,93.2,1396.0,14.52
24.2,93.25,760.0,5.75
24.2,93.3,980.0,20.98
24.2,93.35,616.0,6.47
24.2,93.4,749.0,7.77
24.2,93.45,896.0,15.02
24.2,93.5,849.0,15.52
24.2,93.55,682.0,3.46
24.2,93.6,1212.0,4.98
24.2,93.65,878.0,11.64
24.2,93.7,1225.0,14.87
24.2,93.75,1231.0,20.27
24.2,93.8,817.0,7.5
24.2,93.85,876.0,19.05
24.2,93.9,797.0,0.45
24.2,93.95,1001.0,25.59
24.2,94.0,921.0,3.26
24.2,94.05,1563.0,18.08
24.2,94.1,1269.0,15.79
24.2,94.15,627.0,3.25
24.2,94.2,716.0,16.14
24.2,94.25,358.0,9.88
24.2,94.3,182.0,0.62
24.2,94.35,150.0,0.45
24.2,94.4,149.0,1.88
24.2,94.45,545.0,20.96
24.2,94.5,472.0,8.68
24.2,94.55,312.0,16.32
24.2,94.6,250.0,5.24
24.2,94.65,136.0,4.47
24.2,94.7,112.0,0.53
24.2,94.75,179.0,0.66
24.2,94.8,126.0,0.69
24.2,94.85,171.0,1.73
24.2,94.9,210.0,4.14
24.2,94.95,224.0,3.63
24.2,95.0,271.0,3.65
24.2,95.05,289.0,5.62
24.2,95.1,369.0,8.81
24.2,95.15,601.0,12.8
24.2,95.2,348.0,2.82
24.2,95.25,324.0,1.1
24.2,95.3,337.0,1.52
24.2,95.35,325.0,3.2
24.2,95.4,350.0,1.74
24.2,95.45,269.0,1.36
24.2,95.5,354.0,8.02
24.2,95.55,416.0,7.17
24.2,95.6,587.0,6.83
24.2,95.65,877.0,18.81
24.2,95.7,1114.0,18.36
24.2,95.75,924.0,16.24
24.2,95.8,646.0,18.55
24.2,95.85,235.0,2.06
24.2,95.9,226.0,4.26
24.2,95.95,513.0,3.84
24.2,96.0,138.0,3.35
24.2,96.05,108.0,0.25
24.2,96.1,135.0,0.8
24.2,96.15,127.0,0.36
24.2,96.2,260.0,8.07
24.2,96.25,791.0,17.74
24.2,96.3,148.0,1.29
24.2,96.35,110.0,1.13
24.2,96.4,95.0,0.18
24.2,96.45,110.0,0.21
24.25,89.5,12.0,0.36
24.25,89.55,12.0,0.29
24.25,89.6,9.0,0.37
24.25,89.65,14.0,0.13
24.25,89.7,19.0,0.34
24.25,89.75,7.0,0.47
24.25,89.8,11.0,0.59
24.25,89.85,13.0,0.2
24.25,89.9,18.0,0.62
24.25,89.95,14.0,0.3
24.25,90.0,7.0,0.14
24.25,90.05,12.0,0.5
24.25,90.1,12.0,0.42
24.25,90.15,22.0,0.47
24.25,90.2,22.0,0.75
24.25,90.25,14.0,0.5
24.25,90.3,12.0,0.21
24.25,90.35,18.0,0.02
24.25,90.4,23.0,0.66
24.25,90.45,20.0,0.17
24.25,90.5,19.0,0.81
24.25,90.55,9.0,0.67
24.25,90.6,16.0,0.72
24.25,90.65,15.0,0.12
24.25,90.7,16.0,0.89
24.25,90.75,12.0,0.4
24.25,90.8,16.0,0.22
24.25,90.85,16.0,0.52
24.25,90.9,9.0,0.54
24.25,90.95,5.0,0.11
24.25,91.0,6.0,0.19
24.25,91.05,8.0,0.3
24.25,91.1,6.0,0.13
24.25,91.15,3.0,0.16
24.25,91.2,5.0,0.15
24.25,91.25,13.0,0.15
24.25,91.3,9.0,0.4
24.25,91.35,8.0,0.09
24.25,91.4,28.0,0.38
24.25,91.45,13.0,0.32
24.25,91.5,14.0,0.67
24.25,91.55,17.0,0.34
24.25,91.6,36.0,1.64
24.25,91.65,20.0,0.27
24.25,91.7,22.0,0.49
24.25,91.75,37.0,1.45
24.25,91.8,75.0,1.33
24.25,91.85,30.0,1.15
24.25,91.9,65.0,0.18
24.25,91.95,62.0,1.92
24.25,92.0,34.0,1.54
24.25,92.05,83.0,4.29
24.25,92.1,84.0,3.86
24.25,92.15,53.0,0.37
24.25,92.2,60.0,0.91
24.25,92.25,87.0,4.84
24.25,92.3,85.0,3.34
24.25,92.35,92.0,1.48
24.25,92.4,99.0,1.51
24.25,92.45,146.0,3.24
24.25,92.5,42.0,1.66
24.25,92.55,63.0,5.41
24.25,92.6,121.0,6.52
24.25,92.65,62.0,0.82
24.25,92.7,333.0,15.61
24.25,92.75,85.0,5.87
24.25,92.8,278.0,16.99
24.25,92.85,307.0,15.06
24.25,92.9,396.0,10.03
24.25,92.95,660.0,13.27
24.25,93.0,269.0,13.51
24.25,93.05,206.0,7.57
24.25,93.1,731.0,24.16
24.25,93.15,362.0,6.04
24.25,93.2,704.0,11.55
24.25,93.25,726.0,27.47
24.25,93.3,843.0,22.47
24.25,93.35,792.0,20.83
24.25,93.4,1180.0,19.64
24.25,93.45,672.0,6.28
24.25,93.5,798.0,24.22
24.25,93.55,1107.0,23.66
24.25,93.6,816.0,8.71
24.25,93.65,973.0,14.35
24.25,93.7,1021.0,13.87
24.25,93.75,1202.0,15.55
24.25,93.8,874.0,11.59
24.25,93.85,998.0,16.62
24.25,93.9,799.0,3.8
24.25,93.95,1015.0,18.35
24.25,94.0,1577.0,9.83
24.25,94.05,1405.0,18.08
24.25,94.1,929.0,20.73
24.25,94.15,980.0,2.4
24.25,94.2,508.0,23.32
24.25,94.25,281.0,4.02
24.25,94.3,209.0,2.4
24.25,94.35,166.0,0.3
24.25,94.4,163.0,1.24
24.25,94.45,227.0,5.15
24.25,94.5,423.0,4.93
24.25,94.55,935.0,15.45
24.25,94.6,205.0,1.42
24.25,94.65,225.0,5.0
24.25,94.7,114.0,0.51
24.25,94.75,121.0,0.43
24.25,94.8,120.0,0.36
24.25,94.85,143.0,5.69
24.25,94.9,157.0,3.94
24.25,94.95,229.0,1.22
24.25,95.0,200.0,6.23
24.25,95.05,326.0,5.11
24.25,95.1,319.0,3.09
24.25,95.15,483.0,7.16
24.25,95.2,481.0,13.45
24.25,95.25,309.0,4.53
24.25,95.3,319.0,1.5
24.25,95.35,361.0,2.96
24.25,95.4,301.0,3.3
24.25,95.45,331.0,3.87
24.25,95.5,303.0,3.76
24.25,95.55,332.0,1.19
24.25,95.6,454.0,14.04
24.25,95.65,503.0,15.21
24.25,95.7,472.0,8.75
24.25,95.75,789.0,21.5
24.25,95.8,621.0,8.18
24.25,95.85,179.0,9.02
24.25,95.9,233.0,6.71
24.25,95.95,161.0,4.21
24.25,96.0,159.0,7.73
24.25,96.05,111.0,0.28
24.25,96.1,122.0,1.02
24.25,96.15,226.0,6.54
24.25,96.2,196.0,5.71
24.25,96.25,277.0,5.02
24.25,96.3,193.0,3.41
24.25,96.35,163.0,2.41
24.25,96.4,93.0,0.11
24.25,96.45,92.0,0.73
24.3,89.5,10.0,0.11
24.3,89.55,15.0,0.31
24.3,89.6,15.0,0.87
24.3,89.65,16.0,0.75
24.3,89.7,18.0,0.86
24.3,89.75,10.0,0.69
24.3,89.8,5.0,0.06
24.3,89.85,13.0,0.15
24.3,89.9,15.0,0.23
24.3,89.95,12.0,0.4
24.3,90.0,14.0,0.11
24.3,90.05,13.0,0.42
24.3,90.1,20.0,0.15
24.3,90.15,23.0,0.46
24.3,90.2,19.0,0.24
24.3,90.25,24.0,0.5
24.3,90.3,20.0,0.31
24.3,90.35,22.0,0.73
24.3,90.4,17.0,0.09
24.3,90.45,10.0,0.34
24.3,90.5,16.0,0.46
24.3,90.55,10.0,0.57
24.3,90.6,12.0,0.49
24.3,90.65,14.0,0.31
24.3,90.7,13.0,0.14
24.3,90.75,12.0,0.23
24.3,90.8,11.0,0.61
24.3,90.85,12.0,0.48
24.3,90.9,10.0,0.35
24.3,90.95,6.0,0.18
24.3,91.0,8.0,0.07
24.3,91.05,7.0,0.21
24.3,91.1,8.0,0.22
24.3,91.15,5.0,0.41
24.3,91.2,5.0,0.31
24.3,91.25,7.0,0.07
24.3,91.3,9.0,0.43
24.3,91.35,10.0,0.4
24.3,91.4,10.0,0.21
24.3,91.45,10.0,0.39
24.3,91.5,13.0,0.28
24.3,91.55,16.0,0.37
24.3,91.6,55.0,0.98
24.3,91.65,18.0,0.08
24.3,91.7,12.0,0.19
24.3,91.75,23.0,0.59
24.3,91.8,68.0,1.42
24.3,91.85,32.0,0.56
24.3,91.9,54.0,2.14
24.3,91.95,43.0,1.94
24.3,92.0,34.0,0.56
24.3,92.05,46.0,1.13
24.3,92.1,88.0,3.99
24.3,92.15,42.0,1.11
24.3,92.2,47.0,0.17
24.3,92.25,126.0,1.81
24.3,92.3,51.0,0.54
24.3,92.35,90.0,1.29
24.3,92.4,54.0,0.9
24.3,92.45,219.0,8.25
24.3,92.5,97.0,7.22
24.3,92.55,65.0,2.42
24.3,92.6,319.0,11.16
24.3,92.65,80.0,3.82
24.3,92.7,371.0,13.7
24.3,92.75,145.0,4.93
24.3,92.8,210.0,19.21
24.3,92.85,59.0,0.94
24.3,92.9,144.0,8.8
24.3,92.95,957.0,8.93
24.3,93.0,508.0,38.06
24.3,93.05,210.0,16.45
24.3,93.1,566.0,24.58
24.3,93.15,567.0,13.28
24.3,93.2,1025.0,19.09
24.3,93.25,353.0,16.21
24.3,93.3,409.0,7.43
24.3,93.35,846.0,20.93
24.3,93.4,1431.0,17.4
24.3,93.45,1109.0,30.85
24.3,93.5,1330.0,22.01
24.3,93.55,831.0,5.44
24.3,93.6,980.0,17.25
24.3,93.65,1048.0,17.48
24.3,93.7,816.0,4.29
24.3,93.75,909.0,10.78
24.3,93.8,858.0,10.44
24.3,93.85,837.0,18.15
24.3,93.9,847.0,7.36
24.3,93.95,931.0,4.69
24.3,94.0,919.0,4.35
24.3,94.05,1056.0,13.14
24.3,94.1,1140.0,13.57
24.3,94.15,890.0,12.58
24.3,94.2,570.0,12.95
24.3,94.25,551.0,8.84
24.3,94.3,325.0,4.75
24.3,94.35,188.0,0.28
24.3,94.4,178.0,1.47
24.3,94.45,178.0,6.73
24.3,94.5,479.0,4.74
24.3,94.55,350.0,9.81
24.3,94.6,349.0,13.89
24.3,94.65,288.0,13.89
24.3,94.7,262.0,3.84
24.3,94.75,162.0,1.05
24.3,94.8,114.0,0.18
24.3,94.85,122.0,0.34
24.3,94.9,171.0,3.82
24.3,94.95,193.0,4.4
24.3,95.0,206.0,1.7
24.3,95.05,240.0,3.9
24.3,95.1,245.0,6.49
24.3,95.15,396.0,1.27
24.3,95.2,603.0,7.74
24.3,95.25,321.0,2.41
24.3,95.3,342.0,1.9
24.3,95.35,313.0,3.67
24.3,95.4,339.0,1.95
24.3,95.45,376.0,6.81
24.3,95.5,291.0,1.9
24.3,95.55,321.0,2.82
24.3,95.6,412.0,0.81
24.3,95.65,497.0,7.53
24.3,95.7,1004.0,24.22
24.3,95.75,833.0,12.2
24.3,95.8,882.0,20.99
24.3,95.85,205.0,3.69
24.3,95.9,162.0,1.42
24.3,95.95,211.0,17.19
24.3,96.0,302.0,8.88
24.3,96.05,114.0,0.52
24.3,96.1,128.0,0.35
24.3,96.15,376.0,6.75
24.3,96.2,248.0,2.25
24.3,96.25,549.0,23.76
24.3,96.3,353.0,11.79
24.3,96.35,256.0,10.51
24.3,96.4,147.0,1.13
24.3,96.45,97.0,0.2
24.35,89.5,16.0,0.74
24.35,89.55,12.0,0.26
24.35,89.6,12.0,0.76
24.35,89.65,13.0,0.4
24.35,89.7,16.0,0.05
24.35,89.75,15.0,0.13
24.35,89.8,12.0,0.85
24.35,89.85,15.0,0.24
24.35,89.9,18.0,0.62
24.35,89.95,13.0,0.23
24.35,90.0,14.0,0.58
24.35,90.05,15.0,0.58
24.35,90.1,23.0,0.93
24.35,90.15,25.0,0.92
24.35,90.2,23.0,0.06
24.35,90.25,22.0,0.33
24.35,90.3,19.0,0.22
24.35,90.35,16.0,0.42
24.35,90.4,11.0,1.05
24.35,90.45,16.0,0.68
24.35,90.5,13.0,0.7
24.35,90.55,10.0,0.1
24.35,90.6,12.0,0.21
24.35,90.65,15.0,0.36
24.35,90.7,15.0,0.06
24.35,90.75,14.0,0.3
24.35,90.8,10.0,0.19
24.35,90.85,8.0,0.18
24.35,90.9,6.0,0.19
24.35,90.95,7.0,0.25
24.35,91.0,8.0,0.32
24.35,91.05,7.0,0.21
24.35,91.1,6.0,0.11
24.35,91.15,8.0,0.09
24.35,91.2,9.0,0.13
24.35,91.25,6.0,0.01
24.35,91.3,7.0,0.44
24.35,91.35,10.0,0.12
24.35,91.4,10.0,0.31
24.35,91.45,11.0,0.1
24.35,91.5,12.0,0.21
24.35,91.55,11.0,0.44
24.35,91.6,61.0,1.58
24.35,91.65,18.0,0.43
24.35,91.7,10.0,0.22
24.35,91.75,18.0,0.54
24.35,91.8,67.0,1.62
24.35,91.85,24.0,0.34
24.35,91.9,36.0,1.43
24.35,91.95,29.0,2.16
24.35,92.0,26.0,1.14
24.35,92.05,69.0,6.02
24.35,92.1,100.0,3.73
24.35,92.15,30.0,0.58
24.35,92.2,32.0,0.87
24.35,92.25,74.0,4.21
24.35,92.3,39.0,0.26
24.35,92.35,103.0,3.28
24.35,92.4,56.0,0.85
24.35,92.45,73.0,3.0
24.35,92.5,83.0,3.85
24.35,92.55,61.0,3.82
24.35,92.6,101.0,4.42
24.35,92.65,98.0,1.76
24.35,92.7,178.0,9.96
24.35,92.75,97.0,6.21
24.35,92.8,166.0,10.25
24.35,92.85,385.0,13.12
24.35,92.9,418.0,20.82
24.35,92.95,676.0,5.13
24.35,93.0,497.0,12.41
24.35,93.05,203.0,9.33
24.35,93.1,153.0,26.0
24.35,93.15,396.0,11.76
24.35,93.2,393.0,19.09
24.35,93.25,679.0,14.5
24.35,93.3,361.0,7.95
24.35,93.35,317.0,8.71
24.35,93.4,805.0,21.84
24.35,93.45,1015.0,24.09
24.35,93.5,790.0,3.3
24.35,93.55,1234.0,10.7
24.35,93.6,835.0,6.13
24.35,93.65,1250.0,20.77
24.35,93.7,827.0,1.89
24.35,93.75,888.0,3.74
24.35,93.8,901.0,18.66
24.35,93.85,768.0,0.39
24.35,93.9,866.0,9.77
24.35,93.95,1364.0,15.46
24.35,94.0,989.0,5.55
24.35,94.05,1286.0,21.75
24.35,94.1,1142.0,19.22
24.35,94.15,1142.0,14.3
24.35,94.2,717.0,16.13
24.35,94.25,726.0,18.29
24.35,94.3,320.0,10.52
24.35,94.35,280.0,14.81
24.35,94.4,185.0,0.15
24.35,94.45,164.0,1.13
24.35,94.5,269.0,7.69
24.35,94.55,308.0,4.89
24.35,94.6,568.0,9.11
24.35,94.65,159.0,1.74
24.35,94.7,282.0,5.06
24.35,94.75,144.0,0.68
24.35,94.8,113.0,1.19
24.35,94.85,121.0,0.47
24.35,94.9,130.0,0.01
24.35,94.95,148.0,5.12
24.35,95.0,154.0,1.18
24.35,95.05,209.0,2.29
24.35,95.1,262.0,6.68
24.35,95.15,298.0,8.98
24.35,95.2,386.0,3.75
24.35,95.25,636.0,4.85
24.35,95.3,366.0,0.81
24.35,95.35,351.0,5.73
24.35,95.4,289.0,0.74
24.35,95.45,329.0,4.36
24.35,95.5,471.0,6.18
24.35,95.55,306.0,0.26
24.35,95.6,360.0,5.55
24.35,95.65,497.0,8.09
24.35,95.7,919.0,24.49
24.35,95.75,787.0,22.69
24.35,95.8,508.0,18.73
24.35,95.85,188.0,2.15
24.35,95.9,151.0,0.7
24.35,95.95,156.0,2.19
24.35,96.0,228.0,11.29
24.35,96.05,121.0,0.94
24.35,96.1,123.0,0.84
24.35,96.15,307.0,13.41
24.35,96.2,210.0,0.72
24.35,96.25,497.0,13.34
24.35,96.3,393.0,8.54
24.35,96.35,238.0,4.49
24.35,96.4,181.0,1.71
24.35,96.45,130.0,0.54
24.4,89.5,17.0,0.21
24.4,89.55,14.0,0.69
24.4,89.6,17.0,0.42
24.4,89.65,12.0,0.36
24.4,89.7,16.0,0.22
24.4,89.75,16.0,0.82
24.4,89.8,16.0,1.9
24.4,89.85,16.0,0.6
24.4,89.9,13.0,0.72
24.4,89.95,14.0,0.36
24.4,90.0,12.0,0.36
24.4,90.05,13.0,0.65
24.4,90.1,11.0,0.33
24.4,90.15,25.0,0.52
24.4,90.2,23.0,0.11
24.4,90.25,20.0,0.28
24.4,90.3,14.0,1.34
24.4,90.35,13.0,0.41
24.4,90.4,12.0,0.29
24.4,90.45,9.0,0.38
24.4,90.5,13.0,0.09
24.4,90.55,11.0,0.15
24.4,90.6,15.0,0.52
24.4,90.65,10.0,0.19
24.4,90.7,15.0,0.46
24.4,90.75,11.0,0.38
24.4,90.8,13.0,0.42
24.4,90.85,11.0,0.37
24.4,90.9,7.0,0.17
24.4,90.95,10.0,0.48
24.4,91.0,7.0,0.06
24.4,91.05,4.0,0.15
24.4,91.1,8.0,0.24
24.4,91.15,7.0,0.15
24.4,91.2,6.0,0.25
24.4,91.25,7.0,0.23
24.4,91.3,13.0,0.51
24.4,91.35,8.0,0.23
24.4,91.4,9.0,0.56
24.4,91.45,8.0,0.3
24.4,91.5,8.0,0.04
24.4,91.55,7.0,0.31
24.4,91.6,51.0,0.9
24.4,91.65,7.0,0.16
24.4,91.7,8.0,0.1
24.4,91.75,14.0,0.8
24.4,91.8,42.0,1.17
24.4,91.85,17.0,0.11
24.4,91.9,24.0,1.53
24.4,91.95,24.0,0.5
24.4,92.0,25.0,0.33
24.4,92.05,85.0,9.73
24.4,92.1,57.0,1.37
24.4,92.15,35.0,1.02
24.4,92.2,29.0,0.49
24.4,92.25,64.0,0.44
24.4,92.3,35.0,0.68
24.4,92.35,62.0,1.34
24.4,92.4,36.0,0.1
24.4,92.45,53.0,3.17
24.4,92.5,241.0,7.8
24.4,92.55,36.0,0.4
24.4,92.6,59.0,5.39
24.4,92.65,133.0,2.26
24.4,92.7,159.0,12.26
24.4,92.75,227.0,2.79
24.4,92.8,111.0,2.73
24.4,92.85,381.0,9.1
24.4,92.9,135.0,6.15
24.4,92.95,332.0,19.08
24.4,93.0,91.0,11.39
24.4,93.05,147.0,16.61
24.4,93.1,622.0,20.44
24.4,93.15,566.0,1.72
24.4,93.2,363.0,12.68
24.4,93.25,460.0,12.47
24.4,93.3,517.0,12.82
24.4,93.35,225.0,0.98
24.4,93.4,367.0,3.93
24.4,93.45,1404.0,3.15
24.4,93.5,1332.0,29.45
24.4,93.55,1541.0,29.63
24.4,93.6,1236.0,19.8
24.4,93.65,1567.0,25.27
24.4,93.7,816.0,4.46
24.4,93.75,924.0,15.88
24.4,93.8,773.0,0.37
24.4,93.85,771.0,2.76
24.4,93.9,779.0,0.8
24.4,93.95,1001.0,17.75
24.4,94.0,1073.0,12.73
24.4,94.05,936.0,8.46
24.4,94.1,1446.0,20.75
24.4,94.15,1265.0,20.99
24.4,94.2,1243.0,15.11
24.4,94.25,744.0,24.64
24.4,94.3,495.0,13.26
24.4,94.35,340.0,8.9
24.4,94.4,194.0,0.29
24.4,94.45,179.0,1.27
24.4,94.5,197.0,2.22
24.4,94.55,388.0,7.02
24.4,94.6,849.0,12.71
24.4,94.65,214.0,2.52
24.4,94.7,204.0,6.07
24.4,94.75,143.0,0.24
24.4,94.8,120.0,0.32
24.4,94.85,121.0,0.19
24.4,94.9,128.0,0.24
24.4,94.95,181.0,1.54
24.4,95.0,179.0,3.76
24.4,95.05,200.0,0.92
24.4,95.1,248.0,0.97
24.4,95.15,216.0,1.19
24.4,95.2,332.0,4.82
24.4,95.25,380.0,7.27
24.4,95.3,407.0,5.29
24.4,95.35,577.0,11.61
24.4,95.4,334.0,2.9
24.4,95.45,333.0,5.94
24.4,95.5,369.0,8.72
24.4,95.55,321.0,2.41
24.4,95.6,313.0,3.35
24.4,95.65,353.0,1.44
24.4,95.7,624.0,16.15
24.4,95.75,222.0,2.43
24.4,95.8,209.0,0.96
24.4,95.85,177.0,0.3
24.4,95.9,171.0,2.99
24.4,95.95,186.0,4.32
24.4,96.0,159.0,3.22
24.4,96.05,138.0,2.06
24.4,96.1,128.0,0.77
24.4,96.15,200.0,3.62
24.4,96.2,188.0,0.6
24.4,96.25,518.0,16.05
24.4,96.3,592.0,15.35
24.4,96.35,268.0,8.05
24.4,96.4,182.0,2.53
24.4,96.45,134.0,0.19
24.45,89.5,15.0,0.43
24.45,89.55,12.0,0.17
24.45,89.6,8.0,0.41
24.45,89.65,14.0,0.3
24.45,89.7,21.0,0.17
24.45,89.75,8.0,0.71
24.45,89.8,15.0,0.1
24.45,89.85,14.0,0.45
24.45,89.9,13.0,0.47
24.45,89.95,15.0,0.1
24.45,90.0,13.0,0.28
24.45,90.05,38.0,0.76
24.45,90.1,11.0,0.1
24.45,90.15,19.0,0.29
24.45,90.2,26.0,0.76
24.45,90.25,13.0,0.98
24.45,90.3,17.0,0.24
24.45,90.35,15.0,0.25
24.45,90.4,13.0,0.31
24.45,90.45,14.0,0.22
24.45,90.5,10.0,0.26
24.45,90.55,16.0,0.39
24.45,90.6,10.0,0.86
24.45,90.65,13.0,0.37
24.45,90.7,14.0,0.31
24.45,90.75,11.0,0.69
24.45,90.8,12.0,0.27
24.45,90.85,16.0,0.42
24.45,90.9,11.0,0.46
24.45,90.95,5.0,0.24
24.45,91.0,7.0,0.16
24.45,91.05,7.0,0.41
24.45,91.1,7.0,0.42
24.45,91.15,7.0,0.26
24.45,91.2,8.0,0.34
24.45,91.25,7.0,0.13
24.45,91.3,8.0,0.28
24.45,91.35,9.0,0.14
24.45,91.4,9.0,0.2
24.45,91.45,8.0,0.21
24.45,91.5,7.0,0.28
24.45,91.55,13.0,0.2
24.45,91.6,31.0,0.82
24.45,91.65,10.0,0.17
24.45,91.7,11.0,0.16
24.45,91.75,14.0,0.47
24.45,91.8,30.0,0.22
24.45,91.85,19.0,0.61
24.45,91.9,21.0,0.99
24.45,91.95,26.0,0.87
24.45,92.0,23.0,0.58
24.45,92.05,46.0,4.15
24.45,92.1,87.0,3.21
24.45,92.15,24.0,0.41
24.45,92.2,23.0,0.84
24.45,92.25,36.0,1.12
24.45,92.3,58.0,1.3
24.45,92.35,59.0,1.87
24.45,92.4,44.0,0.1
24.45,92.45,34.0,0.24
24.45,92.5,126.0,10.02
24.45,92.55,45.0,1.5
24.45,92.6,42.0,2.4
24.45,92.65,50.0,1.27
24.45,92.7,55.0,0.8
24.45,92.75,70.0,4.15
24.45,92.8,41.0,0.62
24.45,92.85,75.0,4.36
24.45,92.9,117.0,2.39
24.45,92.95,83.0,4.11
24.45,93.0,213.0,15.11
24.45,93.05,87.0,4.26
24.45,93.1,706.0,22.45
24.45,93.15,174.0,17.55
24.45,93.2,239.0,14.47
24.45,93.25,183.0,7.88
24.45,93.3,361.0,17.71
24.45,93.35,326.0,16.88
24.45,93.4,774.0,8.0
24.45,93.45,870.0,27.53
24.45,93.5,1239.0,12.96
24.45,93.55,761.0,11.02
24.45,93.6,746.0,9.31
24.45,93.65,1560.0,21.95
24.45,93.7,890.0,9.26
24.45,93.75,786.0,0.32
24.45,93.8,769.0,0.25
24.45,93.85,769.0,0.19
24.45,93.9,769.0,0.14
24.45,93.95,771.0,0.19
24.45,94.0,830.0,3.45
24.45,94.05,890.0,10.2
24.45,94.1,897.0,13.65
24.45,94.15,1163.0,26.21
24.45,94.2,1388.0,25.73
24.45,94.25,981.0,21.61
24.45,94.3,670.0,17.13
24.45,94.35,383.0,8.81
24.45,94.4,210.0,6.46
24.45,94.45,193.0,0.85
24.45,94.5,178.0,0.89
24.45,94.55,410.0,25.99
24.45,94.6,548.0,3.67
24.45,94.65,299.0,3.43
24.45,94.7,117.0,0.45
24.45,94.75,186.0,1.26
24.45,94.8,171.0,1.31
24.45,94.85,127.0,0.29
24.45,94.9,138.0,0.66
24.45,94.95,182.0,1.45
24.45,95.0,173.0,0.33
24.45,95.05,204.0,3.64
24.45,95.1,232.0,6.34
24.45,95.15,256.0,3.36
24.45,95.2,328.0,0.25
24.45,95.25,363.0,6.58
24.45,95.3,465.0,4.87
24.45,95.35,498.0,12.09
24.45,95.4,563.0,22.46
24.45,95.45,334.0,4.27
24.45,95.5,359.0,3.77
24.45,95.55,309.0,2.16
24.45,95.6,260.0,0.67
24.45,95.65,276.0,2.76
24.45,95.7,697.0,9.06
24.45,95.75,374.0,14.62
24.45,95.8,376.0,12.75
24.45,95.85,216.0,6.3
24.45,95.9,155.0,0.5
24.45,95.95,188.0,4.02
24.45,96.0,195.0,2.42
24.45,96.05,142.0,1.0
24.45,96.1,165.0,2.9
24.45,96.15,137.0,0.43
24.45,96.2,162.0,0.65
24.45,96.25,384.0,16.38
24.45,96.3,871.0,13.48
24.45,96.35,536.0,9.62
24.45,96.4,248.0,3.15
24.45,96.45,218.0,2.89
24.5,89.5,15.0,0.2
24.5,89.55,15.0,0.06
24.5,89.6,20.0,0.25
24.5,89.65,19.0,0.29
24.5,89.7,10.0,0.37
24.5,89.75,16.0,0.41
24.5,89.8,15.0,0.08
24.5,89.85,18.0,0.55
24.5,89.9,15.0,0.29
24.5,89.95,13.0,0.63
24.5,90.0,30.0,1.37
24.5,90.05,19.0,1.37
24.5,90.1,12.0,0.37
24.5,90.15,23.0,0.3
24.5,90.2,19.0,0.1
24.5,90.25,15.0,1.0
24.5,90.3,10.0,0.2
24.5,90.35,15.0,0.2
24.5,90.4,11.0,0.88
24.5,90.45,13.0,0.43
24.5,90.5,12.0,0.66
24.5,90.55,8.0,0.06
24.5,90.6,13.0,0.5
24.5,90.65,12.0,0.22
24.5,90.7,10.0,0.44
24.5,90.75,14.0,0.25
24.5,90.8,9.0,0.28
24.5,90.85,10.0,0.41
24.5,90.9,10.0,0.35
24.5,90.95,12.0,0.81
24.5,91.0,8.0,0.43
24.5,91.05,5.0,0.32
24.5,91.1,9.0,0.54
24.5,91.15,5.0,0.03
24.5,91.2,9.0,0.47
24.5,91.25,8.0,0.1
24.5,91.3,8.0,0.17
24.5,91.35,10.0,0.18
24.5,91.4,8.0,0.34
24.5,91.45,8.0,0.04
24.5,91.5,9.0,0.12
24.5,91.55,10.0,0.15
24.5,91.6,19.0,0.88
24.5,91.65,10.0,0.52
24.5,91.7,16.0,0.52
24.5,91.75,21.0,0.77
24.5,91.8,19.0,0.27
24.5,91.85,19.0,0.43
24.5,91.9,33.0,2.19
24.5,91.95,27.0,0.64
24.5,92.0,19.0,0.4
24.5,92.05,25.0,0.19
24.5,92.1,42.0,2.38
24.5,92.15,26.0,0.64
24.5,92.2,30.0,0.8
24.5,92.25,24.0,0.32
24.5,92.3,39.0,0.47
24.5,92.35,48.0,1.05
24.5,92.4,54.0,0.88
24.5,92.45,50.0,0.19
24.5,92.5,69.0,3.63
24.5,92.55,32.0,0.4
24.5,92.6,39.0,0.8
24.5,92.65,67.0,3.11
24.5,92.7,95.0,9.97
24.5,92.75,86.0,2.21
24.5,92.8,45.0,2.87
24.5,92.85,40.0,0.44
24.5,92.9,112.0,12.12
24.5,92.95,42.0,2.92
24.5,93.0,443.0,9.32
24.5,93.05,126.0,8.08
24.5,93.1,403.0,17.97
24.5,93.15,188.0,11.64
24.5,93.2,426.0,15.78
24.5,93.25,118.0,9.55
24.5,93.3,603.0,16.24
24.5,93.35,429.0,16.03
24.5,93.4,381.0,4.31
24.5,93.45,437.0,8.22
24.5,93.5,610.0,21.13
24.5,93.55,821.0,13.47
24.5,93.6,768.0,12.09
24.5,93.65,1253.0,24.37
24.5,93.7,1249.0,7.78
24.5,93.75,778.0,0.16
24.5,93.8,772.0,0.38
24.5,93.85,771.0,0.39
24.5,93.9,770.0,0.18
24.5,93.95,772.0,0.28
24.5,94.0,781.0,0.15
24.5,94.05,852.0,4.86
24.5,94.1,950.0,8.85
24.5,94.15,1491.0,25.24
24.5,94.2,1068.0,21.64
24.5,94.25,849.0,12.26
24.5,94.3,502.0,9.94
24.5,94.35,750.0,21.62
24.5,94.4,605.0,15.23
24.5,94.45,222.0,1.57
24.5,94.5,189.0,0.42
24.5,94.55,338.0,6.57
24.5,94.6,324.0,6.97
24.5,94.65,294.0,4.98
24.5,94.7,142.0,1.9
24.5,94.75,127.0,2.3
24.5,94.8,227.0,0.7
24.5,94.85,138.0,2.16
24.5,94.9,136.0,2.24
24.5,94.95,209.0,0.71
24.5,95.0,188.0,4.29
24.5,95.05,227.0,4.65
24.5,95.1,205.0,2.56
24.5,95.15,277.0,1.39
24.5,95.2,267.0,2.18
24.5,95.25,291.0,3.67
24.5,95.3,376.0,6.24
24.5,95.35,427.0,13.67
24.5,95.4,476.0,6.7
24.5,95.45,295.0,4.46
24.5,95.5,289.0,1.97
24.5,95.55,244.0,1.31
24.5,95.6,234.0,1.23
24.5,95.65,244.0,1.07
24.5,95.7,256.0,4.92
24.5,95.75,343.0,8.68
24.5,95.8,878.0,11.48
24.5,95.85,507.0,17.48
24.5,95.9,206.0,3.67
24.5,95.95,149.0,2.86
24.5,96.0,352.0,2.42
24.5,96.05,155.0,0.32
24.5,96.1,159.0,1.1
24.5,96.15,142.0,0.1
24.5,96.2,189.0,1.07
24.5,96.25,249.0,8.01
24.5,96.3,899.0,16.1
24.5,96.35,809.0,14.87
24.5,96.4,255.0,4.83
24.5,96.45,167.0,1.24
24.55,89.5,15.0,0.21
24.55,89.55,17.0,0.7
24.55,89.6,16.0,0.07
24.55,89.65,16.0,0.25
24.55,89.7,8.0,0.0
24.55,89.75,13.0,0.13
24.55,89.8,16.0,0.46
24.55,89.85,16.0,0.19
24.55,89.9,15.0,0.38
24.55,89.95,13.0,0.18
24.55,90.0,14.0,0.41
24.55,90.05,23.0,1.41
24.55,90.1,15.0,0.7
24.55,90.15,21.0,0.35
24.55,90.2,18.0,0.56
24.55,90.25,18.0,0.29
24.55,90.3,11.0,0.3
24.55,90.35,12.0,0.32
24.55,90.4,18.0,0.41
24.55,90.45,14.0,0.48
24.55,90.5,19.0,0.39
24.55,90.55,16.0,0.28
24.55,90.6,15.0,0.15
24.55,90.65,14.0,0.09
24.55,90.7,15.0,0.2
24.55,90.75,10.0,0.32
24.55,90.8,14.0,0.12
24.55,90.85,7.0,0.35
24.55,90.9,8.0,0.08
24.55,90.95,6.0,0.15
24.55,91.0,7.0,0.41
24.55,91.05,6.0,0.04
24.55,91.1,6.0,0.24
24.55,91.15,6.0,0.17
24.55,91.2,7.0,0.17
24.55,91.25,12.0,0.34
24.55,91.3,9.0,0.14
24.55,91.35,9.0,0.05
24.55,91.4,8.0,0.29
24.55,91.45,10.0,0.22
24.55,91.5,12.0,0.55
24.55,91.55,12.0,0.53
24.55,91.6,9.0,0.33
24.55,91.65,7.0,0.46
24.55,91.7,10.0,0.09
24.55,91.75,15.0,0.48
24.55,91.8,9.0,0.24
24.55,91.85,16.0,0.28
24.55,91.9,18.0,0.66
24.55,91.95,44.0,1.08
24.55,92.0,18.0,0.3
24.55,92.05,15.0,0.34
24.55,92.1,17.0,0.29
24.55,92.15,22.0,0.84
24.55,92.2,61.0,3.5
24.55,92.25,34.0,0.86
24.55,92.3,35.0,0.71
24.55,92.35,43.0,0.23
24.55,92.4,28.0,0.61
24.55,92.45,26.0,1.52
24.55,92.5,39.0,0.56
24.55,92.55,35.0,2.52
24.55,92.6,31.0,0.75
24.55,92.65,48.0,0.7
24.55,92.7,65.0,3.92
24.55,92.75,49.0,2.23
24.55,92.8,86.0,4.73
24.55,92.85,42.0,1.38
24.55,92.9,44.0,2.58
24.55,92.95,41.0,0.69
24.55,93.0,557.0,16.63
24.55,93.05,42.0,2.35
24.55,93.1,214.0,10.12
24.55,93.15,251.0,8.63
24.55,93.2,119.0,4.28
24.55,93.25,299.0,8.07
24.55,93.3,386.0,24.12
24.55,93.35,646.0,8.02
24.55,93.4,921.0,9.12
24.55,93.45,586.0,16.46
24.55,93.5,1096.0,16.49
24.55,93.55,1252.0,11.59
24.55,93.6,1035.0,20.98
24.55,93.65,645.0,9.81
24.55,93.7,1038.0,20.97
24.55,93.75,781.0,0.64
24.55,93.8,768.0,0.0
24.55,93.85,772.0,0.13
24.55,93.9,772.0,0.49
24.55,93.95,772.0,0.12
24.55,94.0,773.0,0.37
24.55,94.05,791.0,0.4
24.55,94.1,876.0,9.13
24.55,94.15,1250.0,26.58
24.55,94.2,1490.0,4.5
24.55,94.25,960.0,20.36
24.55,94.3,1000.0,3.4
24.55,94.35,353.0,18.82
24.55,94.4,717.0,21.62
24.55,94.45,268.0,9.33
24.55,94.5,211.0,0.25
24.55,94.55,232.0,3.63
24.55,94.6,535.0,9.06
24.55,94.65,239.0,4.61
24.55,94.7,128.0,2.16
24.55,94.75,153.0,2.7
24.55,94.8,203.0,0.81
24.55,94.85,193.0,1.24
24.55,94.9,191.0,0.64
24.55,94.95,217.0,0.93
24.55,95.0,224.0,1.76
24.55,95.05,166.0,2.87
24.55,95.1,203.0,1.18
24.55,95.15,196.0,2.66
24.55,95.2,282.0,3.52
24.55,95.25,280.0,5.23
24.55,95.3,324.0,3.96
24.55,95.35,428.0,8.92
24.55,95.4,451.0,13.45
24.55,95.45,570.0,5.19
24.55,95.5,466.0,7.73
24.55,95.55,257.0,0.72
24.55,95.6,256.0,1.77
24.55,95.65,242.0,1.38
24.55,95.7,558.0,18.95
24.55,95.75,355.0,7.8
24.55,95.8,684.0,5.0
24.55,95.85,755.0,16.09
24.55,95.9,648.0,31.09
24.55,95.95,154.0,0.37
24.55,96.0,412.0,6.89
24.55,96.05,183.0,3.92
24.55,96.1,177.0,1.86
24.55,96.15,176.0,2.43
24.55,96.2,155.0,0.4
24.55,96.25,206.0,0.48
24.55,96.3,706.0,13.0
24.55,96.35,1191.0,10.5
24.55,96.4,389.0,4.88
24.55,96.45,234.0,1.56
24.6,89.5,16.0,0.55
24.6,89.55,16.0,0.24
24.6,89.6,17.0,0.57
24.6,89.65,16.0,0.37
24.6,89.7,8.0,0.0
24.6,89.75,18.0,0.07
24.6,89.8,8.0,0.87
24.6,89.85,18.0,0.43
24.6,89.9,18.0,0.06
24.6,89.95,15.0,0.32
24.6,90.0,16.0,0.32
24.6,90.05,14.0,0.29
24.6,90.1,26.0,0.54
24.6,90.15,21.0,0.21
24.6,90.2,12.0,0.41
24.6,90.25,15.0,0.17
24.6,90.3,15.0,0.49
24.6,90.35,16.0,0.2
24.6,90.4,10.0,0.12
24.6,90.45,13.0,0.58
24.6,90.5,14.0,0.43
24.6,90.55,15.0,0.21
24.6,90.6,15.0,0.37
24.6,90.65,13.0,0.53
24.6,90.7,11.0,0.52
24.6,90.75,10.0,0.49
24.6,90.8,14.0,0.3
24.6,90.85,10.0,0.51
24.6,90.9,7.0,0.28
24.6,90.95,10.0,0.51
24.6,91.0,4.0,0.38
24.6,91.05,7.0,0.28
24.6,91.1,7.0,0.24
24.6,91.15,6.0,0.22
24.6,91.2,4.0,0.42
24.6,91.25,6.0,0.31
24.6,91.3,10.0,0.01
24.6,91.35,7.0,0.25
24.6,91.4,5.0,0.18
24.6,91.45,8.0,0.22
24.6,91.5,12.0,0.55
24.6,91.55,11.0,0.06
24.6,91.6,10.0,0.23
24.6,91.65,14.0,0.39
24.6,91.7,15.0,0.61
24.6,91.75,11.0,0.68
24.6,91.8,6.0,0.17
24.6,91.85,12.0,0.24
24.6,91.9,21.0,0.63
24.6,91.95,50.0,2.4
24.6,92.0,14.0,0.48
24.6,92.05,11.0,0.28
24.6,92.1,14.0,0.27
24.6,92.15,37.0,1.92
24.6,92.2,34.0,0.37
24.6,92.25,56.0,1.06
24.6,92.3,24.0,0.49
24.6,92.35,52.0,2.62
24.6,92.4,21.0,0.15
24.6,92.45,18.0,0.07
24.6,92.5,53.0,0.73
24.6,92.55,32.0,0.48
24.6,92.6,35.0,0.58
24.6,92.65,31.0,1.06
24.6,92.7,46.0,1.81
24.6,92.75,46.0,0.37
24.6,92.8,80.0,3.69
24.6,92.85,34.0,0.57
24.6,92.9,40.0,0.83
24.6,92.95,37.0,0.42
24.6,93.0,149.0,13.24
24.6,93.05,112.0,11.4
24.6,93.1,41.0,1.73
24.6,93.15,207.0,4.5
24.6,93.2,109.0,0.49
24.6,93.25,244.0,1.04
24.6,93.3,542.0,13.07
24.6,93.35,287.0,12.65
24.6,93.4,166.0,19.46
24.6,93.45,740.0,21.29
24.6,93.5,1003.0,10.38
24.6,93.55,1374.0,22.38
24.6,93.6,1063.0,19.08
24.6,93.65,921.0,22.59
24.6,93.7,1076.0,17.06
24.6,93.75,797.0,1.52
24.6,93.8,768.0,0.44
24.6,93.85,769.0,0.1
24.6,93.9,771.0,0.35
24.6,93.95,773.0,0.07
24.6,94.0,773.0,0.39
24.6,94.05,776.0,0.62
24.6,94.1,830.0,2.83
24.6,94.15,1007.0,20.25
24.6,94.2,940.0,11.18
24.6,94.25,896.0,21.79
24.6,94.3,972.0,14.8
24.6,94.35,890.0,7.64
24.6,94.4,687.0,15.33
24.6,94.45,391.0,11.65
24.6,94.5,369.0,7.67
24.6,94.55,206.0,0.74
24.6,94.6,703.0,9.29
24.6,94.65,261.0,6.02
24.6,94.7,135.0,4.7
24.6,94.75,183.0,0.54
24.6,94.8,189.0,2.47
24.6,94.85,177.0,0.43
24.6,94.9,185.0,0.25
24.6,94.95,191.0,0.15
24.6,95.0,185.0,2.17
24.6,95.05,202.0,1.15
24.6,95.1,208.0,2.28
24.6,95.15,208.0,4.17
24.6,95.2,227.0,1.32
24.6,95.25,249.0,1.76
24.6,95.3,239.0,1.26
24.6,95.35,259.0,8.39
24.6,95.4,405.0,5.19
24.6,95.45,268.0,7.0
24.6,95.5,343.0,14.05
24.6,95.55,289.0,2.1
24.6,95.6,246.0,4.54
24.6,95.65,215.0,2.61
24.6,95.7,256.0,4.82
24.6,95.75,883.0,14.16
24.6,95.8,535.0,1.9
24.6,95.85,544.0,3.24
24.6,95.9,212.0,8.13
24.6,95.95,175.0,6.47
24.6,96.0,473.0,8.43
24.6,96.05,212.0,2.35
24.6,96.1,186.0,2.56
24.6,96.15,332.0,6.77
24.6,96.2,163.0,0.52
24.6,96.25,238.0,9.46
24.6,96.3,574.0,12.04
24.6,96.35,1001.0,16.44
24.6,96.4,578.0,9.61
24.6,96.45,241.0,3.15
24.65,89.5,11.0,0.45
24.65,89.55,21.0,0.21
24.65,89.6,19.0,0.54
24.65,89.65,16.0,0.32
24.65,89.7,14.0,0.39
24.65,89.75,18.0,0.17
24.65,89.8,18.0,0.46
24.65,89.85,19.0,0.62
24.65,89.9,18.0,0.55
24.65,89.95,19.0,0.12
24.65,90.0,19.0,0.55
24.65,90.05,23.0,0.49
24.65,90.1,23.0,0.12
24.65,90.15,20.0,0.36
24.65,90.2,17.0,0.11
24.65,90.25,14.0,0.29
24.65,90.3,14.0,0.18
24.65,90.35,14.0,0.4
24.65,90.4,13.0,0.05
24.65,90.45,18.0,0.55
24.65,90.5,13.0,0.76
24.65,90.55,16.0,0.32
24.65,90.6,13.0,0.23
24.65,90.65,15.0,0.16
24.65,90.7,15.0,0.19
24.65,90.75,12.0,0.21
24.65,90.8,12.0,0.48
24.65,90.85,12.0,0.26
24.65,90.9,9.0,0.24
24.65,90.95,8.0,1.19
24.65,91.0,8.0,0.09
24.65,91.05,7.0,0.34
24.65,91.1,7.0,0.15
24.65,91.15,6.0,0.18
24.65,91.2,11.0,0.33
24.65,91.25,5.0,0.14
24.65,91.3,9.0,0.14
24.65,91.35,6.0,0.16
24.65,91.4,9.0,0.11
24.65,91.45,10.0,0.31
24.65,91.5,10.0,0.3
24.65,91.55,13.0,0.84
24.65,91.6,14.0,0.17
24.65,91.65,12.0,0.48
24.65,91.7,18.0,0.78
24.65,91.75,13.0,0.8
24.65,91.8,11.0,0.15
24.65,91.85,11.0,0.11
24.65,91.9,20.0,0.71
24.65,91.95,35.0,1.73
24.65,92.0,13.0,0.55
24.65,92.05,10.0,0.09
24.65,92.1,12.0,0.32
24.65,92.15,18.0,0.11
24.65,92.2,26.0,0.88
24.65,92.25,146.0,6.1
24.65,92.3,25.0,0.42
24.65,92.35,29.0,2.81
24.65,92.4,71.0,4.49
24.65,92.45,15.0,0.17
24.65,92.5,49.0,2.81
24.65,92.55,25.0,0.71
24.65,92.6,28.0,0.19
24.65,92.65,46.0,0.64
24.65,92.7,33.0,0.73
24.65,92.75,27.0,0.14
24.65,92.8,81.0,9.23
24.65,92.85,25.0,0.2
24.65,92.9,30.0,0.44
24.65,92.95,28.0,0.62
24.65,93.0,169.0,22.72
24.65,93.05,82.0,7.16
24.65,93.1,62.0,2.81
24.65,93.15,126.0,15.22
24.65,93.2,227.0,11.49
24.65,93.25,384.0,16.12
24.65,93.3,533.0,19.59
24.65,93.35,920.0,19.05
24.65,93.4,667.0,22.01
24.65,93.45,660.0,26.37
24.65,93.5,838.0,16.55
24.65,93.55,753.0,7.14
24.65,93.6,872.0,17.97
24.65,93.65,865.0,22.3
24.65,93.7,1482.0,15.63
24.65,93.75,978.0,3.04
24.65,93.8,769.0,0.18
24.65,93.85,774.0,0.18
24.65,93.9,773.0,0.63
24.65,93.95,779.0,0.63
24.65,94.0,782.0,0.72
24.65,94.05,783.0,0.13
24.65,94.1,818.0,0.87
24.65,94.15,1293.0,24.71
24.65,94.2,1502.0,23.47
24.65,94.25,919.0,26.54
24.65,94.3,1267.0,20.69
24.65,94.35,489.0,14.91
24.65,94.4,371.0,15.92
24.65,94.45,542.0,12.0
24.65,94.5,851.0,28.81
24.65,94.55,224.0,2.5
24.65,94.6,573.0,20.31
24.65,94.65,290.0,10.41
24.65,94.7,166.0,3.03
24.65,94.75,177.0,1.3
24.65,94.8,175.0,0.44
24.65,94.85,175.0,1.06
24.65,94.9,173.0,1.17
24.65,94.95,157.0,3.37
24.65,95.0,180.0,0.75
24.65,95.05,190.0,1.44
24.65,95.1,185.0,1.33
24.65,95.15,184.0,0.78
24.65,95.2,213.0,3.38
24.65,95.25,202.0,1.6
24.65,95.3,257.0,2.11
24.65,95.35,283.0,4.73
24.65,95.4,316.0,1.04
24.65,95.45,284.0,3.1
24.65,95.5,315.0,3.05
24.65,95.55,393.0,11.19
24.65,95.6,318.0,6.62
24.65,95.65,219.0,0.25
24.65,95.7,264.0,0.43
24.65,95.75,395.0,5.6
24.65,95.8,798.0,12.2
24.65,95.85,355.0,8.82
24.65,95.9,446.0,12.9
24.65,95.95,291.0,11.29
24.65,96.0,524.0,11.42
24.65,96.05,239.0,7.87
24.65,96.1,180.0,7.74
24.65,96.15,490.0,12.34
24.65,96.2,333.0,5.02
24.65,96.25,256.0,0.31
24.65,96.3,284.0,3.61
24.65,96.35,412.0,9.64
24.65,96.4,984.0,12.13
24.65,96.45,458.0,12.39
24.7,89.5,15.0,0.18
24.7,89.55,16.0,0.43
24.7,89.6,16.0,0.22
24.7,89.65,14.0,0.34
24.7,89.7,21.0,0.54
24.7,89.75,16.0,0.76
24.7,89.8,17.0,0.67
24.7,89.85,17.0,0.86
24.7,89.9,20.0,0.05
24.7,89.95,21.0,0.21
24.7,90.0,27.0,0.18
24.7,90.05,25.0,0.12
24.7,90.1,21.0,0.49
24.7,90.15,16.0,0.74
24.7,90.2,19.0,0.41
24.7,90.25,15.0,0.26
24.7,90.3,16.0,0.18
24.7,90.35,16.0,0.17
24.7,90.4,11.0,0.06
24.7,90.45,15.0,0.67
24.7,90.5,16.0,0.57
24.7,90.55,14.0,0.55
24.7,90.6,12.0,0.49
24.7,90.65,13.0,0.59
24.7,90.7,14.0,0.49
24.7,90.75,12.0,0.27
24.7,90.8,16.0,0.24
24.7,90.85,14.0,0.57
24.7,90.9,11.0,0.4
24.7,90.95,8.0,0.16
24.7,91.0,8.0,0.04
24.7,91.05,8.0,0.19
24.7,91.1,4.0,0.17
24.7,91.15,7.0,0.32
24.7,91.2,6.0,0.05
24.7,91.25,6.0,0.17
24.7,91.3,10.0,0.01
24.7,91.35,7.0,0.15
24.7,91.4,7.0,0.07
24.7,91.45,7.0,0.19
24.7,91.5,11.0,0.41
24.7,91.55,10.0,0.52
24.7,91.6,12.0,0.64
24.7,91.65,10.0,0.11
24.7,91.7,13.0,0.32
24.7,91.75,12.0,0.06
24.7,91.8,17.0,0.46
24.7,91.85,12.0,0.35
24.7,91.9,12.0,0.44
24.7,91.95,26.0,0.53
24.7,92.0,10.0,0.28
24.7,92.05,16.0,0.37
24.7,92.1,18.0,1.34
24.7,92.15,22.0,0.21
24.7,92.2,24.0,0.22
24.7,92.25,71.0,2.87
24.7,92.3,43.0,1.74
24.7,92.35,24.0,0.32
24.7,92.4,34.0,1.16
24.7,92.45,14.0,0.46
24.7,92.5,72.0,5.84
24.7,92.55,27.0,0.66
24.7,92.6,26.0,0.48
24.7,92.65,35.0,1.74
24.7,92.7,34.0,0.94
24.7,92.75,30.0,1.56
24.7,92.8,28.0,0.87
24.7,92.85,25.0,0.46
24.7,92.9,26.0,0.61
24.7,92.95,28.0,0.07
24.7,93.0,39.0,4.65
24.7,93.05,150.0,10.65
24.7,93.1,114.0,1.86
24.7,93.15,196.0,18.26
24.7,93.2,249.0,19.01
24.7,93.25,556.0,11.24
24.7,93.3,304.0,16.28
24.7,93.35,440.0,19.04
24.7,93.4,968.0,9.46
24.7,93.45,215.0,11.74
24.7,93.5,820.0,25.46
24.7,93.55,1358.0,24.65
24.7,93.6,462.0,7.73
24.7,93.65,870.0,18.36
24.7,93.7,1086.0,17.26
24.7,93.75,1113.0,13.79
24.7,93.8,779.0,0.36
24.7,93.85,772.0,0.33
24.7,93.9,775.0,0.95
24.7,93.95,776.0,0.31
24.7,94.0,949.0,11.41
24.7,94.05,781.0,0.64
24.7,94.1,844.0,4.77
24.7,94.15,1099.0,22.48
24.7,94.2,1325.0,21.36
24.7,94.25,1258.0,20.74
24.7,94.3,887.0,23.99
24.7,94.35,943.0,13.15
24.7,94.4,505.0,13.56
24.7,94.45,506.0,18.16
24.7,94.5,527.0,11.95
24.7,94.55,258.0,0.43
24.7,94.6,252.0,1.02
24.7,94.65,605.0,21.72
24.7,94.7,218.0,3.79
24.7,94.75,184.0,0.85
24.7,94.8,136.0,0.4
24.7,94.85,162.0,0.72
24.7,94.9,160.0,1.22
24.7,94.95,143.0,2.22
24.7,95.0,173.0,2.13
24.7,95.05,175.0,1.32
24.7,95.1,178.0,0.42
24.7,95.15,155.0,2.24
24.7,95.2,180.0,3.02
24.7,95.25,220.0,0.49
24.7,95.3,232.0,1.93
24.7,95.35,191.0,1.14
24.7,95.4,292.0,3.18
24.7,95.45,230.0,3.74
24.7,95.5,287.0,4.12
24.7,95.55,403.0,7.79
24.7,95.6,350.0,9.9
24.7,95.65,202.0,0.94
24.7,95.7,213.0,0.9
24.7,95.75,225.0,1.61
24.7,95.8,290.0,5.91
24.7,95.85,346.0,6.51
24.7,95.9,472.0,9.54
24.7,95.95,355.0,10.78
24.7,96.0,833.0,13.59
24.7,96.05,397.0,20.21
24.7,96.1,662.0,21.31
24.7,96.15,497.0,7.66
24.7,96.2,584.0,3.58
24.7,96.25,273.0,1.1
24.7,96.3,231.0,0.51
24.7,96.35,450.0,6.11
24.7,96.4,771.0,17.99
24.7,96.45,572.0,9.2
24.75,89.5,15.0,0.52
24.75,89.55,18.0,0.71
24.75,89.6,18.0,0.21
24.75,89.65,9.0,0.0
24.75,89.7,17.0,0.27
24.75,89.75,20.0,0.73
24.75,89.8,19.0,0.26
24.75,89.85,19.0,0.09
24.75,89.9,19.0,0.46
24.75,89.95,15.0,0.32
24.75,90.0,21.0,0.72
24.75,90.05,18.0,0.17
24.75,90.1,18.0,0.1
24.75,90.15,17.0,0.19
24.75,90.2,15.0,0.28
24.75,90.25,16.0,0.44
24.75,90.3,16.0,0.09
24.75,90.35,18.0,0.24
24.75,90.4,17.0,0.53
24.75,90.45,14.0,0.42
24.75,90.5,17.0,0.68
24.75,90.55,14.0,0.58
24.75,90.6,13.0,0.93
24.75,90.65,14.0,0.24
24.75,90.7,12.0,0.64
24.75,90.75,13.0,0.74
24.75,90.8,10.0,0.21
24.75,90.85,11.0,0.57
24.75,90.9,7.0,0.35
24.75,90.95,9.0,0.28
24.75,91.0,8.0,0.22
24.75,91.05,7.0,0.13
24.75,91.1,3.0,0.28
24.75,91.15,5.0,0.22
24.75,91.2,6.0,0.18
24.75,91.25,9.0,0.19
24.75,91.3,7.0,0.32
24.75,91.35,6.0,0.04
24.75,91.4,8.0,0.1
24.75,91.45,6.0,0.09
24.75,91.5,7.0,0.17
24.75,91.55,7.0,0.37
24.75,91.6,12.0,0.27
24.75,91.65,11.0,0.44
24.75,91.7,16.0,0.51
24.75,91.75,16.0,1.28
24.75,91.8,14.0,0.78
24.75,91.85,11.0,0.64
24.75,91.9,15.0,0.17
24.75,91.95,10.0,0.64
24.75,92.0,13.0,0.19
24.75,92.05,14.0,0.16
24.75,92.1,19.0,0.7
24.75,92.15,23.0,0.62
24.75,92.2,23.0,0.4
24.75,92.25,33.0,1.18
24.75,92.3,34.0,0.82
24.75,92.35,22.0,0.1
24.75,92.4,37.0,2.13
24.75,92.45,25.0,0.62
24.75,92.5,40.0,2.87
24.75,92.55,40.0,2.09
24.75,92.6,22.0,0.31
24.75,92.65,20.0,1.1
24.75,92.7,29.0,0.14
24.75,92.75,20.0,0.67
24.75,92.8,19.0,0.4
24.75,92.85,27.0,1.01
24.75,92.9,24.0,0.69
24.75,92.95,23.0,0.13
24.75,93.0,31.0,0.18
24.75,93.05,116.0,4.4
24.75,93.1,31.0,0.32
24.75,93.15,70.0,2.0
24.75,93.2,185.0,2.95
24.75,93.25,549.0,22.76
24.75,93.3,507.0,13.73
24.75,93.35,326.0,18.62
24.75,93.4,590.0,15.73
24.75,93.45,310.0,18.06
24.75,93.5,692.0,36.25
24.75,93.55,663.0,19.92
24.75,93.6,468.0,12.81
24.75,93.65,1165.0,21.27
24.75,93.7,1144.0,12.69
24.75,93.75,1418.0,17.42
24.75,93.8,785.0,0.51
24.75,93.85,774.0,0.51
24.75,93.9,777.0,0.46
24.75,93.95,775.0,0.15
24.75,94.0,792.0,1.76
24.75,94.05,800.0,1.26
24.75,94.1,1089.0,15.51
24.75,94.15,916.0,7.13
24.75,94.2,1777.0,15.39
24.75,94.25,1233.0,20.25
24.75,94.3,516.0,9.36
24.75,94.35,1365.0,20.21
24.75,94.4,1225.0,25.84
24.75,94.45,821.0,25.55
24.75,94.5,1062.0,3.13
24.75,94.55,424.0,7.43
24.75,94.6,514.0,12.07
24.75,94.65,626.0,7.86
24.75,94.7,291.0,17.76
24.75,94.75,130.0,0.69
24.75,94.8,123.0,0.37
24.75,94.85,118.0,0.39
24.75,94.9,125.0,0.73
24.75,94.95,155.0,2.36
24.75,95.0,158.0,0.22
24.75,95.05,141.0,1.86
24.75,95.1,178.0,2.24
24.75,95.15,159.0,0.66
24.75,95.2,176.0,0.96
24.75,95.25,189.0,1.46
24.75,95.3,201.0,5.43
24.75,95.35,178.0,2.29
24.75,95.4,200.0,0.81
24.75,95.45,177.0,1.98
24.75,95.5,206.0,2.25
24.75,95.55,268.0,6.8
24.75,95.6,519.0,4.99
24.75,95.65,214.0,2.12
24.75,95.7,223.0,2.98
24.75,95.75,263.0,0.82
24.75,95.8,267.0,1.6
24.75,95.85,314.0,8.24
24.75,95.9,470.0,13.9
24.75,95.95,383.0,1.45
24.75,96.0,785.0,15.93
24.75,96.05,882.0,8.9
24.75,96.1,322.0,4.86
24.75,96.15,707.0,7.3
24.75,96.2,494.0,5.15
24.75,96.25,361.0,6.92
24.75,96.3,243.0,0.75
24.75,96.35,221.0,0.47
24.75,96.4,437.0,14.4
24.75,96.45,755.0,9.02
24.8,89.5,17.0,0.16
24.8,89.55,22.0,0.27
24.8,89.6,22.0,0.54
24.8,89.65,19.0,0.42
24.8,89.7,18.0,0.13
24.8,89.75,18.0,0.3
24.8,89.8,14.0,0.1
24.8,89.85,11.0,0.55
24.8,89.9,18.0,0.28
24.8,89.95,18.0,0.71
24.8,90.0,18.0,0.25
24.8,90.05,19.0,0.31
24.8,90.1,15.0,0.53
24.8,90.15,16.0,0.42
24.8,90.2,15.0,0.23
24.8,90.25,15.0,0.68
24.8,90.3,16.0,0.17
24.8,90.35,13.0,0.31
24.8,90.4,18.0,0.19
24.8,90.45,19.0,0.4
24.8,90.5,16.0,0.13
24.8,90.55,13.0,0.31
24.8,90.6,11.0,0.44
24.8,90.65,11.0,0.33
24.8,90.7,11.0,0.24
24.8,90.75,11.0,0.27
24.8,90.8,13.0,0.28
24.8,90.85,12.0,0.4
24.8,90.9,6.0,0.18
24.8,90.95,11.0,0.19
24.8,91.0,8.0,0.34
24.8,91.05,6.0,0.1
24.8,91.1,7.0,0.19
24.8,91.15,6.0,0.31
24.8,91.2,6.0,0.0
24.8,91.25,14.0,0.35
24.8,91.3,10.0,0.22
24.8,91.35,8.0,0.13
24.8,91.4,7.0,0.25
24.8,91.45,8.0,0.46
24.8,91.5,8.0,0.17
24.8,91.55,9.0,0.19
24.8,91.6,12.0,0.31
24.8,91.65,11.0,0.32
24.8,91.7,16.0,0.71
24.8,91.75,13.0,0.47
24.8,91.8,15.0,0.39
24.8,91.85,14.0,0.67
24.8,91.9,15.0,0.26
24.8,91.95,11.0,0.18
24.8,92.0,29.0,0.64
24.8,92.05,13.0,1.1
24.8,92.1,16.0,0.76
24.8,92.15,17.0,0.56
24.8,92.2,15.0,0.65
24.8,92.25,48.0,0.93
24.8,92.3,43.0,0.54
24.8,92.35,19.0,0.41
24.8,92.4,18.0,1.03
24.8,92.45,22.0,0.81
24.8,92.5,19.0,0.73
24.8,92.55,40.0,2.46
24.8,92.6,28.0,0.45
24.8,92.65,21.0,0.39
24.8,92.7,67.0,3.22
24.8,92.75,19.0,0.42
24.8,92.8,27.0,0.16
24.8,92.85,20.0,0.16
24.8,92.9,25.0,0.13
24.8,92.95,26.0,0.3
24.8,93.0,27.0,0.11
24.8,93.05,141.0,5.95
24.8,93.1,51.0,1.84
24.8,93.15,33.0,0.5
24.8,93.2,57.0,5.97
24.8,93.25,228.0,8.76
24.8,93.3,807.0,12.13
24.8,93.35,364.0,11.3
24.8,93.4,368.0,6.87
24.8,93.45,688.0,26.02
24.8,93.5,410.0,16.7
24.8,93.55,418.0,7.36
24.8,93.6,588.0,9.32
24.8,93.65,522.0,22.54
24.8,93.7,700.0,25.86
24.8,93.75,1483.0,5.69
24.8,93.8,814.0,1.16
24.8,93.85,783.0,0.15
24.8,93.9,782.0,0.9
24.8,93.95,779.0,0.17
24.8,94.0,785.0,0.85
24.8,94.05,876.0,10.05
24.8,94.1,1012.0,10.9
24.8,94.15,882.0,14.81
24.8,94.2,1497.0,16.01
24.8,94.25,999.0,8.68
24.8,94.3,1096.0,19.64
24.8,94.35,1416.0,27.61
24.8,94.4,1192.0,31.22
24.8,94.45,534.0,15.22
24.8,94.5,985.0,22.88
24.8,94.55,807.0,12.53
24.8,94.6,527.0,10.0
24.8,94.65,1227.0,28.79
24.8,94.7,598.0,19.52
24.8,94.75,200.0,9.39
24.8,94.8,123.0,3.73
24.8,94.85,125.0,0.47
24.8,94.9,126.0,0.25
24.8,94.95,130.0,0.15
24.8,95.0,127.0,0.19
24.8,95.05,128.0,0.25
24.8,95.1,135.0,0.59
24.8,95.15,178.0,0.35
24.8,95.2,149.0,2.3
24.8,95.25,136.0,0.36
24.8,95.3,146.0,0.62
24.8,95.35,163.0,2.97
24.8,95.4,193.0,2.0
24.8,95.45,157.0,0.4
24.8,95.5,191.0,2.45
24.8,95.55,245.0,5.65
24.8,95.6,343.0,11.02
24.8,95.65,374.0,17.75
24.8,95.7,246.0,0.58
24.8,95.75,277.0,2.25
24.8,95.8,322.0,3.71
24.8,95.85,319.0,0.62
24.8,95.9,435.0,10.16
24.8,95.95,407.0,6.2
24.8,96.0,742.0,6.27
24.8,96.05,832.0,5.26
24.8,96.1,762.0,14.08
24.8,96.15,697.0,9.06
24.8,96.2,694.0,4.98
24.8,96.25,902.0,17.17
24.8,96.3,283.0,1.71
24.8,96.35,216.0,0.43
24.8,96.4,200.0,0.39
24.8,96.45,311.0,6.72
24.85,89.5,16.0,0.13
24.85,89.55,19.0,0.32
24.85,89.6,20.0,0.96
24.85,89.65,10.0,0.87
24.85,89.7,19.0,0.16
24.85,89.75,19.0,1.4
24.85,89.8,18.0,0.18
24.85,89.85,18.0,0.57
24.85,89.9,20.0,0.22
24.85,89.95,20.0,0.04
24.85,90.0,22.0,0.04
24.85,90.05,16.0,0.17
24.85,90.1,19.0,0.44
24.85,90.15,18.0,0.17
24.85,90.2,16.0,0.16
24.85,90.25,14.0,0.44
24.85,90.3,14.0,0.12
24.85,90.35,20.0,0.19
24.85,90.4,17.0,0.12
24.85,90.45,16.0,0.17
24.85,90.5,12.0,0.86
24.85,90.55,11.0,0.2
24.85,90.6,14.0,0.65
24.85,90.65,14.0,0.54
24.85,90.7,12.0,0.43
24.85,90.75,9.0,0.86
24.85,90.8,13.0,0.37
24.85,90.85,9.0,0.42
24.85,90.9,9.0,0.18
24.85,90.95,13.0,0.36
24.85,91.0,10.0,0.59
24.85,91.05,12.0,0.44
24.85,91.1,8.0,0.1
24.85,91.15,7.0,0.33
24.85,91.2,6.0,0.12
24.85,91.25,8.0,0.07
24.85,91.3,6.0,0.12
24.85,91.35,9.0,0.16
24.85,91.4,10.0,0.16
24.85,91.45,8.0,0.15
24.85,91.5,8.0,0.1
24.85,91.55,9.0,0.42
24.85,91.6,9.0,0.45
24.85,91.65,14.0,0.57
24.85,91.7,14.0,0.39
24.85,91.75,13.0,0.58
24.85,91.8,19.0,0.46
24.85,91.85,12.0,0.41
24.85,91.9,15.0,0.34
24.85,91.95,18.0,0.38
24.85,92.0,17.0,1.16
24.85,92.05,21.0,0.89
24.85,92.1,19.0,0.7
24.85,92.15,18.0,0.66
24.85,92.2,16.0,0.27
24.85,92.25,14.0,0.32
24.85,92.3,24.0,0.83
24.85,92.35,19.0,0.63
24.85,92.4,22.0,0.98
24.85,92.45,18.0,0.17
24.85,92.5,21.0,0.59
24.85,92.55,17.0,0.74
24.85,92.6,20.0,0.76
24.85,92.65,24.0,0.15
24.85,92.7,20.0,0.42
24.85,92.75,45.0,3.63
24.85,92.8,18.0,1.4
24.85,92.85,27.0,0.61
24.85,92.9,24.0,0.29
24.85,92.95,46.0,1.17
24.85,93.0,38.0,0.73
24.85,93.05,31.0,0.81
24.85,93.1,47.0,1.25
24.85,93.15,75.0,2.62
24.85,93.2,42.0,1.85
24.85,93.25,236.0,9.93
24.85,93.3,1174.0,16.24
24.85,93.35,854.0,5.24
24.85,93.4,271.0,20.01
24.85,93.45,1047.0,27.46
24.85,93.5,279.0,20.83
24.85,93.55,1096.0,27.45
24.85,93.6,486.0,17.42
24.85,93.65,684.0,29.87
24.85,93.7,1483.0,23.12
24.85,93.75,1145.0,22.16
24.85,93.8,863.0,6.37
24.85,93.85,789.0,0.2
24.85,93.9,963.0,21.34
24.85,93.95,786.0,0.62
24.85,94.0,786.0,0.52
24.85,94.05,786.0,0.2
24.85,94.1,830.0,2.52
24.85,94.15,938.0,20.32
24.85,94.2,1926.0,20.21
24.85,94.25,875.0,16.98
24.85,94.3,1152.0,27.77
24.85,94.35,1095.0,23.19
24.85,94.4,688.0,19.21
24.85,94.45,799.0,16.32
24.85,94.5,1187.0,21.29
24.85,94.55,1055.0,17.18
24.85,94.6,776.0,25.34
24.85,94.65,359.0,9.62
24.85,94.7,1178.0,22.81
24.85,94.75,427.0,12.14
24.85,94.8,205.0,4.75
24.85,94.85,184.0,0.34
24.85,94.9,124.0,3.36
24.85,94.95,126.0,0.14
24.85,95.0,126.0,0.54
24.85,95.05,129.0,0.29
24.85,95.1,128.0,0.67
24.85,95.15,134.0,0.57
24.85,95.2,133.0,1.04
24.85,95.25,141.0,0.34
24.85,95.3,141.0,1.72
24.85,95.35,179.0,2.79
24.85,95.4,159.0,5.73
24.85,95.45,208.0,1.75
24.85,95.5,240.0,2.17
24.85,95.55,268.0,1.97
24.85,95.6,293.0,6.89
24.85,95.65,351.0,14.75
24.85,95.7,250.0,1.78
24.85,95.75,340.0,7.64
24.85,95.8,410.0,7.62
24.85,95.85,433.0,6.52
24.85,95.9,432.0,1.88
24.85,95.95,513.0,6.0
24.85,96.0,595.0,15.52
24.85,96.05,703.0,11.86
24.85,96.1,619.0,3.3
24.85,96.15,511.0,3.77
24.85,96.2,537.0,7.4
24.85,96.25,1251.0,16.11
24.85,96.3,385.0,7.56
24.85,96.35,232.0,0.35
24.85,96.4,205.0,0.4
24.85,96.45,198.0,0.66
24.9,89.5,19.0,0.4
24.9,89.55,18.0,0.37
24.9,89.6,17.0,0.45
24.9,89.65,19.0,0.26
24.9,89.7,16.0,0.81
24.9,89.75,14.0,0.32
24.9,89.8,20.0,0.4
24.9,89.85,19.0,0.07
24.9,89.9,18.0,0.18
24.9,89.95,22.0,0.44
24.9,90.0,19.0,0.5
24.9,90.05,18.0,0.21
24.9,90.1,16.0,0.54
24.9,90.15,16.0,0.14
24.9,90.2,18.0,0.73
24.9,90.25,15.0,0.16
24.9,90.3,15.0,0.16
24.9,90.35,14.0,0.42
24.9,90.4,15.0,0.6
24.9,90.45,14.0,0.15
24.9,90.5,15.0,0.16
24.9,90.55,14.0,0.37
24.9,90.6,11.0,0.27
24.9,90.65,15.0,0.4
24.9,90.7,9.0,0.63
24.9,90.75,9.0,0.22
24.9,90.8,10.0,0.55
24.9,90.85,12.0,0.47
24.9,90.9,10.0,0.37
24.9,90.95,11.0,0.4
24.9,91.0,10.0,0.1
24.9,91.05,10.0,0.17
24.9,91.1,7.0,0.43
24.9,91.15,6.0,0.29
24.9,91.2,7.0,0.26
24.9,91.25,7.0,0.48
24.9,91.3,8.0,0.13
24.9,91.35,9.0,0.15
24.9,91.4,9.0,0.08
24.9,91.45,8.0,0.33
24.9,91.5,9.0,0.14
24.9,91.55,11.0,0.1
24.9,91.6,14.0,0.8
24.9,91.65,10.0,0.23
24.9,91.7,10.0,0.32
24.9,91.75,18.0,0.63
24.9,91.8,13.0,0.35
24.9,91.85,20.0,0.22
24.9,91.9,20.0,1.77
24.9,91.95,15.0,0.21
24.9,92.0,10.0,0.63
24.9,92.05,13.0,0.78
24.9,92.1,20.0,0.69
24.9,92.15,17.0,0.31
24.9,92.2,13.0,0.64
24.9,92.25,17.0,0.56
24.9,92.3,23.0,0.86
24.9,92.35,22.0,1.04
24.9,92.4,17.0,0.28
24.9,92.45,23.0,0.61
24.9,92.5,23.0,0.17
24.9,92.55,15.0,0.27
24.9,92.6,19.0,0.2
24.9,92.65,20.0,0.4
24.9,92.7,20.0,0.22
24.9,92.75,24.0,0.52
24.9,92.8,16.0,0.42
24.9,92.85,34.0,2.58
24.9,92.9,25.0,0.1
24.9,92.95,37.0,1.64
24.9,93.0,95.0,0.69
24.9,93.05,35.0,0.3
24.9,93.1,41.0,2.63
24.9,93.15,58.0,1.16
24.9,93.2,71.0,0.45
24.9,93.25,124.0,2.73
24.9,93.3,214.0,10.09
24.9,93.35,346.0,9.78
24.9,93.4,179.0,2.57
24.9,93.45,902.0,15.92
24.9,93.5,1054.0,19.29
24.9,93.55,721.0,30.51
24.9,93.6,615.0,19.28
24.9,93.65,503.0,19.97
24.9,93.7,1199.0,20.36
24.9,93.75,1440.0,20.76
24.9,93.8,1055.0,13.07
24.9,93.85,814.0,0.32
24.9,93.9,787.0,0.34
24.9,93.95,885.0,12.9
24.9,94.0,828.0,13.9
24.9,94.05,793.0,0.13
24.9,94.1,798.0,0.75
24.9,94.15,905.0,4.6
24.9,94.2,1257.0,13.65
24.9,94.25,1223.0,12.75
24.9,94.3,971.0,20.31
24.9,94.35,1225.0,20.14
24.9,94.4,1177.0,9.42
24.9,94.45,2008.0,26.32
24.9,94.5,1363.0,19.95
24.9,94.55,780.0,11.97
24.9,94.6,652.0,24.96
24.9,94.65,562.0,22.75
24.9,94.7,971.0,13.09
24.9,94.75,506.0,27.73
24.9,94.8,245.0,8.11
24.9,94.85,195.0,0.63
24.9,94.9,170.0,1.3
24.9,94.95,165.0,1.75
24.9,95.0,154.0,2.97
24.9,95.05,200.0,0.4
24.9,95.1,186.0,1.73
24.9,95.15,206.0,2.27
24.9,95.2,234.0,1.82
24.9,95.25,216.0,3.88
24.9,95.3,148.0,3.08
24.9,95.35,164.0,6.19
24.9,95.4,180.0,1.3
24.9,95.45,164.0,0.96
24.9,95.5,189.0,2.27
24.9,95.55,194.0,3.37
24.9,95.6,239.0,2.06
24.9,95.65,350.0,3.92
24.9,95.7,554.0,8.78
24.9,95.75,614.0,16.98
24.9,95.8,630.0,4.18
24.9,95.85,628.0,4.62
24.9,95.9,446.0,7.66
24.9,95.95,435.0,5.27
24.9,96.0,355.0,15.5
24.9,96.05,440.0,16.45
24.9,96.1,403.0,15.8
24.9,96.15,324.0,5.54
24.9,96.2,385.0,8.33
24.9,96.25,1037.0,23.46
24.9,96.3,754.0,24.34
24.9,96.35,710.0,8.67
24.9,96.4,221.0,0.61
24.9,96.45,193.0,0.74
24.95,89.5,16.0,0.51
24.95,89.55,18.0,0.34
24.95,89.6,11.0,0.0
24.95,89.65,20.0,0.39
24.95,89.7,21.0,0.27
24.95,89.75,22.0,0.24
24.95,89.8,18.0,0.43
24.95,89.85,22.0,0.24
24.95,89.9,20.0,0.19
24.95,89.95,17.0,0.56
24.95,90.0,17.0,0.25
24.95,90.05,19.0,0.67
24.95,90.1,17.0,0.77
24.95,90.15,19.0,0.68
24.95,90.2,18.0,0.58
24.95,90.25,19.0,0.64
24.95,90.3,17.0,0.48
24.95,90.35,19.0,0.76
24.95,90.4,16.0,0.19
24.95,90.45,14.0,0.89
24.95,90.5,16.0,0.37
24.95,90.55,13.0,0.17
24.95,90.6,15.0,0.19
24.95,90.65,7.0,0.39
24.95,90.7,9.0,0.33
24.95,90.75,13.0,0.33
24.95,90.8,11.0,0.71
24.95,90.85,10.0,0.22
24.95,90.9,12.0,0.16
24.95,90.95,8.0,0.09
24.95,91.0,9.0,0.51
24.95,91.05,6.0,0.12
24.95,91.1,10.0,0.11
24.95,91.15,7.0,0.17
24.95,91.2,7.0,0.07
24.95,91.25,7.0,0.24
24.95,91.3,7.0,0.24
24.95,91.35,7.0,0.15
24.95,91.4,11.0,0.69
24.95,91.45,9.0,0.43
24.95,91.5,9.0,0.09
24.95,91.55,14.0,0.39
24.95,91.6,9.0,0.21
24.95,91.65,12.0,0.26
24.95,91.7,15.0,0.75
24.95,91.75,14.0,0.26
24.95,91.8,13.0,0.33
24.95,91.85,16.0,0.71
24.95,91.9,33.0,1.05
24.95,91.95,45.0,1.81
24.95,92.0,28.0,2.05
24.95,92.05,11.0,0.33
24.95,92.1,13.0,0.4
24.95,92.15,17.0,0.34
24.95,92.2,16.0,0.27
24.95,92.25,19.0,0.8
24.95,92.3,15.0,0.3
24.95,92.35,15.0,0.14
24.95,92.4,16.0,0.1
24.95,92.45,14.0,0.86
24.95,92.5,18.0,0.52
24.95,92.55,23.0,1.2
24.95,92.6,42.0,1.62
24.95,92.65,23.0,0.15
24.95,92.7,56.0,5.3
24.95,92.75,28.0,0.51
24.95,92.8,38.0,2.57
24.95,92.85,29.0,0.57
24.95,92.9,46.0,3.66
24.95,92.95,35.0,1.38
24.95,93.0,144.0,2.61
24.95,93.05,53.0,1.96
24.95,93.1,78.0,2.77
24.95,93.15,100.0,0.47
24.95,93.2,99.0,10.0
24.95,93.25,107.0,5.21
24.95,93.3,187.0,8.79
24.95,93.35,509.0,14.23
24.95,93.4,273.0,18.44
24.95,93.45,338.0,21.46
24.95,93.5,1331.0,28.5
24.95,93.55,562.0,13.59
24.95,93.6,312.0,12.7
24.95,93.65,693.0,11.54
24.95,93.7,1283.0,32.71
24.95,93.75,1259.0,12.26
24.95,93.8,2077.0,29.05
24.95,93.85,857.0,1.72
24.95,93.9,1124.0,8.42
24.95,93.95,1046.0,25.3
24.95,94.0,817.0,14.66
24.95,94.05,797.0,0.59
24.95,94.1,1405.0,8.76
24.95,94.15,1193.0,16.27
24.95,94.2,902.0,3.0
24.95,94.25,1497.0,16.53
24.95,94.3,1007.0,13.84
24.95,94.35,1245.0,18.24
24.95,94.4,858.0,20.12
24.95,94.45,1745.0,22.1
24.95,94.5,1311.0,15.07
24.95,94.55,1191.0,25.91
24.95,94.6,841.0,22.23
24.95,94.65,431.0,10.16
24.95,94.7,1465.0,19.32
24.95,94.75,716.0,32.37
24.95,94.8,361.0,17.93
24.95,94.85,216.0,9.47
24.95,94.9,191.0,3.12
24.95,94.95,179.0,1.1
24.95,95.0,132.0,2.32
24.95,95.05,204.0,3.91
24.95,95.1,186.0,0.7
24.95,95.15,206.0,0.31
24.95,95.2,242.0,2.35
24.95,95.25,230.0,2.02
24.95,95.3,263.0,5.68
24.95,95.35,223.0,6.25
24.95,95.4,210.0,4.31
24.95,95.45,175.0,0.84
24.95,95.5,181.0,2.9
24.95,95.55,202.0,1.14
24.95,95.6,252.0,3.48
24.95,95.65,374.0,9.87
24.95,95.7,519.0,9.55
24.95,95.75,874.0,16.95
24.95,95.8,1148.0,16.96
24.95,95.85,927.0,2.12
24.95,95.9,623.0,4.13
24.95,95.95,525.0,7.25
24.95,96.0,428.0,15.96
24.95,96.05,271.0,3.07
24.95,96.1,281.0,11.27
24.95,96.15,342.0,5.13
24.95,96.2,367.0,4.85
24.95,96.25,440.0,7.63
24.95,96.3,918.0,20.33
24.95,96.35,792.0,22.36
24.95,96.4,302.0,10.28
24.95,96.45,206.0,3.59
25.0,89.5,17.0,0.17
25.0,89.55,16.0,0.51
25.0,89.6,20.0,0.17
25.0,89.65,11.0,0.0
25.0,89.7,25.0,0.39
25.0,89.75,23.0,0.58
25.0,89.8,19.0,0.69
25.0,89.85,17.0,0.32
25.0,89.9,18.0,0.62
25.0,89.95,20.0,0.33
25.0,90.0,18.0,0.19
25.0,90.05,19.0,0.12
25.0,90.1,19.0,0.59
25.0,90.15,19.0,0.29
25.0,90.2,17.0,0.37
25.0,90.25,17.0,0.3
25.0,90.3,14.0,0.15
25.0,90.35,14.0,0.76
25.0,90.4,12.0,0.58
25.0,90.45,15.0,0.44
25.0,90.5,12.0,0.51
25.0,90.55,9.0,0.39
25.0,90.6,12.0,0.66
25.0,90.65,11.0,0.21
25.0,90.7,12.0,0.23
25.0,90.75,11.0,0.34
25.0,90.8,10.0,0.64
25.0,90.85,10.0,0.39
25.0,90.9,10.0,0.05
25.0,90.95,7.0,0.3
25.0,91.0,8.0,0.13
25.0,91.05,6.0,0.35
25.0,91.1,6.0,0.1
25.0,91.15,5.0,0.11
25.0,91.2,8.0,0.06
25.0,91.25,7.0,0.37
25.0,91.3,11.0,0.5
25.0,91.35,10.0,0.46
25.0,91.4,7.0,0.23
25.0,91.45,8.0,0.04
25.0,91.5,9.0,0.53
25.0,91.55,10.0,0.5
25.0,91.6,14.0,0.89
25.0,91.65,12.0,0.44
25.0,91.7,9.0,0.25
25.0,91.75,14.0,0.17
25.0,91.8,12.0,0.17
25.0,91.85,11.0,0.53
25.0,91.9,11.0,0.44
25.0,91.95,18.0,0.81
25.0,92.0,14.0,1.09
25.0,92.05,12.0,0.28
25.0,92.1,13.0,0.29
25.0,92.15,14.0,0.46
25.0,92.2,13.0,0.21
25.0,92.25,24.0,0.11
25.0,92.3,24.0,0.41
25.0,92.35,20.0,0.13
25.0,92.4,20.0,0.24
25.0,92.45,25.0,0.92
25.0,92.5,27.0,3.93
25.0,92.55,28.0,1.54
25.0,92.6,32.0,0.99
25.0,92.65,227.0,13.48
25.0,92.7,289.0,5.08
25.0,92.75,307.0,21.69
25.0,92.8,564.0,27.65
25.0,92.85,310.0,2.95
25.0,92.9,142.0,1.68
25.0,92.95,664.0,21.84
25.0,93.0,488.0,21.61
25.0,93.05,191.0,5.43
25.0,93.1,745.0,9.79
25.0,93.15,157.0,13.23
25.0,93.2,215.0,4.84
25.0,93.25,95.0,5.84
25.0,93.3,487.0,18.58
25.0,93.35,187.0,9.14
25.0,93.4,788.0,6.64
25.0,93.45,201.0,0.18
25.0,93.5,1154.0,31.41
25.0,93.55,893.0,20.58
25.0,93.6,509.0,8.1
25.0,93.65,1192.0,30.34
25.0,93.7,1241.0,33.47
25.0,93.75,1394.0,22.48
25.0,93.8,1832.0,19.57
25.0,93.85,1596.0,17.23
25.0,93.9,947.0,3.66
25.0,93.95,1044.0,23.98
25.0,94.0,832.0,7.55
25.0,94.05,853.0,9.07
25.0,94.1,1063.0,21.83
25.0,94.15,940.0,6.24
25.0,94.2,1759.0,4.37
25.0,94.25,1086.0,7.26
25.0,94.3,1000.0,6.05
25.0,94.35,1349.0,15.86
25.0,94.4,1579.0,12.52
25.0,94.45,1711.0,12.0
25.0,94.5,1057.0,21.54
25.0,94.55,1437.0,18.5
25.0,94.6,1355.0,30.51
25.0,94.65,743.0,15.46
25.0,94.7,888.0,13.78
25.0,94.75,1394.0,26.22
25.0,94.8,546.0,30.94
25.0,94.85,380.0,1.96
25.0,94.9,208.0,7.06
25.0,94.95,212.0,4.06
25.0,95.0,123.0,6.8
25.0,95.05,171.0,0.56
25.0,95.1,221.0,1.66
25.0,95.15,244.0,3.72
25.0,95.2,226.0,5.69
25.0,95.25,253.0,2.81
25.0,95.3,269.0,5.45
25.0,95.35,315.0,8.71
25.0,95.4,258.0,2.39
25.0,95.45,252.0,6.21
25.0,95.5,169.0,0.57
25.0,95.55,188.0,1.82
25.0,95.6,227.0,1.99
25.0,95.65,271.0,1.89
25.0,95.7,536.0,11.23
25.0,95.75,956.0,15.64
25.0,95.8,819.0,4.28
25.0,95.85,689.0,10.02
25.0,95.9,580.0,13.32
25.0,95.95,393.0,12.59
25.0,96.0,314.0,1.69
25.0,96.05,362.0,7.21
25.0,96.1,787.0,6.22
25.0,96.15,482.0,17.79
25.0,96.2,325.0,6.54
25.0,96.25,291.0,3.44
25.0,96.3,443.0,18.66
25.0,96.35,200.0,0.72
25.0,96.4,625.0,13.45
25.0,96.45,222.0,0.28
25.05,89.5,15.0,0.25
25.05,89.55,19.0,0.15
25.05,89.6,17.0,0.72
25.05,89.65,17.0,0.52
25.05,89.7,19.0,0.46
25.05,89.75,19.0,0.44
25.05,89.8,22.0,0.27
25.05,89.85,19.0,0.1
25.05,89.9,19.0,0.18
25.05,89.95,21.0,0.62
25.05,90.0,18.0,0.04
25.05,90.05,23.0,0.36
25.05,90.1,18.0,0.75
25.05,90.15,16.0,0.24
25.05,90.2,18.0,0.57
25.05,90.25,15.0,0.5
25.05,90.3,15.0,0.29
25.05,90.35,14.0,0.31
25.05,90.4,14.0,0.14
25.05,90.45,12.0,0.16
25.05,90.5,14.0,0.07
25.05,90.55,12.0,0.16
25.05,90.6,12.0,0.2
25.05,90.65,12.0,0.37
25.05,90.7,16.0,0.28
25.05,90.75,13.0,0.94
25.05,90.8,10.0,0.21
25.05,90.85,7.0,0.05
25.05,90.9,8.0,0.2
25.05,90.95,5.0,0.42
25.05,91.0,8.0,0.42
25.05,91.05,6.0,0.45
25.05,91.1,5.0,0.16
25.05,91.15,8.0,0.47
25.05,91.2,9.0,0.28
25.05,91.25,9.0,0.01
25.05,91.3,9.0,0.38
25.05,91.35,9.0,0.17
25.05,91.4,10.0,0.97
25.05,91.45,9.0,0.52
25.05,91.5,9.0,0.16
25.05,91.55,17.0,1.34
25.05,91.6,12.0,0.33
25.05,91.65,14.0,0.43
25.05,91.7,13.0,0.46
25.05,91.75,11.0,0.34
25.05,91.8,13.0,0.46
25.05,91.85,12.0,0.44
25.05,91.9,12.0,0.36
25.05,91.95,14.0,0.14
25.05,92.0,13.0,0.2
25.05,92.05,13.0,0.3
25.05,92.1,16.0,0.1
25.05,92.15,15.0,0.48
25.05,92.2,15.0,0.07
25.05,92.25,16.0,0.6
25.05,92.3,24.0,0.49
25.05,92.35,31.0,3.05
25.05,92.4,73.0,0.4
25.05,92.45,146.0,1.42
25.05,92.5,680.0,17.8
25.05,92.55,106.0,3.81
25.05,92.6,271.0,13.93
25.05,92.65,380.0,9.47
25.05,92.7,701.0,19.92
25.05,92.75,791.0,26.47
25.05,92.8,106.0,15.25
25.05,92.85,680.0,16.2
25.05,92.9,446.0,14.45
25.05,92.95,829.0,26.32
25.05,93.0,736.0,16.52
25.05,93.05,587.0,12.9
25.05,93.1,447.0,27.3
25.05,93.15,628.0,18.95
25.05,93.2,492.0,19.39
25.05,93.25,310.0,20.56
25.05,93.3,172.0,4.68
25.05,93.35,440.0,7.32
25.05,93.4,347.0,8.06
25.05,93.45,346.0,9.55
25.05,93.5,517.0,35.79
25.05,93.55,948.0,10.8
25.05,93.6,965.0,8.78
25.05,93.65,960.0,26.46
25.05,93.7,668.0,8.63
25.05,93.75,1568.0,23.05
25.05,93.8,1301.0,24.33
25.05,93.85,2006.0,16.49
25.05,93.9,1406.0,15.47
25.05,93.95,922.0,12.51
25.05,94.0,1005.0,16.22
25.05,94.05,895.0,10.91
25.05,94.1,1108.0,18.92
25.05,94.15,941.0,7.15
25.05,94.2,1384.0,20.56
25.05,94.25,1520.0,23.29
25.05,94.3,1587.0,22.33
25.05,94.35,1650.0,13.62
25.05,94.4,1646.0,16.55
25.05,94.45,1721.0,15.5
25.05,94.5,1190.0,18.8
25.05,94.55,1713.0,26.03
25.05,94.6,1185.0,23.88
25.05,94.65,1489.0,25.96
25.05,94.7,908.0,23.45
25.05,94.75,1676.0,18.36
25.05,94.8,806.0,18.01
25.05,94.85,420.0,7.36
25.05,94.9,294.0,2.61
25.05,94.95,185.0,2.64
25.05,95.0,178.0,2.59
25.05,95.05,171.0,0.68
25.05,95.1,203.0,3.23
25.05,95.15,231.0,2.85
25.05,95.2,230.0,3.17
25.05,95.25,320.0,0.64
25.05,95.3,322.0,7.87
25.05,95.35,418.0,2.55
25.05,95.4,420.0,6.19
25.05,95.45,282.0,6.16
25.05,95.5,273.0,3.28
25.05,95.55,234.0,7.23
25.05,95.6,250.0,5.81
25.05,95.65,284.0,8.38
25.05,95.7,424.0,10.08
25.05,95.75,503.0,15.08
25.05,95.8,588.0,5.86
25.05,95.85,414.0,8.66
25.05,95.9,414.0,1.9
25.05,95.95,274.0,2.15
25.05,96.0,251.0,7.33
25.05,96.05,258.0,3.97
25.05,96.1,341.0,15.54
25.05,96.15,517.0,9.48
25.05,96.2,317.0,5.49
25.05,96.25,201.0,2.46
25.05,96.3,172.0,0.5
25.05,96.35,174.0,0.26
25.05,96.4,518.0,8.75
25.05,96.45,443.0,11.23
25.1,89.5,19.0,0.2
25.1,89.55,19.0,0.07
25.1,89.6,21.0,1.0
25.1,89.65,18.0,0.86
25.1,89.7,14.0,0.15
25.1,89.75,19.0,0.13
25.1,89.8,18.0,0.64
25.1,89.85,20.0,0.35
25.1,89.9,20.0,0.15
25.1,89.95,24.0,0.17
25.1,90.0,20.0,0.06
25.1,90.05,18.0,0.17
25.1,90.1,17.0,0.16
25.1,90.15,20.0,0.25
25.1,90.2,20.0,0.26
25.1,90.25,17.0,0.66
25.1,90.3,17.0,0.31
25.1,90.35,15.0,0.36
25.1,90.4,11.0,0.38
25.1,90.45,13.0,0.3
25.1,90.5,13.0,0.55
25.1,90.55,17.0,0.34
25.1,90.6,16.0,0.34
25.1,90.65,15.0,0.21
25.1,90.7,15.0,0.27
25.1,90.75,15.0,0.18
25.1,90.8,11.0,0.43
25.1,90.85,9.0,0.18
25.1,90.9,9.0,0.09
25.1,90.95,8.0,0.31
25.1,91.0,6.0,0.15
25.1,91.05,6.0,0.13
25.1,91.1,1.0,0.7
25.1,91.15,4.0,0.13
25.1,91.2,8.0,0.72
25.1,91.25,8.0,0.1
25.1,91.3,9.0,0.56
25.1,91.35,9.0,0.21
25.1,91.4,12.0,0.32
25.1,91.45,11.0,0.19
25.1,91.5,10.0,0.18
25.1,91.55,14.0,0.38
25.1,91.6,13.0,0.48
25.1,91.65,19.0,0.49
25.1,91.7,11.0,0.15
25.1,91.75,10.0,0.18
25.1,91.8,12.0,0.31
25.1,91.85,11.0,0.32
25.1,91.9,14.0,0.31
25.1,91.95,17.0,0.36
25.1,92.0,14.0,0.09
25.1,92.05,11.0,0.14
25.1,92.1,12.0,0.42
25.1,92.15,18.0,0.06
25.1,92.2,38.0,5.75
25.1,92.25,137.0,5.13
25.1,92.3,303.0,8.72
25.1,92.35,178.0,25.22
25.1,92.4,341.0,16.09
25.1,92.45,360.0,18.36
25.1,92.5,734.0,18.44
25.1,92.55,1130.0,19.81
25.1,92.6,738.0,15.12
25.1,92.65,812.0,22.31
25.1,92.7,1163.0,23.32
25.1,92.75,468.0,16.11
25.1,92.8,218.0,8.45
25.1,92.85,181.0,3.45
25.1,92.9,519.0,11.91
25.1,92.95,778.0,29.34
25.1,93.0,907.0,29.6
25.1,93.05,1673.0,12.28
25.1,93.1,658.0,17.02
25.1,93.15,1335.0,23.09
25.1,93.2,477.0,4.11
25.1,93.25,1375.0,26.82
25.1,93.3,1095.0,22.51
25.1,93.35,579.0,20.24
25.1,93.4,490.0,21.62
25.1,93.45,606.0,24.98
25.1,93.5,766.0,28.4
25.1,93.55,1144.0,17.13
25.1,93.6,1629.0,14.74
25.1,93.65,1096.0,16.51
25.1,93.7,1124.0,16.93
25.1,93.75,1709.0,38.39
25.1,93.8,909.0,30.66
25.1,93.85,1456.0,18.39
25.1,93.9,1472.0,14.18
25.1,93.95,974.0,1.83
25.1,94.0,1035.0,12.66
25.1,94.05,1148.0,5.2
25.1,94.1,989.0,15.38
25.1,94.15,888.0,8.64
25.1,94.2,1148.0,17.66
25.1,94.25,1654.0,17.35
25.1,94.3,1559.0,26.65
25.1,94.35,1518.0,14.66
25.1,94.4,1830.0,15.25
25.1,94.45,2231.0,14.41
25.1,94.5,1805.0,17.92
25.1,94.55,1865.0,28.29
25.1,94.6,1751.0,26.11
25.1,94.65,1053.0,7.35
25.1,94.7,1885.0,23.81
25.1,94.75,1665.0,21.8
25.1,94.8,1436.0,18.29
25.1,94.85,707.0,17.63
25.1,94.9,406.0,9.67
25.1,94.95,251.0,11.11
25.1,95.0,200.0,1.37
25.1,95.05,127.0,1.78
25.1,95.1,159.0,0.13
25.1,95.15,217.0,1.42
25.1,95.2,254.0,2.36
25.1,95.25,220.0,1.48
25.1,95.3,246.0,0.41
25.1,95.35,391.0,0.72
25.1,95.4,356.0,9.82
25.1,95.45,260.0,13.35
25.1,95.5,262.0,3.66
25.1,95.55,227.0,3.69
25.1,95.6,178.0,3.67
25.1,95.65,248.0,3.26
25.1,95.7,238.0,2.44
25.1,95.75,369.0,3.59
25.1,95.8,391.0,6.99
25.1,95.85,368.0,4.34
25.1,95.9,319.0,1.2
25.1,95.95,251.0,0.64
25.1,96.0,234.0,2.23
25.1,96.05,242.0,3.04
25.1,96.1,209.0,1.98
25.1,96.15,531.0,8.38
25.1,96.2,579.0,8.77
25.1,96.25,180.0,0.9
25.1,96.3,169.0,0.0
25.1,96.35,169.0,0.0
25.1,96.4,224.0,1.76
25.1,96.45,710.0,17.11
25.15,89.5,22.0,0.45
25.15,89.55,22.0,0.24
25.15,89.6,23.0,0.33
25.15,89.65,15.0,0.15
25.15,89.7,18.0,0.75
25.15,89.75,23.0,0.39
25.15,89.8,23.0,0.36
25.15,89.85,21.0,0.35
25.15,89.9,19.0,0.53
25.15,89.95,21.0,0.11
25.15,90.0,24.0,0.13
25.15,90.05,19.0,0.16
25.15,90.1,23.0,0.68
25.15,90.15,26.0,0.4
25.15,90.2,27.0,0.21
25.15,90.25,21.0,0.71
25.15,90.3,21.0,0.72
25.15,90.35,22.0,0.45
25.15,90.4,22.0,0.34
25.15,90.45,30.0,1.03
25.15,90.5,19.0,0.4
25.15,90.55,18.0,0.29
25.15,90.6,17.0,0.55
25.15,90.65,16.0,0.22
25.15,90.7,22.0,0.58
25.15,90.75,13.0,0.27
25.15,90.8,17.0,0.27
25.15,90.85,16.0,0.33
25.15,90.9,12.0,0.17
25.15,90.95,12.0,0.35
25.15,91.0,7.0,0.19
25.15,91.05,5.0,0.17
25.15,91.1,5.0,0.39
25.15,91.15,3.0,0.37
25.15,91.2,8.0,0.11
25.15,91.25,10.0,0.5
25.15,91.3,13.0,0.16
25.15,91.35,17.0,0.14
25.15,91.4,21.0,0.38
25.15,91.45,21.0,1.44
25.15,91.5,28.0,1.23
25.15,91.55,19.0,1.06
25.15,91.6,18.0,0.34
25.15,91.65,61.0,2.8
25.15,91.7,16.0,1.46
25.15,91.75,19.0,0.62
25.15,91.8,13.0,0.6
25.15,91.85,12.0,0.54
25.15,91.9,19.0,0.25
25.15,91.95,22.0,0.27
25.15,92.0,22.0,0.16
25.15,92.05,14.0,0.2
25.15,92.1,14.0,0.21
25.15,92.15,31.0,8.19
25.15,92.2,86.0,6.95
25.15,92.25,400.0,13.69
25.15,92.3,70.0,5.57
25.15,92.35,382.0,25.26
25.15,92.4,330.0,16.78
25.15,92.45,117.0,18.35
25.15,92.5,78.0,1.42
25.15,92.55,892.0,12.18
25.15,92.6,890.0,30.72
25.15,92.65,1170.0,19.06
25.15,92.7,1497.0,16.19
25.15,92.75,1529.0,21.5
25.15,92.8,1312.0,13.58
25.15,92.85,1116.0,22.05
25.15,92.9,1074.0,23.49
25.15,92.95,979.0,9.96
25.15,93.0,610.0,12.83
25.15,93.05,607.0,16.26
25.15,93.1,818.0,21.2
25.15,93.15,1643.0,19.29
25.15,93.2,900.0,15.96
25.15,93.25,1266.0,21.22
25.15,93.3,1332.0,20.86
25.15,93.35,617.0,22.99
25.15,93.4,610.0,8.8
25.15,93.45,1561.0,9.58
25.15,93.5,423.0,16.09
25.15,93.55,566.0,5.06
25.15,93.6,1496.0,3.73
25.15,93.65,1691.0,11.48
25.15,93.7,697.0,14.22
25.15,93.75,1024.0,28.03
25.15,93.8,1235.0,18.3
25.15,93.85,1619.0,34.49
25.15,93.9,2178.0,29.16
25.15,93.95,1357.0,11.95
25.15,94.0,1495.0,12.99
25.15,94.05,1112.0,14.33
25.15,94.1,893.0,18.24
25.15,94.15,1089.0,15.71
25.15,94.2,1147.0,22.21
25.15,94.25,1709.0,10.58
25.15,94.3,1187.0,0.86
25.15,94.35,1707.0,11.94
25.15,94.4,1481.0,15.52
25.15,94.45,1723.0,22.25
25.15,94.5,1977.0,20.5
25.15,94.55,1670.0,25.49
25.15,94.6,2270.0,9.19
25.15,94.65,2349.0,22.03
25.15,94.7,2317.0,16.37
25.15,94.75,1872.0,17.48
25.15,94.8,1004.0,25.59
25.15,94.85,758.0,36.75
25.15,94.9,667.0,16.07
25.15,94.95,344.0,16.71
25.15,95.0,222.0,3.37
25.15,95.05,135.0,1.45
25.15,95.1,201.0,1.7
25.15,95.15,170.0,1.59
25.15,95.2,213.0,2.43
25.15,95.25,239.0,4.14
25.15,95.3,262.0,5.76
25.15,95.35,202.0,2.17
25.15,95.4,281.0,2.85
25.15,95.45,432.0,4.74
25.15,95.5,299.0,9.57
25.15,95.55,312.0,11.2
25.15,95.6,283.0,2.15
25.15,95.65,203.0,1.01
25.15,95.7,214.0,1.99
25.15,95.75,229.0,1.94
25.15,95.8,232.0,3.33
25.15,95.85,279.0,2.14
25.15,95.9,273.0,1.3
25.15,95.95,234.0,1.06
25.15,96.0,203.0,2.08
25.15,96.05,229.0,0.97
25.15,96.1,195.0,0.15
25.15,96.15,200.0,1.79
25.15,96.2,253.0,6.96
25.15,96.25,365.0,4.2
25.15,96.3,177.0,1.52
25.15,96.35,169.0,0.0
25.15,96.4,189.0,0.39
25.15,96.45,325.0,7.71
25.2,89.5,21.0,0.36
25.2,89.55,21.0,0.75
25.2,89.6,17.0,0.65
25.2,89.65,21.0,0.14
25.2,89.7,15.0,0.0
25.2,89.75,18.0,0.5
25.2,89.8,18.0,0.26
25.2,89.85,24.0,0.52
25.2,89.9,21.0,0.07
25.2,89.95,21.0,0.11
25.2,90.0,26.0,0.53
25.2,90.05,26.0,0.66
25.2,90.1,30.0,0.36
25.2,90.15,32.0,1.1
25.2,90.2,64.0,2.05
25.2,90.25,28.0,1.39
25.2,90.3,46.0,0.86
25.2,90.35,35.0,3.67
25.2,90.4,97.0,2.98
25.2,90.45,181.0,3.76
25.2,90.5,68.0,7.46
25.2,90.55,117.0,4.91
25.2,90.6,218.0,11.18
25.2,90.65,94.0,12.36
25.2,90.7,178.0,6.43
25.2,90.75,48.0,3.95
25.2,90.8,67.0,5.95
25.2,90.85,100.0,7.8
25.2,90.9,133.0,15.27
25.2,90.95,124.0,11.5
25.2,91.0,88.0,9.03
25.2,91.05,83.0,9.05
25.2,91.1,109.0,19.05
25.2,91.15,150.0,16.84
25.2,91.2,13.0,0.52
25.2,91.25,49.0,7.74
25.2,91.3,18.0,2.47
25.2,91.35,52.0,5.51
25.2,91.4,29.0,1.75
25.2,91.45,158.0,6.61
25.2,91.5,96.0,6.04
25.2,91.55,136.0,11.71
25.2,91.6,228.0,16.93
25.2,91.65,407.0,21.3
25.2,91.7,222.0,14.39
25.2,91.75,340.0,13.84
25.2,91.8,613.0,8.47
25.2,91.85,573.0,6.88
25.2,91.9,458.0,6.62
25.2,91.95,358.0,4.68
25.2,92.0,357.0,6.12
25.2,92.05,365.0,21.27
25.2,92.1,455.0,3.06
25.2,92.15,626.0,9.37
25.2,92.2,613.0,5.79
25.2,92.25,589.0,4.42
25.2,92.3,685.0,9.29
25.2,92.35,734.0,5.66
25.2,92.4,657.0,11.23
25.2,92.45,478.0,2.62
25.2,92.5,621.0,11.5
25.2,92.55,305.0,7.04
25.2,92.6,1540.0,5.77
25.2,92.65,1271.0,16.62
25.2,92.7,1451.0,20.61
25.2,92.75,1261.0,13.86
25.2,92.8,1075.0,8.67
25.2,92.85,859.0,15.96
25.2,92.9,710.0,10.39
25.2,92.95,852.0,3.08
25.2,93.0,546.0,16.55
25.2,93.05,830.0,20.48
25.2,93.1,542.0,11.53
25.2,93.15,550.0,13.67
25.2,93.2,760.0,17.03
25.2,93.25,1189.0,21.43
25.2,93.3,822.0,10.43
25.2,93.35,981.0,19.51
25.2,93.4,1292.0,13.36
25.2,93.45,984.0,26.27
25.2,93.5,1140.0,20.53
25.2,93.55,714.0,10.05
25.2,93.6,306.0,2.22
25.2,93.65,1258.0,3.85
25.2,93.7,1434.0,24.14
25.2,93.75,1769.0,15.52
25.2,93.8,1006.0,22.28
25.2,93.85,1176.0,11.02
25.2,93.9,1400.0,8.55
25.2,93.95,1431.0,11.13
25.2,94.0,1221.0,10.34
25.2,94.05,1551.0,22.87
25.2,94.1,1073.0,15.79
25.2,94.15,1672.0,22.38
25.2,94.2,926.0,1.51
25.2,94.25,1224.0,17.13
25.2,94.3,1659.0,25.67
25.2,94.35,1749.0,22.03
25.2,94.4,1442.0,15.0
25.2,94.45,1757.0,16.03
25.2,94.5,1883.0,6.36
25.2,94.55,1367.0,7.37
25.2,94.6,2074.0,20.11
25.2,94.65,2031.0,14.13
25.2,94.7,1681.0,18.24
25.2,94.75,1491.0,22.96
25.2,94.8,1789.0,18.41
25.2,94.85,1109.0,5.79
25.2,94.9,1212.0,16.42
25.2,94.95,553.0,15.97
25.2,95.0,354.0,6.86
25.2,95.05,168.0,6.5
25.2,95.1,181.0,0.76
25.2,95.15,201.0,6.65
25.2,95.2,201.0,2.32
25.2,95.25,226.0,1.95
25.2,95.3,227.0,0.89
25.2,95.35,245.0,3.6
25.2,95.4,244.0,2.09
25.2,95.45,285.0,2.5
25.2,95.5,289.0,5.91
25.2,95.55,411.0,6.36
25.2,95.6,224.0,7.17
25.2,95.65,218.0,3.09
25.2,95.7,185.0,2.33
25.2,95.75,190.0,1.51
25.2,95.8,223.0,0.83
25.2,95.85,223.0,0.53
25.2,95.9,230.0,1.82
25.2,95.95,200.0,1.43
25.2,96.0,209.0,0.5
25.2,96.05,198.0,0.7
25.2,96.1,284.0,9.56
25.2,96.15,348.0,16.14
25.2,96.2,620.0,13.69
25.2,96.25,349.0,12.38
25.2,96.3,200.0,2.02
25.2,96.35,169.0,0.0
25.2,96.4,185.0,0.38
25.2,96.45,239.0,1.89
25.25,89.5,24.0,0.41
25.25,89.55,22.0,0.67
25.25,89.6,23.0,0.3
25.25,89.65,24.0,0.18
25.25,89.7,16.0,0.98
25.25,89.75,20.0,0.44
25.25,89.8,28.0,0.4
25.25,89.85,21.0,0.14
25.25,89.9,21.0,0.33
25.25,89.95,20.0,2.16
25.25,90.0,29.0,2.23
25.25,90.05,61.0,1.73
25.25,90.1,57.0,3.42
25.25,90.15,112.0,4.33
25.25,90.2,52.0,1.22
25.25,90.25,83.0,5.58
25.25,90.3,108.0,4.45
25.25,90.35,131.0,14.2
25.25,90.4,134.0,7.0
25.25,90.45,95.0,8.01
25.25,90.5,160.0,10.33
25.25,90.55,42.0,3.96
25.25,90.6,160.0,5.14
25.25,90.65,79.0,11.03
25.25,90.7,38.0,7.63
25.25,90.75,159.0,11.24
25.25,90.8,339.0,9.27
25.25,90.85,483.0,15.14
25.25,90.9,577.0,24.77
25.25,90.95,336.0,12.94
25.25,91.0,367.0,7.29
25.25,91.05,380.0,7.15
25.25,91.1,449.0,8.58
25.25,91.15,543.0,2.59
25.25,91.2,209.0,21.97
25.25,91.25,494.0,1.16
25.25,91.3,1064.0,2.08
25.25,91.35,270.0,18.54
25.25,91.4,278.0,12.39
25.25,91.45,940.0,21.25
25.25,91.5,1010.0,6.87
25.25,91.55,971.0,4.71
25.25,91.6,785.0,29.55
25.25,91.65,772.0,29.56
25.25,91.7,1215.0,12.02
25.25,91.75,1204.0,3.4
25.25,91.8,308.0,21.24
25.25,91.85,1050.0,3.46
25.25,91.9,909.0,10.95
25.25,91.95,784.0,1.36
25.25,92.0,771.0,6.4
25.25,92.05,827.0,8.94
25.25,92.1,861.0,2.07
25.25,92.15,785.0,15.45
25.25,92.2,678.0,26.33
25.25,92.25,542.0,29.27
25.25,92.3,807.0,6.19
25.25,92.35,816.0,4.11
25.25,92.4,759.0,8.79
25.25,92.45,734.0,12.49
25.25,92.5,1100.0,9.49
25.25,92.55,736.0,15.7
25.25,92.6,1526.0,9.58
25.25,92.65,1308.0,16.0
25.25,92.7,1181.0,16.32
25.25,92.75,1209.0,9.31
25.25,92.8,1145.0,11.4
25.25,92.85,779.0,11.43
25.25,92.9,601.0,11.87
25.25,92.95,728.0,5.04
25.25,93.0,315.0,15.15
25.25,93.05,474.0,4.17
25.25,93.1,531.0,13.74
25.25,93.15,475.0,4.63
25.25,93.2,426.0,0.89
25.25,93.25,670.0,12.9
25.25,93.3,1092.0,23.17
25.25,93.35,1256.0,17.54
25.25,93.4,947.0,18.76
25.25,93.45,1320.0,11.3
25.25,93.5,1731.0,22.36
25.25,93.55,1583.0,24.06
25.25,93.6,754.0,11.94
25.25,93.65,684.0,19.06
25.25,93.7,1007.0,21.7
25.25,93.75,1203.0,23.0
25.25,93.8,1660.0,10.25
25.25,93.85,1174.0,30.98
25.25,93.9,1148.0,10.84
25.25,93.95,2044.0,19.68
25.25,94.0,1182.0,5.8
25.25,94.05,1367.0,14.23
25.25,94.1,1111.0,21.22
25.25,94.15,1675.0,20.96
25.25,94.2,1393.0,21.97
25.25,94.25,1044.0,15.91
25.25,94.3,1110.0,8.5
25.25,94.35,1245.0,7.65
25.25,94.4,1680.0,10.54
25.25,94.45,1565.0,15.29
25.25,94.5,1532.0,17.06
25.25,94.55,1564.0,22.38
25.25,94.6,1940.0,18.72
25.25,94.65,1946.0,26.79
25.25,94.7,2061.0,18.0
25.25,94.75,1818.0,20.15
25.25,94.8,1514.0,15.45
25.25,94.85,1643.0,21.98
25.25,94.9,1506.0,22.18
25.25,94.95,1042.0,12.16
25.25,95.0,331.0,3.23
25.25,95.05,171.0,1.03
25.25,95.1,136.0,0.94
25.25,95.15,168.0,0.15
25.25,95.2,188.0,6.63
25.25,95.25,178.0,1.42
25.25,95.3,204.0,3.87
25.25,95.35,213.0,0.82
25.25,95.4,267.0,0.68
25.25,95.45,243.0,1.98
25.25,95.5,317.0,7.37
25.25,95.55,335.0,2.62
25.25,95.6,366.0,6.74
25.25,95.65,268.0,7.15
25.25,95.7,201.0,0.66
25.25,95.75,188.0,1.56
25.25,95.8,195.0,1.48
25.25,95.85,214.0,2.0
25.25,95.9,187.0,1.24
25.25,95.95,198.0,3.54
25.25,96.0,198.0,0.79
25.25,96.05,223.0,4.1
25.25,96.1,475.0,10.74
25.25,96.15,455.0,5.75
25.25,96.2,781.0,15.49
25.25,96.25,404.0,6.95
25.25,96.3,332.0,3.77
25.25,96.35,172.0,0.48
25.25,96.4,171.0,0.03
25.25,96.45,177.0,0.66
25.3,89.5,24.0,0.29
25.3,89.55,21.0,0.39
25.3,89.6,23.0,0.35
25.3,89.65,16.0,0.0
25.3,89.7,22.0,0.57
25.3,89.75,21.0,0.45
25.3,89.8,26.0,0.67
25.3,89.85,27.0,0.78
25.3,89.9,53.0,2.09
25.3,89.95,54.0,0.45
25.3,90.0,36.0,0.51
25.3,90.05,58.0,2.98
25.3,90.1,177.0,8.91
25.3,90.15,83.0,1.64
25.3,90.2,75.0,4.01
25.3,90.25,97.0,2.23
25.3,90.3,230.0,1.79
25.3,90.35,90.0,4.19
25.3,90.4,95.0,5.36
25.3,90.45,61.0,5.88
25.3,90.5,82.0,9.66
25.3,90.55,53.0,4.77
25.3,90.6,140.0,5.22
25.3,90.65,135.0,10.28
25.3,90.7,85.0,6.07
25.3,90.75,631.0,5.55
25.3,90.8,700.0,5.25
25.3,90.85,589.0,5.8
25.3,90.9,698.0,29.11
25.3,90.95,503.0,7.81
25.3,91.0,286.0,17.42
25.3,91.05,371.0,0.56
25.3,91.1,307.0,15.37
25.3,91.15,346.0,7.12
25.3,91.2,421.0,6.27
25.3,91.25,845.0,18.13
25.3,91.3,425.0,21.71
25.3,91.35,949.0,7.92
25.3,91.4,908.0,32.15
25.3,91.45,680.0,19.22
25.3,91.5,551.0,7.96
25.3,91.55,559.0,3.76
25.3,91.6,1459.0,24.36
25.3,91.65,633.0,13.89
25.3,91.7,1487.0,7.08
25.3,91.75,1417.0,22.53
25.3,91.8,931.0,8.2
25.3,91.85,376.0,17.6
25.3,91.9,1341.0,3.43
25.3,91.95,1111.0,3.68
25.3,92.0,355.0,23.69
25.3,92.05,1085.0,4.87
25.3,92.1,770.0,30.51
25.3,92.15,1085.0,4.86
25.3,92.2,957.0,30.12
25.3,92.25,1077.0,2.38
25.3,92.3,1064.0,5.38
25.3,92.35,971.0,9.21
25.3,92.4,870.0,2.94
25.3,92.45,941.0,1.93
25.3,92.5,1130.0,11.19
25.3,92.55,1026.0,12.64
25.3,92.6,1271.0,8.78
25.3,92.65,1109.0,7.88
25.3,92.7,1093.0,1.81
25.3,92.75,1071.0,17.68
25.3,92.8,1026.0,4.15
25.3,92.85,704.0,11.36
25.3,92.9,616.0,22.21
25.3,92.95,498.0,9.69
25.3,93.0,408.0,2.53
25.3,93.05,412.0,11.45
25.3,93.1,425.0,11.35
25.3,93.15,338.0,9.1
25.3,93.2,438.0,10.74
25.3,93.25,696.0,11.76
25.3,93.3,507.0,2.2
25.3,93.35,1059.0,23.06
25.3,93.4,1456.0,14.36
25.3,93.45,1267.0,18.13
25.3,93.5,1314.0,12.36
25.3,93.55,1144.0,39.48
25.3,93.6,962.0,20.05
25.3,93.65,550.0,23.97
25.3,93.7,1035.0,8.89
25.3,93.75,1240.0,25.88
25.3,93.8,1336.0,4.6
25.3,93.85,2090.0,15.33
25.3,93.9,1661.0,21.67
25.3,93.95,1909.0,25.31
25.3,94.0,1289.0,5.77
25.3,94.05,1179.0,20.62
25.3,94.1,1215.0,15.6
25.3,94.15,1737.0,19.56
25.3,94.2,1687.0,26.37
25.3,94.25,1259.0,18.72
25.3,94.3,1636.0,12.29
25.3,94.35,1246.0,19.85
25.3,94.4,1527.0,5.45
25.3,94.45,1683.0,12.37
25.3,94.5,1164.0,2.55
25.3,94.55,1536.0,22.68
25.3,94.6,2213.0,15.43
25.3,94.65,1524.0,26.12
25.3,94.7,1346.0,14.49
25.3,94.75,1349.0,19.85
25.3,94.8,1126.0,24.7
25.3,94.85,1369.0,24.95
25.3,94.9,1597.0,14.94
25.3,94.95,1269.0,10.73
25.3,95.0,914.0,9.66
25.3,95.05,278.0,15.56
25.3,95.1,224.0,3.17
25.3,95.15,194.0,2.68
25.3,95.2,212.0,3.63
25.3,95.25,138.0,3.5
25.3,95.3,160.0,1.16
25.3,95.35,207.0,4.38
25.3,95.4,225.0,1.81
25.3,95.45,218.0,0.47
25.3,95.5,238.0,3.84
25.3,95.55,204.0,0.95
25.3,95.6,300.0,1.87
25.3,95.65,257.0,1.66
25.3,95.7,216.0,1.92
25.3,95.75,174.0,2.24
25.3,95.8,189.0,4.17
25.3,95.85,205.0,0.52
25.3,95.9,188.0,1.36
25.3,95.95,191.0,2.76
25.3,96.0,195.0,1.65
25.3,96.05,213.0,0.61
25.3,96.1,273.0,5.33
25.3,96.15,842.0,10.63
25.3,96.2,378.0,13.94
25.3,96.25,555.0,11.26
25.3,96.3,236.0,4.34
25.3,96.35,218.0,2.32
25.3,96.4,212.0,4.27
25.3,96.45,189.0,1.46
25.35,89.5,26.0,0.45
25.35,89.55,26.0,0.09
25.35,89.6,21.0,0.17
25.35,89.65,23.0,0.18
25.35,89.7,21.0,0.68
25.35,89.75,25.0,1.32
25.35,89.8,22.0,0.31
25.35,89.85,35.0,1.49
25.35,89.9,122.0,2.99
25.35,89.95,75.0,2.58
25.35,90.0,71.0,1.46
25.35,90.05,73.0,2.69
25.35,90.1,104.0,6.19
25.35,90.15,61.0,1.44
25.35,90.2,82.0,1.12
25.35,90.25,96.0,5.78
25.35,90.3,67.0,2.48
25.35,90.35,104.0,2.37
25.35,90.4,100.0,6.08
25.35,90.45,121.0,6.74
25.35,90.5,288.0,6.19
25.35,90.55,205.0,3.28
25.35,90.6,359.0,2.45
25.35,90.65,174.0,3.28
25.35,90.7,92.0,9.31
25.35,90.75,546.0,17.66
25.35,90.8,446.0,27.03
25.35,90.85,436.0,3.89
25.35,90.9,426.0,3.77
25.35,90.95,417.0,2.85
25.35,91.0,360.0,1.32
25.35,91.05,310.0,16.72
25.35,91.1,246.0,6.02
25.35,91.15,718.0,6.27
25.35,91.2,940.0,3.03
25.35,91.25,1197.0,5.24
25.35,91.3,669.0,15.32
25.35,91.35,1104.0,28.75
25.35,91.4,1507.0,4.9
25.35,91.45,1548.0,3.88
25.35,91.5,1539.0,5.37
25.35,91.55,1498.0,27.61
25.35,91.6,1767.0,7.63
25.35,91.65,1057.0,20.97
25.35,91.7,1157.0,21.25
25.35,91.75,1369.0,18.71
25.35,91.8,1022.0,35.87
25.35,91.85,850.0,23.75
25.35,91.9,1581.0,2.84
25.35,91.95,342.0,8.85
25.35,92.0,518.0,16.26
25.35,92.05,1314.0,7.4
25.35,92.1,1275.0,2.77
25.35,92.15,1241.0,2.33
25.35,92.2,1260.0,3.45
25.35,92.25,1216.0,1.82
25.35,92.3,1204.0,2.27
25.35,92.35,1144.0,2.42
25.35,92.4,1059.0,1.55
25.35,92.45,988.0,2.75
25.35,92.5,1085.0,14.28
25.35,92.55,861.0,1.03
25.35,92.6,929.0,9.74
25.35,92.65,890.0,8.52
25.35,92.7,989.0,8.63
25.35,92.75,794.0,11.86
25.35,92.8,1000.0,5.67
25.35,92.85,834.0,9.0
25.35,92.9,634.0,10.87
25.35,92.95,587.0,2.49
25.35,93.0,439.0,9.62
25.35,93.05,502.0,10.97
25.35,93.1,222.0,1.54
25.35,93.15,253.0,4.73
25.35,93.2,587.0,9.43
25.35,93.25,460.0,4.2
25.35,93.3,412.0,8.22
25.35,93.35,682.0,22.61
25.35,93.4,684.0,3.58
25.35,93.45,1626.0,29.35
25.35,93.5,1399.0,11.56
25.35,93.55,1319.0,7.13
25.35,93.6,1294.0,7.36
25.35,93.65,597.0,10.41
25.35,93.7,699.0,12.02
25.35,93.75,1061.0,10.08
25.35,93.8,1540.0,13.97
25.35,93.85,1884.0,16.82
25.35,93.9,2089.0,40.02
25.35,93.95,1340.0,16.15
25.35,94.0,1291.0,18.83
25.35,94.05,1125.0,5.43
25.35,94.1,1127.0,14.58
25.35,94.15,1304.0,16.71
25.35,94.2,1743.0,11.97
25.35,94.25,1538.0,21.78
25.35,94.3,1675.0,21.91
25.35,94.35,1086.0,8.37
25.35,94.4,982.0,13.51
25.35,94.45,1456.0,0.99
25.35,94.5,1960.0,34.95
25.35,94.55,1108.0,23.61
25.35,94.6,1912.0,17.23
25.35,94.65,1550.0,15.1
25.35,94.7,1355.0,21.65
25.35,94.75,1085.0,18.65
25.35,94.8,1432.0,10.82
25.35,94.85,1017.0,30.2
25.35,94.9,1110.0,16.9
25.35,94.95,1602.0,18.9
25.35,95.0,1145.0,21.6
25.35,95.05,565.0,10.83
25.35,95.1,196.0,2.73
25.35,95.15,198.0,1.47
25.35,95.2,206.0,1.27
25.35,95.25,194.0,5.32
25.35,95.3,152.0,3.0
25.35,95.35,144.0,0.31
25.35,95.4,210.0,0.36
25.35,95.45,214.0,2.29
25.35,95.5,238.0,1.12
25.35,95.55,260.0,3.39
25.35,95.6,223.0,1.62
25.35,95.65,209.0,3.43
25.35,95.7,227.0,4.42
25.35,95.75,255.0,1.8
25.35,95.8,177.0,1.6
25.35,95.85,202.0,2.13
25.35,95.9,193.0,1.21
25.35,95.95,202.0,0.69
25.35,96.0,198.0,3.84
25.35,96.05,233.0,0.73
25.35,96.1,717.0,7.88
25.35,96.15,665.0,16.89
25.35,96.2,485.0,14.97
25.35,96.25,474.0,16.87
25.35,96.3,469.0,8.63
25.35,96.35,188.0,0.56
25.35,96.4,207.0,8.19
25.35,96.45,248.0,6.97
25.4,89.5,23.0,0.19
25.4,89.55,23.0,0.52
25.4,89.6,25.0,0.41
25.4,89.65,20.0,0.29
25.4,89.7,22.0,0.41
25.4,89.75,23.0,0.55
25.4,89.8,24.0,0.5
25.4,89.85,58.0,3.07
25.4,89.9,78.0,2.17
25.4,89.95,92.0,3.45
25.4,90.0,92.0,2.73
25.4,90.05,81.0,4.45
25.4,90.1,143.0,4.29
25.4,90.15,121.0,12.49
25.4,90.2,140.0,3.32
25.4,90.25,90.0,7.99
25.4,90.3,249.0,5.81
25.4,90.35,383.0,19.9
25.4,90.4,492.0,1.7
25.4,90.45,477.0,5.93
25.4,90.5,450.0,11.08
25.4,90.55,398.0,14.71
25.4,90.6,355.0,18.03
25.4,90.65,825.0,28.48
25.4,90.7,513.0,14.27
25.4,90.75,227.0,5.73
25.4,90.8,261.0,17.88
25.4,90.85,283.0,4.18
25.4,90.9,410.0,2.99
25.4,90.95,411.0,14.42
25.4,91.0,358.0,18.81
25.4,91.05,561.0,5.15
25.4,91.1,736.0,5.98
25.4,91.15,894.0,11.33
25.4,91.2,1132.0,1.38
25.4,91.25,1272.0,5.2
25.4,91.3,1398.0,2.55
25.4,91.35,1459.0,8.76
25.4,91.4,1406.0,14.43
25.4,91.45,1517.0,16.64
25.4,91.5,1542.0,2.8
25.4,91.55,1555.0,15.27
25.4,91.6,1599.0,15.41
25.4,91.65,1675.0,4.62
25.4,91.7,1771.0,5.52
25.4,91.75,1839.0,7.29
25.4,91.8,1821.0,9.49
25.4,91.85,1472.0,12.32
25.4,91.9,789.0,20.63
25.4,91.95,1429.0,29.17
25.4,92.0,1300.0,31.79
25.4,92.05,1462.0,3.6
25.4,92.1,1037.0,8.8
25.4,92.15,1300.0,5.2
25.4,92.2,1335.0,5.8
25.4,92.25,1231.0,10.98
25.4,92.3,1295.0,0.19
25.4,92.35,1293.0,3.73
25.4,92.4,1227.0,2.8
25.4,92.45,1070.0,1.56
25.4,92.5,992.0,7.32
25.4,92.55,876.0,4.4
25.4,92.6,920.0,9.53
25.4,92.65,855.0,6.87
25.4,92.7,831.0,6.47
25.4,92.75,923.0,1.07
25.4,92.8,915.0,10.65
25.4,92.85,674.0,11.16
25.4,92.9,515.0,5.54
25.4,92.95,193.0,9.87
25.4,93.0,266.0,15.12
25.4,93.05,274.0,9.3
25.4,93.1,190.0,2.89
25.4,93.15,363.0,8.87
25.4,93.2,363.0,15.99
25.4,93.25,383.0,3.55
25.4,93.3,373.0,1.58
25.4,93.35,342.0,1.56
25.4,93.4,554.0,13.76
25.4,93.45,617.0,6.17
25.4,93.5,1139.0,25.11
25.4,93.55,1038.0,13.85
25.4,93.6,1115.0,15.59
25.4,93.65,1034.0,13.11
25.4,93.7,733.0,28.63
25.4,93.75,761.0,23.2
25.4,93.8,1555.0,15.63
25.4,93.85,1629.0,13.29
25.4,93.9,2194.0,21.41
25.4,93.95,876.0,15.75
25.4,94.0,1245.0,19.92
25.4,94.05,1251.0,16.31
25.4,94.1,1312.0,17.44
25.4,94.15,1114.0,1.65
25.4,94.2,1752.0,21.56
25.4,94.25,1865.0,9.19
25.4,94.3,1681.0,16.84
25.4,94.35,1337.0,20.86
25.4,94.4,1296.0,24.33
25.4,94.45,1724.0,20.68
25.4,94.5,1707.0,14.6
25.4,94.55,944.0,12.38
25.4,94.6,1459.0,16.51
25.4,94.65,2059.0,17.32
25.4,94.7,1926.0,12.76
25.4,94.75,1347.0,23.8
25.4,94.8,1907.0,15.13
25.4,94.85,913.0,17.36
25.4,94.9,753.0,33.19
25.4,94.95,1061.0,26.75
25.4,95.0,460.0,13.55
25.4,95.05,273.0,3.39
25.4,95.1,325.0,7.13
25.4,95.15,202.0,6.78
25.4,95.2,198.0,4.04
25.4,95.25,219.0,6.44
25.4,95.3,174.0,6.01
25.4,95.35,185.0,3.12
25.4,95.4,176.0,1.49
25.4,95.45,213.0,2.56
25.4,95.5,221.0,2.77
25.4,95.55,230.0,0.29
25.4,95.6,221.0,0.58
25.4,95.65,238.0,1.97
25.4,95.7,242.0,1.08
25.4,95.75,220.0,1.68
25.4,95.8,194.0,2.52
25.4,95.85,223.0,0.74
25.4,95.9,189.0,1.21
25.4,95.95,240.0,1.13
25.4,96.0,219.0,3.64
25.4,96.05,277.0,8.88
25.4,96.1,517.0,16.04
25.4,96.15,365.0,12.96
25.4,96.2,835.0,7.16
25.4,96.25,878.0,7.49
25.4,96.3,790.0,16.01
25.4,96.35,226.0,2.55
25.4,96.4,232.0,1.35
25.4,96.45,240.0,4.14
25.45,89.5,25.0,0.36
25.45,89.55,25.0,0.28
25.45,89.6,24.0,0.29
25.45,89.65,24.0,0.19
25.45,89.7,16.0,0.0
25.45,89.75,22.0,0.23
25.45,89.8,25.0,0.17
25.45,89.85,30.0,2.07
25.45,89.9,53.0,2.97
25.45,89.95,57.0,3.12
25.45,90.0,91.0,1.93
25.45,90.05,118.0,0.99
25.45,90.1,101.0,4.81
25.45,90.15,74.0,0.61
25.45,90.2,124.0,3.65
25.45,90.25,190.0,4.81
25.45,90.3,550.0,13.28
25.45,90.35,1033.0,32.44
25.45,90.4,819.0,24.23
25.45,90.45,741.0,18.75
25.45,90.5,951.0,8.66
25.45,90.55,856.0,1.52
25.45,90.6,366.0,7.64
25.45,90.65,383.0,1.92
25.45,90.7,283.0,3.73
25.45,90.75,158.0,9.24
25.45,90.8,212.0,14.19
25.45,90.85,411.0,8.54
25.45,90.9,471.0,5.47
25.45,90.95,456.0,7.16
25.45,91.0,515.0,5.63
25.45,91.05,633.0,3.99
25.45,91.1,889.0,3.63
25.45,91.15,1025.0,4.23
25.45,91.2,1224.0,6.3
25.45,91.25,1322.0,0.89
25.45,91.3,1452.0,8.27
25.45,91.35,1463.0,2.08
25.45,91.4,1525.0,5.36
25.45,91.45,1510.0,2.71
25.45,91.5,1671.0,4.22
25.45,91.55,1591.0,6.35
25.45,91.6,1570.0,3.03
25.45,91.65,1626.0,8.63
25.45,91.7,1751.0,5.1
25.45,91.75,1780.0,16.09
25.45,91.8,1873.0,2.06
25.45,91.85,1874.0,0.78
25.45,91.9,1762.0,8.98
25.45,91.95,1738.0,1.86
25.45,92.0,1546.0,7.2
25.45,92.05,1156.0,5.91
25.45,92.1,1126.0,6.21
25.45,92.15,1429.0,4.32
25.45,92.2,1392.0,0.46
25.45,92.25,1279.0,9.45
25.45,92.3,1362.0,1.86
25.45,92.35,1306.0,7.94
25.45,92.4,1134.0,4.21
25.45,92.45,1123.0,0.72
25.45,92.5,961.0,2.74
25.45,92.55,793.0,4.86
25.45,92.6,735.0,0.44
25.45,92.65,786.0,6.59
25.45,92.7,661.0,6.0
25.45,92.75,552.0,13.17
25.45,92.8,558.0,8.67
25.45,92.85,322.0,12.43
25.45,92.9,452.0,21.38
25.45,92.95,374.0,8.79
25.45,93.0,220.0,12.49
25.45,93.05,203.0,3.88
25.45,93.1,265.0,6.84
25.45,93.15,190.0,2.87
25.45,93.2,331.0,8.34
25.45,93.25,261.0,13.21
25.45,93.3,282.0,5.74
25.45,93.35,384.0,9.78
25.45,93.4,390.0,3.37
25.45,93.45,511.0,5.59
25.45,93.5,737.0,9.93
25.45,93.55,939.0,17.01
25.45,93.6,1075.0,24.14
25.45,93.65,1347.0,26.82
25.45,93.7,751.0,25.97
25.45,93.75,1658.0,24.23
25.45,93.8,727.0,18.6
25.45,93.85,1460.0,32.65
25.45,93.9,2199.0,11.05
25.45,93.95,859.0,29.81
25.45,94.0,1669.0,24.32
25.45,94.05,1373.0,27.44
25.45,94.1,1358.0,14.94
25.45,94.15,1352.0,14.66
25.45,94.2,1410.0,14.23
25.45,94.25,2103.0,21.24
25.45,94.3,2239.0,32.3
25.45,94.35,1220.0,15.16
25.45,94.4,905.0,12.84
25.45,94.45,1148.0,23.11
25.45,94.5,1184.0,18.98
25.45,94.55,1386.0,19.45
25.45,94.6,1492.0,16.73
25.45,94.65,1705.0,24.33
25.45,94.7,2055.0,12.22
25.45,94.75,1837.0,14.55
25.45,94.8,2421.0,21.02
25.45,94.85,1868.0,42.0
25.45,94.9,1425.0,20.75
25.45,94.95,1458.0,36.13
25.45,95.0,1112.0,10.9
25.45,95.05,817.0,7.75
25.45,95.1,580.0,11.22
25.45,95.15,252.0,5.05
25.45,95.2,250.0,2.69
25.45,95.25,229.0,2.28
25.45,95.3,226.0,3.65
25.45,95.35,220.0,2.5
25.45,95.4,209.0,0.96
25.45,95.45,204.0,0.84
25.45,95.5,197.0,1.09
25.45,95.55,216.0,0.26
25.45,95.6,212.0,0.32
25.45,95.65,211.0,2.47
25.45,95.7,244.0,0.96
25.45,95.75,236.0,2.46
25.45,95.8,249.0,0.64
25.45,95.85,231.0,1.27
25.45,95.9,215.0,3.48
25.45,95.95,287.0,5.67
25.45,96.0,236.0,3.23
25.45,96.05,236.0,5.04
25.45,96.1,334.0,10.97
25.45,96.15,665.0,5.18
25.45,96.2,643.0,22.84
25.45,96.25,417.0,4.21
25.45,96.3,641.0,7.94
25.45,96.35,502.0,12.2
25.45,96.4,315.0,16.54
25.45,96.45,245.0,0.53
25.5,89.5,27.0,0.18
25.5,89.55,24.0,0.28
25.5,89.6,26.0,0.22
25.5,89.65,24.0,0.12
25.5,89.7,21.0,0.19
25.5,89.75,21.0,0.74
25.5,89.8,24.0,0.68
25.5,89.85,24.0,0.29
25.5,89.9,30.0,0.1
25.5,89.95,55.0,3.1
25.5,90.0,89.0,7.04
25.5,90.05,101.0,7.89
25.5,90.1,99.0,4.63
25.5,90.15,136.0,6.12
25.5,90.2,175.0,4.22
25.5,90.25,1207.0,6.95
25.5,90.3,1131.0,5.36
25.5,90.35,1074.0,6.24
25.5,90.4,907.0,7.16
25.5,90.45,682.0,16.1
25.5,90.5,511.0,23.92
25.5,90.55,364.0,10.92
25.5,90.6,256.0,1.92
25.5,90.65,297.0,3.47
25.5,90.7,277.0,11.75
25.5,90.75,355.0,9.73
25.5,90.8,219.0,7.06
25.5,90.85,415.0,7.86
25.5,90.9,563.0,3.99
25.5,90.95,607.0,2.26
25.5,91.0,690.0,7.66
25.5,91.05,823.0,7.31
25.5,91.1,909.0,3.48
25.5,91.15,1167.0,1.31
25.5,91.2,1294.0,3.39
25.5,91.25,1290.0,10.12
25.5,91.3,1586.0,4.69
25.5,91.35,1464.0,2.24
25.5,91.4,1501.0,1.01
25.5,91.45,1587.0,0.48
25.5,91.5,1643.0,8.4
25.5,91.55,1662.0,15.87
25.5,91.6,1661.0,4.19
25.5,91.65,1793.0,6.25
25.5,91.7,1816.0,10.96
25.5,91.75,1721.0,18.96
25.5,91.8,1771.0,5.47
25.5,91.85,1827.0,2.54
25.5,91.9,1771.0,0.05
25.5,91.95,1656.0,10.32
25.5,92.0,1584.0,4.45
25.5,92.05,1271.0,24.31
25.5,92.1,1095.0,9.04
25.5,92.15,1401.0,1.47
25.5,92.2,1285.0,3.44
25.5,92.25,1295.0,2.93
25.5,92.3,1316.0,7.14
25.5,92.35,1302.0,6.74
25.5,92.4,1277.0,5.64
25.5,92.45,1191.0,2.99
25.5,92.5,1055.0,15.8
25.5,92.55,900.0,1.01
25.5,92.6,753.0,2.23
25.5,92.65,735.0,1.4
25.5,92.7,601.0,0.0
25.5,92.75,526.0,10.22
25.5,92.8,460.0,9.21
25.5,92.85,561.0,18.25
25.5,92.9,442.0,14.42
25.5,92.95,229.0,10.72
25.5,93.0,222.0,7.87
25.5,93.05,186.0,2.98
25.5,93.1,160.0,1.51
25.5,93.15,219.0,4.94
25.5,93.2,235.0,3.26
25.5,93.25,326.0,4.15
25.5,93.3,591.0,22.04
25.5,93.35,532.0,5.98
25.5,93.4,535.0,3.72
25.5,93.45,422.0,7.51
25.5,93.5,489.0,3.25
25.5,93.55,509.0,13.25
25.5,93.6,1127.0,23.6
25.5,93.65,1526.0,18.08
25.5,93.7,1535.0,11.61
25.5,93.75,1132.0,28.05
25.5,93.8,675.0,25.86
25.5,93.85,885.0,3.81
25.5,93.9,1255.0,31.14
25.5,93.95,1070.0,15.81
25.5,94.0,1465.0,8.19
25.5,94.05,1933.0,17.74
25.5,94.1,2193.0,26.94
25.5,94.15,1485.0,15.33
25.5,94.2,1600.0,22.56
25.5,94.25,2125.0,20.71
25.5,94.3,1942.0,16.87
25.5,94.35,1667.0,17.83
25.5,94.4,1421.0,18.13
25.5,94.45,1247.0,23.09
25.5,94.5,1346.0,4.91
25.5,94.55,752.0,8.28
25.5,94.6,1106.0,11.46
25.5,94.65,1917.0,25.51
25.5,94.7,1654.0,26.5
25.5,94.75,2751.0,32.57
25.5,94.8,2558.0,14.44
25.5,94.85,1295.0,32.82
25.5,94.9,670.0,25.44
25.5,94.95,893.0,29.89
25.5,95.0,1042.0,32.39
25.5,95.05,1175.0,10.41
25.5,95.1,858.0,27.19
25.5,95.15,773.0,4.25
25.5,95.2,242.0,7.87
25.5,95.25,212.0,5.47
25.5,95.3,211.0,1.37
25.5,95.35,212.0,1.91
25.5,95.4,190.0,1.12
25.5,95.45,200.0,1.88
25.5,95.5,201.0,1.5
25.5,95.55,197.0,1.83
25.5,95.6,207.0,0.4
25.5,95.65,212.0,0.45
25.5,95.7,237.0,4.61
25.5,95.75,209.0,3.43
25.5,95.8,231.0,1.46
25.5,95.85,218.0,0.52
25.5,95.9,233.0,0.75
25.5,95.95,227.0,1.87
25.5,96.0,235.0,0.59
25.5,96.05,181.0,1.34
25.5,96.1,196.0,1.26
25.5,96.15,435.0,8.19
25.5,96.2,619.0,12.89
25.5,96.25,457.0,14.12
25.5,96.3,340.0,6.88
25.5,96.35,603.0,10.02
25.5,96.4,204.0,0.78
25.5,96.45,247.0,4.71
25.55,89.5,26.0,0.3
25.55,89.55,27.0,0.24
25.55,89.6,24.0,0.59
25.55,89.65,24.0,0.27
25.55,89.7,23.0,0.55
25.55,89.75,25.0,0.11
25.55,89.8,24.0,0.3
25.55,89.85,24.0,0.4
25.55,89.9,29.0,0.77
25.55,89.95,60.0,2.7
25.55,90.0,46.0,1.92
25.55,90.05,38.0,0.54
25.55,90.1,47.0,0.15
25.55,90.15,209.0,1.82
25.55,90.2,279.0,5.27
25.55,90.25,739.0,9.3
25.55,90.3,718.0,2.13
25.55,90.35,735.0,4.87
25.55,90.4,464.0,21.84
25.55,90.45,477.0,9.01
25.55,90.5,357.0,0.76
25.55,90.55,273.0,1.95
25.55,90.6,320.0,1.2
25.55,90.65,440.0,2.23
25.55,90.7,330.0,3.51
25.55,90.75,399.0,3.04
25.55,90.8,457.0,6.81
25.55,90.85,627.0,1.7
25.55,90.9,734.0,1.84
25.55,90.95,788.0,1.23
25.55,91.0,791.0,9.73
25.55,91.05,779.0,2.53
25.55,91.1,1021.0,6.25
25.55,91.15,1124.0,2.67
25.55,91.2,1289.0,7.99
25.55,91.25,1328.0,1.79
25.55,91.3,1417.0,2.41
25.55,91.35,1550.0,3.47
25.55,91.4,1691.0,4.33
25.55,91.45,1826.0,5.72
25.55,91.5,1622.0,3.86
25.55,91.55,1713.0,5.25
25.55,91.6,1628.0,1.72
25.55,91.65,1798.0,7.33
25.55,91.7,1795.0,2.44
25.55,91.75,1722.0,5.83
25.55,91.8,1166.0,16.62
25.55,91.85,1743.0,12.26
25.55,91.9,1814.0,8.11
25.55,91.95,1508.0,16.52
25.55,92.0,1297.0,15.12
25.55,92.05,1328.0,3.62
25.55,92.1,1070.0,6.04
25.55,92.15,1276.0,4.89
25.55,92.2,1293.0,1.89
25.55,92.25,1227.0,4.22
25.55,92.3,1135.0,4.8
25.55,92.35,1092.0,13.27
25.55,92.4,948.0,8.13
25.55,92.45,1118.0,2.16
25.55,92.5,999.0,0.82
25.55,92.55,857.0,8.02
25.55,92.6,769.0,12.45
25.55,92.65,742.0,1.6
25.55,92.7,668.0,2.1
25.55,92.75,548.0,10.48
25.55,92.8,411.0,1.82
25.55,92.85,218.0,6.03
25.55,92.9,147.0,1.71
25.55,92.95,246.0,2.86
25.55,93.0,133.0,3.15
25.55,93.05,165.0,2.0
25.55,93.1,173.0,3.78
25.55,93.15,243.0,3.72
25.55,93.2,300.0,1.18
25.55,93.25,305.0,1.93
25.55,93.3,471.0,11.43
25.55,93.35,307.0,3.47
25.55,93.4,410.0,16.25
25.55,93.45,490.0,11.28
25.55,93.5,382.0,1.87
25.55,93.55,372.0,1.09
25.55,93.6,586.0,12.71
25.55,93.65,695.0,11.0
25.55,93.7,731.0,13.59
25.55,93.75,913.0,10.62
25.55,93.8,1022.0,15.28
25.55,93.85,1358.0,37.7
25.55,93.9,1999.0,26.3
25.55,93.95,1385.0,17.97
25.55,94.0,2622.0,17.95
25.55,94.05,2674.0,9.64
25.55,94.1,2315.0,27.62
25.55,94.15,1457.0,10.54
25.55,94.2,1204.0,27.24
25.55,94.25,1296.0,13.75
25.55,94.3,2271.0,10.88
25.55,94.35,2210.0,2.83
25.55,94.4,1618.0,30.45
25.55,94.45,1061.0,22.77
25.55,94.5,1115.0,20.79
25.55,94.55,969.0,20.0
25.55,94.6,1818.0,28.75
25.55,94.65,965.0,23.46
25.55,94.7,2078.0,22.93
25.55,94.75,1610.0,17.49
25.55,94.8,1640.0,23.61
25.55,94.85,2106.0,34.1
25.55,94.9,920.0,32.97
25.55,94.95,1794.0,8.88
25.55,95.0,999.0,10.87
25.55,95.05,580.0,32.54
25.55,95.1,374.0,33.76
25.55,95.15,796.0,17.22
25.55,95.2,647.0,14.93
25.55,95.25,237.0,3.24
25.55,95.3,208.0,9.03
25.55,95.35,213.0,1.97
25.55,95.4,161.0,2.8
25.55,95.45,216.0,2.13
25.55,95.5,211.0,2.19
25.55,95.55,216.0,0.95
25.55,95.6,218.0,0.55
25.55,95.65,225.0,0.82
25.55,95.7,217.0,1.48
25.55,95.75,234.0,0.67
25.55,95.8,238.0,2.07
25.55,95.85,227.0,2.79
25.55,95.9,228.0,1.7
25.55,95.95,267.0,1.31
25.55,96.0,226.0,2.52
25.55,96.05,216.0,0.68
25.55,96.1,375.0,6.28
25.55,96.15,260.0,3.1
25.55,96.2,428.0,10.06
25.55,96.25,416.0,15.27
25.55,96.3,362.0,10.47
25.55,96.35,467.0,4.36
25.55,96.4,297.0,2.47
25.55,96.45,275.0,1.61
25.6,89.5,26.0,0.48
25.6,89.55,23.0,0.27
25.6,89.6,25.0,0.22
25.6,89.65,28.0,0.6
25.6,89.7,25.0,0.22
25.6,89.75,25.0,0.45
25.6,89.8,23.0,0.05
25.6,89.85,29.0,0.16
25.6,89.9,24.0,0.11
25.6,89.95,31.0,0.68
25.6,90.0,36.0,0.47
25.6,90.05,108.0,4.61
25.6,90.1,306.0,12.35
25.6,90.15,393.0,4.42
25.6,90.2,376.0,2.46
25.6,90.25,385.0,4.01
25.6,90.3,751.0,1.66
25.6,90.35,722.0,2.32
25.6,90.4,700.0,7.26
25.6,90.45,467.0,0.44
25.6,90.5,394.0,10.03
25.6,90.55,350.0,6.94
25.6,90.6,497.0,8.32
25.6,90.65,472.0,17.7
25.6,90.7,396.0,1.74
25.6,90.75,339.0,0.72
25.6,90.8,418.0,3.87
25.6,90.85,569.0,6.3
25.6,90.9,709.0,8.61
25.6,90.95,753.0,4.73
25.6,91.0,948.0,4.67
25.6,91.05,869.0,3.8
25.6,91.1,964.0,7.69
25.6,91.15,1103.0,7.52
25.6,91.2,1222.0,2.23
25.6,91.25,1377.0,2.14
25.6,91.3,1423.0,6.02
25.6,91.35,1637.0,8.44
25.6,91.4,1591.0,7.78
25.6,91.45,1384.0,7.86
25.6,91.5,1535.0,4.93
25.6,91.55,1592.0,4.09
25.6,91.6,1624.0,3.21
25.6,91.65,1609.0,2.84
25.6,91.7,1537.0,7.16
25.6,91.75,1676.0,1.97
25.6,91.8,1703.0,8.34
25.6,91.85,1043.0,2.55
25.6,91.9,1440.0,5.43
25.6,91.95,1349.0,6.37
25.6,92.0,1240.0,17.07
25.6,92.05,1114.0,2.16
25.6,92.1,964.0,9.68
25.6,92.15,1061.0,4.95
25.6,92.2,1141.0,5.8
25.6,92.25,1172.0,3.13
25.6,92.3,1146.0,4.24
25.6,92.35,1062.0,2.03
25.6,92.4,1036.0,10.82
25.6,92.45,940.0,1.59
25.6,92.5,878.0,5.18
25.6,92.55,798.0,7.35
25.6,92.6,749.0,5.04
25.6,92.65,686.0,12.09
25.6,92.7,316.0,8.82
25.6,92.75,271.0,3.04
25.6,92.8,314.0,3.3
25.6,92.85,229.0,4.01
25.6,92.9,160.0,1.71
25.6,92.95,120.0,1.22
25.6,93.0,191.0,5.46
25.6,93.05,204.0,4.79
25.6,93.1,246.0,2.71
25.6,93.15,321.0,4.69
25.6,93.2,354.0,6.01
25.6,93.25,433.0,15.47
25.6,93.3,452.0,2.94
25.6,93.35,323.0,1.87
25.6,93.4,247.0,2.17
25.6,93.45,272.0,1.42
25.6,93.5,297.0,6.14
25.6,93.55,312.0,8.34
25.6,93.6,366.0,2.21
25.6,93.65,432.0,2.75
25.6,93.7,471.0,7.31
25.6,93.75,683.0,10.76
25.6,93.8,1069.0,16.87
25.6,93.85,1863.0,28.13
25.6,93.9,1457.0,19.87
25.6,93.95,2004.0,22.61
25.6,94.0,2674.0,4.95
25.6,94.05,2694.0,22.38
25.6,94.1,1797.0,18.06
25.6,94.15,1265.0,21.52
25.6,94.2,1333.0,21.33
25.6,94.25,1281.0,23.67
25.6,94.3,2207.0,14.92
25.6,94.35,1462.0,17.64
25.6,94.4,1321.0,14.52
25.6,94.45,779.0,10.54
25.6,94.5,982.0,27.1
25.6,94.55,1085.0,21.46
25.6,94.6,1238.0,24.32
25.6,94.65,927.0,22.94
25.6,94.7,1244.0,12.31
25.6,94.75,2036.0,14.23
25.6,94.8,1210.0,23.68
25.6,94.85,799.0,25.76
25.6,94.9,934.0,29.15
25.6,94.95,1671.0,25.9
25.6,95.0,491.0,26.21
25.6,95.05,1848.0,25.83
25.6,95.1,1144.0,27.2
25.6,95.15,331.0,11.16
25.6,95.2,944.0,17.57
25.6,95.25,273.0,7.55
25.6,95.3,213.0,4.98
25.6,95.35,189.0,1.01
25.6,95.4,168.0,0.58
25.6,95.45,184.0,2.71
25.6,95.5,197.0,1.25
25.6,95.55,203.0,0.37
25.6,95.6,212.0,1.31
25.6,95.65,243.0,2.11
25.6,95.7,256.0,0.67
25.6,95.75,241.0,2.09
25.6,95.8,216.0,2.86
25.6,95.85,240.0,1.32
25.6,95.9,325.0,7.05
25.6,95.95,263.0,7.08
25.6,96.0,247.0,1.1
25.6,96.05,251.0,1.11
25.6,96.1,789.0,12.26
25.6,96.15,626.0,13.58
25.6,96.2,382.0,22.0
25.6,96.25,608.0,7.95
25.6,96.3,269.0,8.08
25.6,96.35,292.0,11.2
25.6,96.4,335.0,0.84
25.6,96.45,319.0,7.67
25.65,89.5,25.0,0.3
25.65,89.55,29.0,0.19
25.65,89.6,29.0,0.44
25.65,89.65,30.0,0.06
25.65,89.7,21.0,0.41
25.65,89.75,17.0,0.09
25.65,89.8,28.0,0.79
25.65,89.85,30.0,0.45
25.65,89.9,27.0,0.33
25.65,89.95,24.0,0.06
25.65,90.0,112.0,1.85
25.65,90.05,62.0,4.23
25.65,90.1,201.0,4.44
25.65,90.15,294.0,3.95
25.65,90.2,417.0,1.45
25.65,90.25,442.0,5.07
25.65,90.3,432.0,7.67
25.65,90.35,567.0,1.08
25.65,90.4,451.0,1.04
25.65,90.45,322.0,13.2
25.65,90.5,397.0,8.99
25.65,90.55,409.0,1.14
25.65,90.6,298.0,2.02
25.65,90.65,303.0,1.49
25.65,90.7,358.0,3.6
25.65,90.75,380.0,1.19
25.65,90.8,381.0,5.38
25.65,90.85,602.0,6.11
25.65,90.9,700.0,3.66
25.65,90.95,788.0,4.18
25.65,91.0,785.0,9.64
25.65,91.05,962.0,2.03
25.65,91.1,1020.0,4.75
25.65,91.15,1178.0,5.19
25.65,91.2,1442.0,3.83
25.65,91.25,1593.0,6.36
25.65,91.3,1443.0,0.94
25.65,91.35,1535.0,7.04
25.65,91.4,1551.0,3.17
25.65,91.45,1085.0,19.01
25.65,91.5,1072.0,6.52
25.65,91.55,1231.0,7.99
25.65,91.6,1423.0,3.13
25.65,91.65,1444.0,3.67
25.65,91.7,1368.0,10.09
25.65,91.75,945.0,6.7
25.65,91.8,996.0,3.45
25.65,91.85,995.0,10.18
25.65,91.9,1091.0,17.71
25.65,91.95,1094.0,5.66
25.65,92.0,926.0,3.21
25.65,92.05,972.0,14.66
25.65,92.1,883.0,6.17
25.65,92.15,836.0,0.43
25.65,92.2,1023.0,1.26
25.65,92.25,1035.0,6.32
25.65,92.3,997.0,4.03
25.65,92.35,923.0,9.06
25.65,92.4,827.0,1.72
25.65,92.45,797.0,0.71
25.65,92.5,812.0,5.0
25.65,92.55,846.0,8.74
25.65,92.6,751.0,2.17
25.65,92.65,702.0,4.87
25.65,92.7,653.0,2.47
25.65,92.75,374.0,1.29
25.65,92.8,259.0,4.59
25.65,92.85,175.0,5.92
25.65,92.9,144.0,1.91
25.65,92.95,247.0,2.29
25.65,93.0,211.0,6.92
25.65,93.05,268.0,3.36
25.65,93.1,215.0,2.4
25.65,93.15,243.0,5.1
25.65,93.2,341.0,12.64
25.65,93.25,362.0,8.31
25.65,93.3,401.0,1.59
25.65,93.35,319.0,4.55
25.65,93.4,282.0,0.5
25.65,93.45,248.0,1.64
25.65,93.5,226.0,1.81
25.65,93.55,235.0,2.34
25.65,93.6,239.0,1.67
25.65,93.65,318.0,0.55
25.65,93.7,336.0,1.33
25.65,93.75,528.0,2.82
25.65,93.8,548.0,8.47
25.65,93.85,779.0,20.21
25.65,93.9,1287.0,25.08
25.65,93.95,2496.0,13.16
25.65,94.0,1806.0,21.59
25.65,94.05,1480.0,17.35
25.65,94.1,1613.0,16.17
25.65,94.15,1094.0,12.08
25.65,94.2,1063.0,14.15
25.65,94.25,1526.0,19.99
25.65,94.3,1704.0,20.71
25.65,94.35,2073.0,19.83
25.65,94.4,1250.0,21.71
25.65,94.45,1338.0,21.22
25.65,94.5,1548.0,26.6
25.65,94.55,895.0,12.75
25.65,94.6,651.0,23.84
25.65,94.65,737.0,21.13
25.65,94.7,870.0,6.86
25.65,94.75,1996.0,20.11
25.65,94.8,1750.0,16.21
25.65,94.85,697.0,33.04
25.65,94.9,2244.0,29.11
25.65,94.95,1778.0,19.85
25.65,95.0,883.0,34.01
25.65,95.05,1017.0,15.03
25.65,95.1,1897.0,34.86
25.65,95.15,1268.0,32.69
25.65,95.2,742.0,8.78
25.65,95.25,654.0,8.76
25.65,95.3,357.0,6.37
25.65,95.35,236.0,13.06
25.65,95.4,174.0,7.22
25.65,95.45,233.0,2.16
25.65,95.5,229.0,2.87
25.65,95.55,205.0,1.57
25.65,95.6,218.0,2.59
25.65,95.65,222.0,2.38
25.65,95.7,255.0,0.37
25.65,95.75,209.0,2.46
25.65,95.8,239.0,2.03
25.65,95.85,250.0,2.9
25.65,95.9,267.0,7.08
25.65,95.95,312.0,7.82
25.65,96.0,358.0,1.99
25.65,96.05,277.0,2.62
25.65,96.1,705.0,18.8
25.65,96.15,712.0,23.68
25.65,96.2,576.0,10.41
25.65,96.25,668.0,4.87
25.65,96.3,361.0,8.9
25.65,96.35,252.0,3.44
25.65,96.4,404.0,4.79
25.65,96.45,323.0,5.42
25.7,89.5,29.0,0.29
25.7,89.55,30.0,0.36
25.7,89.6,32.0,0.23
25.7,89.65,27.0,0.68
25.7,89.7,18.0,0.25
25.7,89.75,18.0,0.11
25.7,89.8,24.0,0.38
25.7,89.85,26.0,0.19
25.7,89.9,28.0,0.26
25.7,89.95,107.0,3.15
25.7,90.0,31.0,1.42
25.7,90.05,73.0,2.97
25.7,90.1,166.0,3.15
25.7,90.15,316.0,3.02
25.7,90.2,186.0,1.12
25.7,90.25,351.0,4.55
25.7,90.3,452.0,6.43
25.7,90.35,511.0,12.01
25.7,90.4,378.0,1.73
25.7,90.45,338.0,1.13
25.7,90.5,128.0,4.63
25.7,90.55,266.0,1.91
25.7,90.6,229.0,6.83
25.7,90.65,263.0,5.31
25.7,90.7,309.0,0.98
25.7,90.75,338.0,4.4
25.7,90.8,356.0,10.09
25.7,90.85,449.0,16.48
25.7,90.9,554.0,2.3
25.7,90.95,558.0,0.57
25.7,91.0,869.0,4.49
25.7,91.05,805.0,4.78
25.7,91.1,885.0,2.94
25.7,91.15,1055.0,21.15
25.7,91.2,1177.0,6.06
25.7,91.25,1068.0,27.23
25.7,91.3,1201.0,2.93
25.7,91.35,1088.0,9.39
25.7,91.4,1169.0,14.12
25.7,91.45,1027.0,26.55
25.7,91.5,1129.0,10.4
25.7,91.55,1149.0,8.31
25.7,91.6,1346.0,9.85
25.7,91.65,1012.0,17.05
25.7,91.7,844.0,1.82
25.7,91.75,951.0,11.48
25.7,91.8,837.0,1.58
25.7,91.85,843.0,2.66
25.7,91.9,871.0,2.33
25.7,91.95,959.0,4.03
25.7,92.0,888.0,0.64
25.7,92.05,909.0,9.59
25.7,92.1,912.0,15.75
25.7,92.15,812.0,0.84
25.7,92.2,822.0,0.95
25.7,92.25,796.0,1.56
25.7,92.3,886.0,2.83
25.7,92.35,865.0,10.54
25.7,92.4,856.0,1.24
25.7,92.45,897.0,10.48
25.7,92.5,836.0,4.66
25.7,92.55,851.0,8.91
25.7,92.6,672.0,3.11
25.7,92.65,602.0,0.26
25.7,92.7,502.0,7.52
25.7,92.75,343.0,3.33
25.7,92.8,204.0,12.98
25.7,92.85,151.0,2.43
25.7,92.9,133.0,1.35
25.7,92.95,133.0,0.27
25.7,93.0,269.0,17.05
25.7,93.05,182.0,4.72
25.7,93.1,268.0,9.58
25.7,93.15,261.0,5.31
25.7,93.2,241.0,18.19
25.7,93.25,234.0,8.02
25.7,93.3,253.0,2.52
25.7,93.35,212.0,3.07
25.7,93.4,278.0,2.62
25.7,93.45,280.0,0.63
25.7,93.5,223.0,0.25
25.7,93.55,194.0,2.85
25.7,93.6,241.0,8.0
25.7,93.65,299.0,5.17
25.7,93.7,304.0,4.64
25.7,93.75,399.0,7.81
25.7,93.8,466.0,1.8
25.7,93.85,375.0,1.3
25.7,93.9,595.0,6.0
25.7,93.95,1064.0,18.47
25.7,94.0,1794.0,21.17
25.7,94.05,949.0,10.41
25.7,94.1,1361.0,9.32
25.7,94.15,1161.0,4.84
25.7,94.2,1052.0,20.12
25.7,94.25,979.0,18.96
25.7,94.3,1243.0,24.54
25.7,94.35,1701.0,17.76
25.7,94.4,1964.0,21.05
25.7,94.45,1200.0,24.81
25.7,94.5,841.0,29.26
25.7,94.55,845.0,29.03
25.7,94.6,1175.0,32.94
25.7,94.65,1022.0,23.31
25.7,94.7,592.0,23.06
25.7,94.75,1147.0,27.24
25.7,94.8,1872.0,31.08
25.7,94.85,750.0,20.67
25.7,94.9,1855.0,7.72
25.7,94.95,1568.0,20.75
25.7,95.0,1825.0,31.92
25.7,95.05,2446.0,25.31
25.7,95.1,2194.0,21.64
25.7,95.15,1381.0,28.1
25.7,95.2,909.0,32.55
25.7,95.25,973.0,7.95
25.7,95.3,427.0,7.39
25.7,95.35,290.0,14.86
25.7,95.4,236.0,7.74
25.7,95.45,193.0,5.05
25.7,95.5,178.0,7.08
25.7,95.55,221.0,2.98
25.7,95.6,224.0,1.76
25.7,95.65,212.0,2.2
25.7,95.7,278.0,2.91
25.7,95.75,324.0,11.64
25.7,95.8,225.0,3.01
25.7,95.85,207.0,0.18
25.7,95.9,277.0,4.4
25.7,95.95,361.0,3.24
25.7,96.0,257.0,0.74
25.7,96.05,486.0,15.95
25.7,96.1,459.0,13.22
25.7,96.15,1303.0,9.94
25.7,96.2,601.0,21.84
25.7,96.25,851.0,2.4
25.7,96.3,497.0,12.56
25.7,96.35,262.0,1.56
25.7,96.4,271.0,1.29
25.7,96.45,296.0,2.43
25.75,89.5,30.0,0.83
25.75,89.55,34.0,0.59
25.75,89.6,29.0,0.2
25.75,89.65,30.0,0.34
25.75,89.7,28.0,0.29
25.75,89.75,20.0,0.0
25.75,89.8,27.0,1.21
25.75,89.85,21.0,0.0
25.75,89.9,26.0,0.34
25.75,89.95,25.0,0.33
25.75,90.0,41.0,0.94
25.75,90.05,79.0,10.4
25.75,90.1,178.0,0.94
25.75,90.15,191.0,2.62
25.75,90.2,142.0,6.5
25.75,90.25,158.0,3.26
25.75,90.3,334.0,3.03
25.75,90.35,375.0,8.67
25.75,90.4,324.0,1.28
25.75,90.45,286.0,2.66
25.75,90.5,201.0,0.99
25.75,90.55,241.0,3.02
25.75,90.6,192.0,4.56
25.75,90.65,227.0,2.67
25.75,90.7,353.0,6.85
25.75,90.75,263.0,12.7
25.75,90.8,304.0,10.43
25.75,90.85,628.0,6.0
25.75,90.9,633.0,3.54
25.75,90.95,698.0,10.83
25.75,91.0,591.0,4.14
25.75,91.05,814.0,5.92
25.75,91.1,709.0,19.61
25.75,91.15,758.0,11.05
25.75,91.2,1022.0,1.48
25.75,91.25,827.0,5.98
25.75,91.3,771.0,14.42
25.75,91.35,783.0,10.37
25.75,91.4,390.0,12.48
25.75,91.45,939.0,2.01
25.75,91.5,578.0,5.53
25.75,91.55,648.0,7.14
25.75,91.6,753.0,16.88
25.75,91.65,809.0,4.35
25.75,91.7,830.0,6.49
25.75,91.75,731.0,3.34
25.75,91.8,710.0,4.23
25.75,91.85,783.0,3.53
25.75,91.9,803.0,18.36
25.75,91.95,983.0,4.18
25.75,92.0,901.0,16.2
25.75,92.05,906.0,10.74
25.75,92.1,933.0,4.57
25.75,92.15,864.0,2.7
25.75,92.2,937.0,2.37
25.75,92.25,792.0,10.45
25.75,92.3,748.0,2.09
25.75,92.35,816.0,5.73
25.75,92.4,929.0,2.97
25.75,92.45,839.0,3.15
25.75,92.5,762.0,2.82
25.75,92.55,704.0,3.24
25.75,92.6,815.0,4.29
25.75,92.65,451.0,8.86
25.75,92.7,399.0,2.17
25.75,92.75,170.0,10.28
25.75,92.8,113.0,2.98
25.75,92.85,89.0,1.95
25.75,92.9,93.0,1.01
25.75,92.95,140.0,0.69
25.75,93.0,129.0,2.39
25.75,93.05,183.0,6.51
25.75,93.1,184.0,1.29
25.75,93.15,136.0,1.19
25.75,93.2,153.0,0.36
25.75,93.25,142.0,2.78
25.75,93.3,189.0,1.38
25.75,93.35,235.0,2.13
25.75,93.4,252.0,0.64
25.75,93.45,231.0,2.32
25.75,93.5,230.0,1.45
25.75,93.55,200.0,1.79
25.75,93.6,179.0,1.16
25.75,93.65,191.0,0.75
25.75,93.7,193.0,1.75
25.75,93.75,526.0,13.6
25.75,93.8,313.0,3.4
25.75,93.85,308.0,6.43
25.75,93.9,420.0,1.9
25.75,93.95,749.0,5.68
25.75,94.0,919.0,15.73
25.75,94.05,751.0,11.18
25.75,94.1,1105.0,13.2
25.75,94.15,892.0,17.66
25.75,94.2,990.0,17.19
25.75,94.25,649.0,3.62
25.75,94.3,845.0,11.64
25.75,94.35,1591.0,11.93
25.75,94.4,1251.0,19.36
25.75,94.45,1174.0,14.49
25.75,94.5,1128.0,18.7
25.75,94.55,1133.0,23.96
25.75,94.6,1339.0,16.83
25.75,94.65,1272.0,33.59
25.75,94.7,1024.0,15.98
25.75,94.75,826.0,24.28
25.75,94.8,839.0,29.02
25.75,94.85,1042.0,22.71
25.75,94.9,1433.0,18.84
25.75,94.95,2244.0,23.37
25.75,95.0,2797.0,25.67
25.75,95.05,3188.0,27.31
25.75,95.1,3132.0,34.03
25.75,95.15,1979.0,35.34
25.75,95.2,2151.0,29.99
25.75,95.25,475.0,15.94
25.75,95.3,1159.0,39.45
25.75,95.35,452.0,12.97
25.75,95.4,404.0,7.26
25.75,95.45,177.0,2.46
25.75,95.5,199.0,3.95
25.75,95.55,186.0,4.59
25.75,95.6,217.0,4.78
25.75,95.65,221.0,0.68
25.75,95.7,231.0,6.05
25.75,95.75,242.0,9.55
25.75,95.8,318.0,3.47
25.75,95.85,224.0,0.42
25.75,95.9,234.0,4.16
25.75,95.95,260.0,4.26
25.75,96.0,466.0,10.71
25.75,96.05,849.0,11.55
25.75,96.1,1008.0,23.36
25.75,96.15,1316.0,16.16
25.75,96.2,457.0,6.92
25.75,96.25,934.0,5.74
25.75,96.3,557.0,16.78
25.75,96.35,419.0,3.99
25.75,96.4,393.0,15.66
25.75,96.45,378.0,6.75
25.8,89.5,29.0,0.18
25.8,89.55,32.0,0.36
25.8,89.6,25.0,0.24
25.8,89.65,27.0,0.21
25.8,89.7,25.0,0.34
25.8,89.75,28.0,0.23
25.8,89.8,21.0,0.13
25.8,89.85,21.0,0.37
25.8,89.9,26.0,0.23
25.8,89.95,25.0,0.43
25.8,90.0,90.0,2.59
25.8,90.05,51.0,2.91
25.8,90.1,107.0,0.92
25.8,90.15,122.0,2.42
25.8,90.2,112.0,0.36
25.8,90.25,163.0,1.73
25.8,90.3,214.0,11.11
25.8,90.35,240.0,3.6
25.8,90.4,151.0,3.84
25.8,90.45,206.0,9.96
25.8,90.5,176.0,8.3
25.8,90.55,66.0,2.86
25.8,90.6,118.0,1.2
25.8,90.65,228.0,4.96
25.8,90.7,443.0,6.05
25.8,90.75,321.0,9.12
25.8,90.8,215.0,6.6
25.8,90.85,332.0,8.28
25.8,90.9,293.0,12.08
25.8,90.95,515.0,13.34
25.8,91.0,576.0,3.92
25.8,91.05,643.0,14.46
25.8,91.1,581.0,7.51
25.8,91.15,469.0,29.99
25.8,91.2,612.0,6.48
25.8,91.25,560.0,12.43
25.8,91.3,294.0,20.7
25.8,91.35,524.0,8.7
25.8,91.4,265.0,18.15
25.8,91.45,161.0,7.19
25.8,91.5,299.0,3.34
25.8,91.55,589.0,26.99
25.8,91.6,521.0,20.09
25.8,91.65,500.0,13.14
25.8,91.7,689.0,14.25
25.8,91.75,712.0,14.42
25.8,91.8,723.0,7.23
25.8,91.85,715.0,24.28
25.8,91.9,739.0,2.6
25.8,91.95,809.0,19.94
25.8,92.0,912.0,9.5
25.8,92.05,995.0,5.24
25.8,92.1,808.0,2.59
25.8,92.15,780.0,3.8
25.8,92.2,1045.0,17.74
25.8,92.25,862.0,10.75
25.8,92.3,780.0,8.9
25.8,92.35,826.0,11.42
25.8,92.4,852.0,10.07
25.8,92.45,831.0,7.9
25.8,92.5,629.0,6.66
25.8,92.55,592.0,3.14
25.8,92.6,552.0,10.4
25.8,92.65,521.0,1.0
25.8,92.7,329.0,14.42
25.8,92.75,221.0,4.04
25.8,92.8,242.0,2.98
25.8,92.85,99.0,0.79
25.8,92.9,85.0,0.81
25.8,92.95,92.0,0.25
25.8,93.0,90.0,1.23
25.8,93.05,118.0,1.37
25.8,93.1,133.0,0.65
25.8,93.15,182.0,0.83
25.8,93.2,316.0,3.75
25.8,93.25,250.0,3.53
25.8,93.3,441.0,5.46
25.8,93.35,198.0,1.96
25.8,93.4,221.0,1.87
25.8,93.45,195.0,0.65
25.8,93.5,212.0,2.21
25.8,93.55,215.0,1.58
25.8,93.6,182.0,0.45
25.8,93.65,167.0,0.43
25.8,93.7,168.0,0.46
25.8,93.75,171.0,0.63
25.8,93.8,224.0,4.92
25.8,93.85,411.0,13.0
25.8,93.9,390.0,3.77
25.8,93.95,1022.0,23.22
25.8,94.0,574.0,18.94
25.8,94.05,1088.0,19.62
25.8,94.1,1087.0,12.09
25.8,94.15,1186.0,8.56
25.8,94.2,1026.0,17.78
25.8,94.25,757.0,20.4
25.8,94.3,837.0,8.15
25.8,94.35,1128.0,18.46
25.8,94.4,1827.0,21.07
25.8,94.45,1644.0,31.35
25.8,94.5,823.0,15.18
25.8,94.55,1582.0,32.64
25.8,94.6,1795.0,31.6
25.8,94.65,1854.0,28.35
25.8,94.7,1153.0,28.36
25.8,94.75,658.0,5.25
25.8,94.8,1087.0,33.38
25.8,94.85,1195.0,23.1
25.8,94.9,1660.0,11.6
25.8,94.95,1856.0,14.34
25.8,95.0,2466.0,20.68
25.8,95.05,2950.0,11.54
25.8,95.1,2374.0,28.45
25.8,95.15,2446.0,12.31
25.8,95.2,1363.0,14.15
25.8,95.25,1856.0,29.97
25.8,95.3,1454.0,24.21
25.8,95.35,1053.0,10.59
25.8,95.4,578.0,15.04
25.8,95.45,317.0,15.98
25.8,95.5,222.0,15.46
25.8,95.55,230.0,5.37
25.8,95.6,195.0,2.7
25.8,95.65,235.0,1.64
25.8,95.7,207.0,2.23
25.8,95.75,299.0,8.01
25.8,95.8,236.0,4.71
25.8,95.85,243.0,2.54
25.8,95.9,228.0,0.92
25.8,95.95,295.0,14.38
25.8,96.0,599.0,6.19
25.8,96.05,479.0,16.62
25.8,96.1,1207.0,26.88
25.8,96.15,1071.0,17.06
25.8,96.2,606.0,16.41
25.8,96.25,942.0,3.21
25.8,96.3,737.0,5.62
25.8,96.35,626.0,6.38
25.8,96.4,557.0,12.1
25.8,96.45,905.0,23.67
25.85,89.5,29.0,0.19
25.85,89.55,35.0,0.23
25.85,89.6,35.0,0.45
25.85,89.65,28.0,1.01
25.85,89.7,27.0,0.11
25.85,89.75,28.0,0.22
25.85,89.8,26.0,0.38
25.85,89.85,28.0,0.76
25.85,89.9,24.0,0.28
25.85,89.95,28.0,0.31
25.85,90.0,27.0,0.21
25.85,90.05,28.0,2.28
25.85,90.1,62.0,1.45
25.85,90.15,83.0,2.34
25.85,90.2,74.0,1.26
25.85,90.25,140.0,9.24
25.85,90.3,159.0,3.66
25.85,90.35,244.0,1.89
25.85,90.4,184.0,3.07
25.85,90.45,95.0,2.63
25.85,90.5,124.0,6.83
25.85,90.55,204.0,5.59
25.85,90.6,61.0,1.12
25.85,90.65,250.0,4.31
25.85,90.7,264.0,8.75
25.85,90.75,301.0,9.15
25.85,90.8,98.0,4.57
25.85,90.85,248.0,10.21
25.85,90.9,440.0,15.94
25.85,90.95,227.0,12.56
25.85,91.0,349.0,12.57
25.85,91.05,212.0,9.29
25.85,91.1,396.0,13.0
25.85,91.15,131.0,10.7
25.85,91.2,117.0,8.64
25.85,91.25,220.0,9.41
25.85,91.3,219.0,13.39
25.85,91.35,105.0,19.24
25.85,91.4,252.0,16.25
25.85,91.45,321.0,16.43
25.85,91.5,271.0,10.02
25.85,91.55,587.0,13.09
25.85,91.6,374.0,10.15
25.85,91.65,339.0,2.57
25.85,91.7,494.0,5.23
25.85,91.75,672.0,7.32
25.85,91.8,866.0,7.18
25.85,91.85,474.0,25.52
25.85,91.9,598.0,1.19
25.85,91.95,928.0,0.87
25.85,92.0,787.0,1.02
25.85,92.05,755.0,2.39
25.85,92.1,1092.0,12.47
25.85,92.15,747.0,6.73
25.85,92.2,765.0,6.94
25.85,92.25,784.0,3.46
25.85,92.3,762.0,3.25
25.85,92.35,621.0,12.14
25.85,92.4,496.0,3.41
25.85,92.45,692.0,3.52
25.85,92.5,649.0,2.75
25.85,92.55,558.0,4.3
25.85,92.6,425.0,7.47
25.85,92.65,447.0,2.06
25.85,92.7,309.0,4.11
25.85,92.75,99.0,0.81
25.85,92.8,93.0,0.43
25.85,92.85,84.0,0.29
25.85,92.9,82.0,0.14
25.85,92.95,91.0,0.39
25.85,93.0,116.0,1.55
25.85,93.05,135.0,1.58
25.85,93.1,167.0,2.93
25.85,93.15,226.0,7.04
25.85,93.2,228.0,1.81
25.85,93.25,190.0,2.21
25.85,93.3,172.0,0.69
25.85,93.35,210.0,1.94
25.85,93.4,205.0,1.04
25.85,93.45,205.0,1.37
25.85,93.5,221.0,4.1
25.85,93.55,255.0,4.97
25.85,93.6,237.0,2.11
25.85,93.65,200.0,0.71
25.85,93.7,151.0,0.19
25.85,93.75,191.0,1.29
25.85,93.8,167.0,0.97
25.85,93.85,177.0,0.95
25.85,93.9,284.0,18.32
25.85,93.95,388.0,18.2
25.85,94.0,825.0,30.55
25.85,94.05,759.0,20.94
25.85,94.1,960.0,10.25
25.85,94.15,1339.0,20.5
25.85,94.2,1231.0,12.38
25.85,94.25,1200.0,19.63
25.85,94.3,894.0,29.32
25.85,94.35,784.0,3.33
25.85,94.4,909.0,5.86
25.85,94.45,2125.0,19.27
25.85,94.5,1493.0,18.0
25.85,94.55,1479.0,26.14
25.85,94.6,2030.0,34.59
25.85,94.65,1790.0,22.31
25.85,94.7,1902.0,16.55
25.85,94.75,1042.0,16.42
25.85,94.8,821.0,22.37
25.85,94.85,1020.0,22.5
25.85,94.9,1319.0,21.38
25.85,94.95,2130.0,23.07
25.85,95.0,2413.0,15.6
25.85,95.05,1924.0,6.33
25.85,95.1,1373.0,17.5
25.85,95.15,1913.0,24.47
25.85,95.2,2347.0,26.21
25.85,95.25,2589.0,22.8
25.85,95.3,2401.0,19.47
25.85,95.35,1650.0,12.47
25.85,95.4,777.0,26.58
25.85,95.45,353.0,9.1
25.85,95.5,419.0,10.33
25.85,95.55,247.0,11.25
25.85,95.6,163.0,1.37
25.85,95.65,155.0,0.54
25.85,95.7,232.0,1.98
25.85,95.75,291.0,2.39
25.85,95.8,233.0,4.14
25.85,95.85,210.0,1.62
25.85,95.9,389.0,15.21
25.85,95.95,549.0,5.05
25.85,96.0,464.0,7.21
25.85,96.05,829.0,17.48
25.85,96.1,934.0,22.4
25.85,96.15,1103.0,2.89
25.85,96.2,696.0,14.21
25.85,96.25,694.0,3.03
25.85,96.3,720.0,20.97
25.85,96.35,592.0,14.11
25.85,96.4,915.0,14.8
25.85,96.45,669.0,12.89
25.9,89.5,32.0,0.5
25.9,89.55,28.0,1.06
25.9,89.6,33.0,1.06
25.9,89.65,31.0,0.2
25.9,89.7,29.0,0.43
25.9,89.75,30.0,0.1
25.9,89.8,23.0,0.85
25.9,89.85,32.0,0.33
25.9,89.9,31.0,0.33
25.9,89.95,24.0,0.71
25.9,90.0,31.0,1.56
25.9,90.05,24.0,0.27
25.9,90.1,28.0,0.4
25.9,90.15,92.0,0.49
25.9,90.2,59.0,1.88
25.9,90.25,53.0,0.36
25.9,90.3,64.0,0.66
25.9,90.35,138.0,11.6
25.9,90.4,100.0,5.91
25.9,90.45,204.0,9.83
25.9,90.5,128.0,9.16
25.9,90.55,211.0,16.04
25.9,90.6,179.0,15.0
25.9,90.65,75.0,0.25
25.9,90.7,287.0,4.04
25.9,90.75,79.0,0.85
25.9,90.8,215.0,20.92
25.9,90.85,81.0,7.55
25.9,90.9,363.0,5.86
25.9,90.95,477.0,3.76
25.9,91.0,65.0,0.29
25.9,91.05,72.0,2.95
25.9,91.1,66.0,1.04
25.9,91.15,72.0,4.09
25.9,91.2,125.0,13.41
25.9,91.25,284.0,17.74
25.9,91.3,351.0,3.75
25.9,91.35,207.0,3.01
25.9,91.4,71.0,11.91
25.9,91.45,81.0,1.61
25.9,91.5,67.0,0.85
25.9,91.55,337.0,11.74
25.9,91.6,433.0,4.97
25.9,91.65,351.0,4.78
25.9,91.7,370.0,8.36
25.9,91.75,421.0,9.48
25.9,91.8,396.0,8.51
25.9,91.85,654.0,11.73
25.9,91.9,710.0,15.58
25.9,91.95,830.0,10.26
25.9,92.0,819.0,7.43
25.9,92.05,710.0,0.34
25.9,92.1,825.0,9.38
25.9,92.15,710.0,9.49
25.9,92.2,673.0,2.45
25.9,92.25,719.0,12.8
25.9,92.3,649.0,6.42
25.9,92.35,519.0,3.02
25.9,92.4,569.0,6.34
25.9,92.45,593.0,2.47
25.9,92.5,552.0,4.35
25.9,92.55,481.0,2.1
25.9,92.6,448.0,7.18
25.9,92.65,386.0,3.85
25.9,92.7,165.0,8.3
25.9,92.75,85.0,0.64
25.9,92.8,82.0,0.23
25.9,92.85,69.0,0.17
25.9,92.9,70.0,0.39
25.9,92.95,82.0,0.48
25.9,93.0,96.0,1.49
25.9,93.05,110.0,1.0
25.9,93.1,118.0,0.66
25.9,93.15,164.0,1.69
25.9,93.2,224.0,5.1
25.9,93.25,195.0,0.83
25.9,93.3,189.0,2.98
25.9,93.35,241.0,2.6
25.9,93.4,195.0,2.68
25.9,93.45,182.0,0.84
25.9,93.5,181.0,1.2
25.9,93.55,209.0,1.23
25.9,93.6,217.0,2.08
25.9,93.65,201.0,1.68
25.9,93.7,163.0,0.13
25.9,93.75,147.0,0.4
25.9,93.8,154.0,0.45
25.9,93.85,151.0,0.16
25.9,93.9,166.0,0.52
25.9,93.95,187.0,2.14
25.9,94.0,786.0,10.94
25.9,94.05,1041.0,19.48
25.9,94.1,571.0,13.46
25.9,94.15,1004.0,14.4
25.9,94.2,1629.0,25.24
25.9,94.25,948.0,22.04
25.9,94.3,930.0,12.24
25.9,94.35,668.0,12.1
25.9,94.4,886.0,20.83
25.9,94.45,1262.0,25.55
25.9,94.5,1402.0,29.85
25.9,94.55,1892.0,16.19
25.9,94.6,1306.0,12.27
25.9,94.65,1843.0,20.17
25.9,94.7,984.0,26.58
25.9,94.75,1518.0,20.91
25.9,94.8,805.0,6.98
25.9,94.85,794.0,26.31
25.9,94.9,927.0,13.53
25.9,94.95,1059.0,26.5
25.9,95.0,2783.0,29.83
25.9,95.05,2035.0,16.99
25.9,95.1,1996.0,23.2
25.9,95.15,1154.0,33.66
25.9,95.2,1367.0,21.57
25.9,95.25,2242.0,31.51
25.9,95.3,2325.0,16.36
25.9,95.35,1424.0,27.1
25.9,95.4,516.0,6.75
25.9,95.45,647.0,13.16
25.9,95.5,455.0,8.67
25.9,95.55,228.0,3.18
25.9,95.6,171.0,6.99
25.9,95.65,189.0,6.81
25.9,95.7,250.0,1.78
25.9,95.75,289.0,3.55
25.9,95.8,226.0,6.27
25.9,95.85,239.0,4.01
25.9,95.9,208.0,2.44
25.9,95.95,414.0,15.35
25.9,96.0,264.0,8.92
25.9,96.05,540.0,23.15
25.9,96.1,1585.0,20.19
25.9,96.15,542.0,12.5
25.9,96.2,826.0,10.05
25.9,96.25,709.0,8.07
25.9,96.3,890.0,0.61
25.9,96.35,999.0,10.2
25.9,96.4,790.0,15.1
25.9,96.45,973.0,12.46
25.95,89.5,27.0,0.85
25.95,89.55,34.0,0.41
25.95,89.6,33.0,0.42
25.95,89.65,30.0,0.34
25.95,89.7,26.0,0.24
25.95,89.75,26.0,0.4
25.95,89.8,32.0,0.47
25.95,89.85,23.0,0.34
25.95,89.9,23.0,0.53
25.95,89.95,30.0,0.77
25.95,90.0,31.0,0.34
25.95,90.05,33.0,0.49
25.95,90.1,26.0,0.56
25.95,90.15,30.0,0.79
25.95,90.2,32.0,0.93
25.95,90.25,36.0,0.12
25.95,90.3,54.0,0.85
25.95,90.35,161.0,2.14
25.95,90.4,62.0,4.61
25.95,90.45,319.0,9.58
25.95,90.5,63.0,4.82
25.95,90.55,60.0,1.35
25.95,90.6,103.0,8.43
25.95,90.65,59.0,0.47
25.95,90.7,64.0,0.62
25.95,90.75,60.0,0.41
25.95,90.8,64.0,0.5
25.95,90.85,61.0,0.66
25.95,90.9,58.0,0.58
25.95,90.95,62.0,0.31
25.95,91.0,57.0,0.43
25.95,91.05,56.0,0.37
25.95,91.1,54.0,0.89
25.95,91.15,51.0,0.16
25.95,91.2,54.0,1.01
25.95,91.25,57.0,3.69
25.95,91.3,174.0,15.39
25.95,91.35,208.0,4.67
25.95,91.4,61.0,7.24
25.95,91.45,57.0,0.55
25.95,91.5,179.0,17.78
25.95,91.55,305.0,19.85
25.95,91.6,601.0,9.09
25.95,91.65,557.0,12.99
25.95,91.7,313.0,9.74
25.95,91.75,266.0,6.6
25.95,91.8,299.0,12.89
25.95,91.85,390.0,5.76
25.95,91.9,588.0,7.39
25.95,91.95,581.0,2.27
25.95,92.0,538.0,1.72
25.95,92.05,685.0,5.16
25.95,92.1,621.0,13.38
25.95,92.15,688.0,7.58
25.95,92.2,654.0,12.7
25.95,92.25,639.0,1.99
25.95,92.3,562.0,3.25
25.95,92.35,516.0,5.09
25.95,92.4,543.0,4.07
25.95,92.45,530.0,6.14
25.95,92.5,479.0,10.95
25.95,92.55,386.0,14.52
25.95,92.6,363.0,15.09
25.95,92.65,217.0,3.98
25.95,92.7,73.0,0.77
25.95,92.75,71.0,0.43
25.95,92.8,74.0,1.46
25.95,92.85,83.0,1.83
25.95,92.9,80.0,1.22
25.95,92.95,79.0,0.8
25.95,93.0,89.0,0.21
25.95,93.05,98.0,0.43
25.95,93.1,141.0,1.78
25.95,93.15,146.0,2.16
25.95,93.2,173.0,0.87
25.95,93.25,172.0,2.94
25.95,93.3,190.0,1.61
25.95,93.35,149.0,2.15
25.95,93.4,166.0,1.28
25.95,93.45,157.0,1.57
25.95,93.5,182.0,2.15
25.95,93.55,170.0,0.22
25.95,93.6,190.0,1.53
25.95,93.65,195.0,2.15
25.95,93.7,188.0,2.22
25.95,93.75,150.0,1.46
25.95,93.8,144.0,0.22
25.95,93.85,149.0,0.83
25.95,93.9,151.0,0.34
25.95,93.95,166.0,0.45
25.95,94.0,384.0,11.48
25.95,94.05,1043.0,13.54
25.95,94.1,490.0,12.1
25.95,94.15,1140.0,26.01
25.95,94.2,1145.0,12.41
25.95,94.25,859.0,15.72
25.95,94.3,809.0,18.46
25.95,94.35,720.0,23.12
25.95,94.4,785.0,18.64
25.95,94.45,1043.0,21.45
25.95,94.5,1506.0,24.51
25.95,94.55,1363.0,18.92
25.95,94.6,1411.0,10.11
25.95,94.65,1967.0,12.31
25.95,94.7,1655.0,19.64
25.95,94.75,1761.0,22.63
25.95,94.8,1517.0,22.06
25.95,94.85,686.0,18.68
25.95,94.9,985.0,28.39
25.95,94.95,799.0,22.3
25.95,95.0,1588.0,37.71
25.95,95.05,2541.0,7.85
25.95,95.1,2846.0,11.6
25.95,95.15,1595.0,17.61
25.95,95.2,1587.0,23.88
25.95,95.25,884.0,24.26
25.95,95.3,1427.0,20.69
25.95,95.35,1704.0,16.15
25.95,95.4,1448.0,17.87
25.95,95.45,1243.0,16.1
25.95,95.5,610.0,10.91
25.95,95.55,349.0,12.76
25.95,95.6,194.0,2.43
25.95,95.65,178.0,3.58
25.95,95.7,184.0,8.17
25.95,95.75,215.0,1.34
25.95,95.8,184.0,3.12
25.95,95.85,221.0,3.42
25.95,95.9,206.0,4.34
25.95,95.95,308.0,17.59
25.95,96.0,640.0,18.75
25.95,96.05,1436.0,8.81
25.95,96.1,1238.0,16.78
25.95,96.15,729.0,16.3
25.95,96.2,410.0,5.53
25.95,96.25,740.0,17.79
25.95,96.3,934.0,14.15
25.95,96.35,792.0,9.18
25.95,96.4,706.0,10.13
25.95,96.45,1047.0,12.67
26.0,89.5,32.0,0.47
26.0,89.55,33.0,0.04
26.0,89.6,33.0,0.2
26.0,89.65,33.0,0.63
26.0,89.7,31.0,0.23
26.0,89.75,32.0,0.51
26.0,89.8,26.0,0.33
26.0,89.85,30.0,0.07
26.0,89.9,30.0,0.14
26.0,89.95,30.0,0.55
26.0,90.0,37.0,0.19
26.0,90.05,25.0,0.17
26.0,90.1,32.0,0.35
26.0,90.15,31.0,0.14
26.0,90.2,29.0,0.41
26.0,90.25,35.0,0.5
26.0,90.3,39.0,0.81
26.0,90.35,48.0,3.77
26.0,90.4,125.0,16.53
26.0,90.45,38.0,1.08
26.0,90.5,138.0,13.12
26.0,90.55,48.0,1.05
26.0,90.6,318.0,14.12
26.0,90.65,53.0,0.44
26.0,90.7,51.0,0.5
26.0,90.75,77.0,0.81
26.0,90.8,47.0,0.95
26.0,90.85,45.0,0.58
26.0,90.9,60.0,6.6
26.0,90.95,56.0,0.58
26.0,91.0,45.0,0.17
26.0,91.05,47.0,0.34
26.0,91.1,46.0,0.52
26.0,91.15,47.0,0.27
26.0,91.2,48.0,0.46
26.0,91.25,45.0,0.58
26.0,91.3,131.0,8.14
26.0,91.35,54.0,4.98
26.0,91.4,53.0,6.32
26.0,91.45,51.0,0.53
26.0,91.5,49.0,0.15
26.0,91.55,87.0,9.72
26.0,91.6,287.0,5.6
26.0,91.65,497.0,6.77
26.0,91.7,465.0,4.26
26.0,91.75,456.0,4.38
26.0,91.8,153.0,6.0
26.0,91.85,415.0,7.57
26.0,91.9,218.0,5.05
26.0,91.95,485.0,10.15
26.0,92.0,333.0,1.79
26.0,92.05,396.0,5.77
26.0,92.1,366.0,13.58
26.0,92.15,430.0,15.61
26.0,92.2,305.0,4.92
26.0,92.25,330.0,17.42
26.0,92.3,659.0,2.81
26.0,92.35,611.0,5.69
26.0,92.4,669.0,5.77
26.0,92.45,598.0,12.56
26.0,92.5,146.0,4.1
26.0,92.55,325.0,5.95
26.0,92.6,78.0,0.43
26.0,92.65,76.0,0.46
26.0,92.7,67.0,0.49
26.0,92.75,72.0,0.11
26.0,92.8,78.0,0.74
26.0,92.85,79.0,0.19
26.0,92.9,72.0,0.41
26.0,92.95,76.0,0.21
26.0,93.0,80.0,0.94
26.0,93.05,93.0,0.49
26.0,93.1,152.0,3.59
26.0,93.15,108.0,0.5
26.0,93.2,122.0,0.06
26.0,93.25,123.0,0.41
26.0,93.3,166.0,1.56
26.0,93.35,159.0,1.76
26.0,93.4,161.0,4.46
26.0,93.45,213.0,2.32
26.0,93.5,303.0,7.18
26.0,93.55,267.0,2.84
26.0,93.6,211.0,6.07
26.0,93.65,183.0,1.38
26.0,93.7,186.0,0.23
26.0,93.75,159.0,1.78
26.0,93.8,132.0,0.13
26.0,93.85,140.0,0.24
26.0,93.9,142.0,0.41
26.0,93.95,157.0,1.14
26.0,94.0,701.0,10.98
26.0,94.05,498.0,19.32
26.0,94.1,333.0,4.03
26.0,94.15,580.0,23.51
26.0,94.2,1001.0,13.1
26.0,94.25,1087.0,10.22
26.0,94.3,756.0,15.6
26.0,94.35,663.0,21.04
26.0,94.4,789.0,14.41
26.0,94.45,1125.0,21.91
26.0,94.5,1807.0,11.58
26.0,94.55,1032.0,17.37
26.0,94.6,2017.0,27.33
26.0,94.65,1447.0,18.96
26.0,94.7,1796.0,24.08
26.0,94.75,1291.0,23.51
26.0,94.8,1480.0,27.42
26.0,94.85,1167.0,5.23
26.0,94.9,1070.0,23.89
26.0,94.95,1529.0,26.16
26.0,95.0,1158.0,19.0
26.0,95.05,2030.0,13.78
26.0,95.1,2217.0,18.13
26.0,95.15,3105.0,27.06
26.0,95.2,1794.0,31.19
26.0,95.25,950.0,25.05
26.0,95.3,1112.0,36.32
26.0,95.35,524.0,28.8
26.0,95.4,1310.0,4.24
26.0,95.45,409.0,3.46
26.0,95.5,1116.0,16.85
26.0,95.55,809.0,28.79
26.0,95.6,307.0,8.02
26.0,95.65,143.0,2.8
26.0,95.7,141.0,2.47
26.0,95.75,160.0,1.74
26.0,95.8,230.0,2.97
26.0,95.85,276.0,9.82
26.0,95.9,276.0,5.08
26.0,95.95,849.0,22.34
26.0,96.0,819.0,28.77
26.0,96.05,1312.0,27.87
26.0,96.1,729.0,12.25
26.0,96.15,488.0,19.97
26.0,96.2,613.0,14.28
26.0,96.25,1073.0,4.06
26.0,96.3,1289.0,4.07
26.0,96.35,625.0,7.9
26.0,96.4,750.0,4.99
26.0,96.45,826.0,21.62
26.05,89.5,32.0,0.16
26.05,89.55,32.0,0.12
26.05,89.6,34.0,0.21
26.05,89.65,36.0,0.11
26.05,89.7,31.0,0.3
26.05,89.75,28.0,0.42
26.05,89.8,29.0,0.4
26.05,89.85,28.0,0.32
26.05,89.9,28.0,0.63
26.05,89.95,28.0,0.36
26.05,90.0,33.0,0.73
26.05,90.05,31.0,0.47
26.05,90.1,26.0,0.0
26.05,90.15,26.0,0.0
26.05,90.2,38.0,0.22
26.05,90.25,33.0,0.42
26.05,90.3,31.0,0.09
26.05,90.35,32.0,0.21
26.05,90.4,66.0,3.37
26.05,90.45,65.0,6.8
26.05,90.5,39.0,0.1
26.05,90.55,242.0,12.57
26.05,90.6,47.0,0.52
26.05,90.65,47.0,0.29
26.05,90.7,43.0,0.57
26.05,90.75,42.0,0.4
26.05,90.8,43.0,0.36
26.05,90.85,40.0,1.52
26.05,90.9,40.0,0.29
26.05,90.95,97.0,5.14
26.05,91.0,38.0,0.28
26.05,91.05,43.0,0.74
26.05,91.1,44.0,0.79
26.05,91.15,42.0,0.48
26.05,91.2,50.0,0.9
26.05,91.25,50.0,0.95
26.05,91.3,44.0,0.33
26.05,91.35,52.0,0.4
26.05,91.4,53.0,1.05
26.05,91.45,48.0,0.04
26.05,91.5,54.0,0.56
26.05,91.55,49.0,0.17
26.05,91.6,61.0,2.04
26.05,91.65,220.0,3.23
26.05,91.7,505.0,5.21
26.05,91.75,383.0,5.74
26.05,91.8,462.0,7.81
26.05,91.85,233.0,14.88
26.05,91.9,219.0,4.81
26.05,91.95,302.0,4.26
26.05,92.0,235.0,2.44
26.05,92.05,273.0,13.42
26.05,92.1,361.0,6.3
26.05,92.15,277.0,2.69
26.05,92.2,274.0,8.61
26.05,92.25,162.0,17.99
26.05,92.3,183.0,9.65
26.05,92.35,412.0,2.51
26.05,92.4,643.0,5.26
26.05,92.45,406.0,2.52
26.05,92.5,230.0,1.5
26.05,92.55,280.0,3.46
26.05,92.6,70.0,0.82
26.05,92.65,64.0,0.28
26.05,92.7,69.0,0.61
26.05,92.75,70.0,0.79
26.05,92.8,68.0,1.0
26.05,92.85,71.0,0.66
26.05,92.9,70.0,1.05
26.05,92.95,79.0,0.39
26.05,93.0,81.0,0.16
26.05,93.05,87.0,0.5
26.05,93.1,91.0,0.65
26.05,93.15,103.0,0.75
26.05,93.2,101.0,0.79
26.05,93.25,224.0,4.49
26.05,93.3,180.0,2.46
26.05,93.35,348.0,2.28
26.05,93.4,341.0,10.36
26.05,93.45,540.0,6.71
26.05,93.5,464.0,3.05
26.05,93.55,549.0,11.33
26.05,93.6,608.0,10.38
26.05,93.65,216.0,1.29
26.05,93.7,180.0,1.18
26.05,93.75,148.0,0.81
26.05,93.8,134.0,0.65
26.05,93.85,137.0,0.61
26.05,93.9,134.0,0.13
26.05,93.95,137.0,0.37
26.05,94.0,441.0,30.02
26.05,94.05,622.0,20.46
26.05,94.1,314.0,12.57
26.05,94.15,303.0,5.66
26.05,94.2,1017.0,30.71
26.05,94.25,1384.0,12.12
26.05,94.3,845.0,12.31
26.05,94.35,812.0,6.76
26.05,94.4,680.0,18.07
26.05,94.45,782.0,16.58
26.05,94.5,1219.0,24.76
26.05,94.55,1355.0,24.0
26.05,94.6,1392.0,25.22
26.05,94.65,2051.0,18.78
26.05,94.7,1581.0,21.46
26.05,94.75,1911.0,25.02
26.05,94.8,1384.0,19.92
26.05,94.85,1081.0,24.71
26.05,94.9,1237.0,10.57
26.05,94.95,1013.0,21.74
26.05,95.0,1832.0,13.47
26.05,95.05,1111.0,25.71
26.05,95.1,1735.0,20.69
26.05,95.15,2446.0,15.75
26.05,95.2,2396.0,16.69
26.05,95.25,2217.0,33.59
26.05,95.3,2043.0,34.8
26.05,95.35,1066.0,24.29
26.05,95.4,433.0,20.14
26.05,95.45,369.0,11.18
26.05,95.5,684.0,21.08
26.05,95.55,920.0,8.41
26.05,95.6,587.0,14.52
26.05,95.65,238.0,10.1
26.05,95.7,188.0,6.23
26.05,95.75,223.0,1.44
26.05,95.8,312.0,2.1
26.05,95.85,270.0,6.94
26.05,95.9,408.0,17.0
26.05,95.95,704.0,26.44
26.05,96.0,947.0,19.48
26.05,96.05,1004.0,22.28
26.05,96.1,962.0,13.16
26.05,96.15,427.0,16.13
26.05,96.2,605.0,8.78
26.05,96.25,925.0,9.09
26.05,96.3,977.0,30.67
26.05,96.35,792.0,26.42
26.05,96.4,366.0,5.76
26.05,96.45,964.0,14.5
26.1,89.5,34.0,0.36
26.1,89.55,35.0,0.34
26.1,89.6,31.0,0.19
26.1,89.65,33.0,0.41
26.1,89.7,32.0,0.15
26.1,89.75,34.0,0.37
26.1,89.8,28.0,0.56
26.1,89.85,26.0,0.21
26.1,89.9,29.0,0.09
26.1,89.95,31.0,0.24
26.1,90.0,30.0,0.23
26.1,90.05,31.0,0.17
26.1,90.1,31.0,0.31
26.1,90.15,34.0,0.64
26.1,90.2,31.0,0.44
26.1,90.25,27.0,0.92
26.1,90.3,31.0,0.59
26.1,90.35,36.0,0.42
26.1,90.4,38.0,0.42
26.1,90.45,39.0,0.56
26.1,90.5,45.0,1.28
26.1,90.55,42.0,0.14
26.1,90.6,39.0,0.19
26.1,90.65,46.0,0.42
26.1,90.7,62.0,9.06
26.1,90.75,46.0,0.77
26.1,90.8,43.0,0.67
26.1,90.85,32.0,1.0
26.1,90.9,38.0,0.47
26.1,90.95,41.0,0.88
26.1,91.0,42.0,0.86
26.1,91.05,42.0,0.07
26.1,91.1,42.0,0.89
26.1,91.15,42.0,0.03
26.1,91.2,43.0,0.27
26.1,91.25,47.0,0.15
26.1,91.3,42.0,0.47
26.1,91.35,42.0,0.33
26.1,91.4,49.0,0.38
26.1,91.45,54.0,0.43
26.1,91.5,49.0,0.06
26.1,91.55,57.0,1.35
26.1,91.6,57.0,0.4
26.1,91.65,261.0,13.62
26.1,91.7,92.0,1.44
26.1,91.75,97.0,9.54
26.1,91.8,64.0,0.11
26.1,91.85,233.0,1.89
26.1,91.9,123.0,11.86
26.1,91.95,94.0,7.7
26.1,92.0,106.0,8.57
26.1,92.05,155.0,9.81
26.1,92.1,112.0,6.58
26.1,92.15,73.0,2.34
26.1,92.2,251.0,3.69
26.1,92.25,66.0,0.26
26.1,92.3,59.0,0.47
26.1,92.35,181.0,3.11
26.1,92.4,338.0,17.32
26.1,92.45,238.0,7.39
26.1,92.5,122.0,12.68
26.1,92.55,168.0,7.04
26.1,92.6,62.0,0.66
26.1,92.65,64.0,1.09
26.1,92.7,65.0,0.37
26.1,92.75,71.0,0.52
26.1,92.8,64.0,0.08
26.1,92.85,70.0,0.49
26.1,92.9,71.0,0.84
26.1,92.95,80.0,0.4
26.1,93.0,80.0,0.19
26.1,93.05,83.0,0.4
26.1,93.1,93.0,0.15
26.1,93.15,147.0,1.36
26.1,93.2,173.0,13.34
26.1,93.25,246.0,3.19
26.1,93.3,433.0,4.24
26.1,93.35,409.0,13.25
26.1,93.4,453.0,2.75
26.1,93.45,658.0,16.99
26.1,93.5,1034.0,4.86
26.1,93.55,700.0,2.39
26.1,93.6,783.0,9.54
26.1,93.65,368.0,7.38
26.1,93.7,189.0,1.89
26.1,93.75,152.0,1.49
26.1,93.8,127.0,0.7
26.1,93.85,129.0,0.48
26.1,93.9,131.0,0.46
26.1,93.95,130.0,0.45
26.1,94.0,287.0,10.95
26.1,94.05,503.0,12.77
26.1,94.1,473.0,6.87
26.1,94.15,321.0,3.62
26.1,94.2,618.0,12.92
26.1,94.25,1248.0,14.5
26.1,94.3,1459.0,27.97
26.1,94.35,934.0,16.39
26.1,94.4,431.0,7.42
26.1,94.45,908.0,15.01
26.1,94.5,1647.0,17.13
26.1,94.55,1774.0,9.95
26.1,94.6,1414.0,24.4
26.1,94.65,1584.0,8.33
26.1,94.7,1746.0,21.43
26.1,94.75,1501.0,14.53
26.1,94.8,1026.0,29.13
26.1,94.85,1885.0,20.1
26.1,94.9,1122.0,23.23
26.1,94.95,1035.0,16.34
26.1,95.0,974.0,21.7
26.1,95.05,2034.0,24.41
26.1,95.1,2301.0,23.23
26.1,95.15,2361.0,8.51
26.1,95.2,2287.0,14.78
26.1,95.25,2493.0,18.76
26.1,95.3,1836.0,18.58
26.1,95.35,665.0,30.27
26.1,95.4,767.0,21.1
26.1,95.45,458.0,12.49
26.1,95.5,606.0,13.11
26.1,95.55,806.0,12.08
26.1,95.6,596.0,19.85
26.1,95.65,340.0,9.75
26.1,95.7,224.0,6.0
26.1,95.75,161.0,1.82
26.1,95.8,271.0,6.22
26.1,95.85,541.0,8.73
26.1,95.9,404.0,20.05
26.1,95.95,695.0,22.99
26.1,96.0,826.0,25.56
26.1,96.05,518.0,25.4
26.1,96.1,405.0,15.43
26.1,96.15,260.0,2.86
26.1,96.2,275.0,3.78
26.1,96.25,516.0,16.45
26.1,96.3,474.0,11.12
26.1,96.35,863.0,13.53
26.1,96.4,578.0,18.09
26.1,96.45,689.0,12.19
26.15,89.5,38.0,0.4
26.15,89.55,36.0,0.06
26.15,89.6,34.0,0.32
26.15,89.65,34.0,0.19
26.15,89.7,30.0,0.39
26.15,89.75,33.0,0.72
26.15,89.8,31.0,0.2
26.15,89.85,34.0,0.14
26.15,89.9,43.0,0.22
26.15,89.95,45.0,0.52
26.15,90.0,32.0,0.22
26.15,90.05,52.0,0.41
26.15,90.1,30.0,0.34
26.15,90.15,33.0,0.21
26.15,90.2,33.0,0.25
26.15,90.25,39.0,0.37
26.15,90.3,37.0,0.16
26.15,90.35,34.0,0.35
26.15,90.4,31.0,0.16
26.15,90.45,36.0,0.21
26.15,90.5,45.0,1.2
26.15,90.55,47.0,0.94
26.15,90.6,54.0,0.6
26.15,90.65,38.0,0.35
26.15,90.7,40.0,0.34
26.15,90.75,40.0,0.19
26.15,90.8,41.0,0.3
26.15,90.85,38.0,0.24
26.15,90.9,42.0,0.36
26.15,90.95,42.0,0.48
26.15,91.0,45.0,0.24
26.15,91.05,42.0,0.28
26.15,91.1,44.0,0.38
26.15,91.15,44.0,0.22
26.15,91.2,41.0,0.83
26.15,91.25,43.0,1.07
26.15,91.3,45.0,0.19
26.15,91.35,41.0,0.48
26.15,91.4,46.0,0.41
26.15,91.45,49.0,0.23
26.15,91.5,47.0,0.8
26.15,91.55,44.0,0.08
26.15,91.6,51.0,0.11
26.15,91.65,57.0,7.16
26.15,91.7,54.0,1.11
26.15,91.75,134.0,13.2
26.15,91.8,61.0,2.38
26.15,91.85,63.0,0.28
26.15,91.9,163.0,10.2
26.15,91.95,104.0,12.58
26.15,92.0,53.0,0.57
26.15,92.05,61.0,1.33
26.15,92.1,53.0,0.2
26.15,92.15,53.0,0.48
26.15,92.2,55.0,0.16
26.15,92.25,61.0,4.05
26.15,92.3,62.0,0.37
26.15,92.35,57.0,0.66
26.15,92.4,61.0,0.2
26.15,92.45,60.0,0.22
26.15,92.5,69.0,0.14
26.15,92.55,61.0,0.46
26.15,92.6,65.0,0.54
26.15,92.65,64.0,0.8
26.15,92.7,64.0,1.01
26.15,92.75,63.0,0.73
26.15,92.8,204.0,14.37
26.15,92.85,501.0,32.04
26.15,92.9,411.0,13.07
26.15,92.95,72.0,0.09
26.15,93.0,78.0,0.25
26.15,93.05,82.0,0.3
26.15,93.1,85.0,0.02
26.15,93.15,104.0,2.28
26.15,93.2,258.0,2.77
26.15,93.25,307.0,6.35
26.15,93.3,556.0,6.24
26.15,93.35,642.0,6.01
26.15,93.4,548.0,11.04
26.15,93.45,591.0,6.04
26.15,93.5,1233.0,13.11
26.15,93.55,1138.0,2.83
26.15,93.6,868.0,13.3
26.15,93.65,790.0,3.01
26.15,93.7,189.0,4.59
26.15,93.75,153.0,1.6
26.15,93.8,129.0,0.17
26.15,93.85,126.0,0.29
26.15,93.9,123.0,1.01
26.15,93.95,123.0,0.96
26.15,94.0,115.0,0.13
26.15,94.05,458.0,8.98
26.15,94.1,306.0,3.58
26.15,94.15,327.0,13.66
26.15,94.2,385.0,10.02
26.15,94.25,1195.0,17.21
26.15,94.3,739.0,14.35
26.15,94.35,470.0,16.39
26.15,94.4,680.0,6.73
26.15,94.45,758.0,16.86
26.15,94.5,1091.0,19.22
26.15,94.55,1194.0,23.52
26.15,94.6,1750.0,22.36
26.15,94.65,1476.0,23.32
26.15,94.7,1888.0,22.72
26.15,94.75,1429.0,14.82
26.15,94.8,1078.0,18.6
26.15,94.85,1702.0,21.53
26.15,94.9,1563.0,15.11
26.15,94.95,1501.0,19.07
26.15,95.0,755.0,5.52
26.15,95.05,1052.0,24.07
26.15,95.1,1730.0,28.63
26.15,95.15,1987.0,14.81
26.15,95.2,1673.0,17.66
26.15,95.25,1270.0,16.79
26.15,95.3,1496.0,12.37
26.15,95.35,2018.0,23.25
26.15,95.4,1723.0,30.41
26.15,95.45,1068.0,22.29
26.15,95.5,1138.0,20.56
26.15,95.55,341.0,14.62
26.15,95.6,232.0,16.75
26.15,95.65,284.0,16.21
26.15,95.7,267.0,7.01
26.15,95.75,294.0,8.21
26.15,95.8,307.0,6.33
26.15,95.85,466.0,28.1
26.15,95.9,356.0,8.33
26.15,95.95,431.0,23.57
26.15,96.0,547.0,10.45
26.15,96.05,466.0,23.62
26.15,96.1,239.0,1.08
26.15,96.15,248.0,2.3
26.15,96.2,284.0,1.86
26.15,96.25,279.0,2.6
26.15,96.3,312.0,7.33
26.15,96.35,485.0,13.62
26.15,96.4,517.0,20.4
26.15,96.45,302.0,9.06
26.2,89.5,39.0,0.26
26.2,89.55,35.0,0.77
26.2,89.6,35.0,0.39
26.2,89.65,31.0,0.04
26.2,89.7,27.0,0.56
26.2,89.75,33.0,0.15
26.2,89.8,30.0,0.83
26.2,89.85,34.0,0.78
26.2,89.9,45.0,0.39
26.2,89.95,54.0,0.21
26.2,90.0,35.0,0.95
26.2,90.05,49.0,1.18
26.2,90.1,47.0,0.73
26.2,90.15,32.0,0.49
26.2,90.2,32.0,0.32
26.2,90.25,33.0,0.25
26.2,90.3,137.0,9.43
26.2,90.35,118.0,11.9
26.2,90.4,28.0,0.0
26.2,90.45,28.0,0.0
26.2,90.5,43.0,0.51
26.2,90.55,27.0,0.66
26.2,90.6,30.0,0.4
26.2,90.65,30.0,0.51
26.2,90.7,31.0,0.0
26.2,90.75,32.0,0.0
26.2,90.8,39.0,0.08
26.2,90.85,34.0,0.56
26.2,90.9,34.0,0.0
26.2,90.95,44.0,1.13
26.2,91.0,40.0,0.71
26.2,91.05,39.0,0.38
26.2,91.1,43.0,0.11
26.2,91.15,40.0,0.89
26.2,91.2,35.0,0.35
26.2,91.25,39.0,0.33
26.2,91.3,47.0,0.29
26.2,91.35,46.0,0.07
26.2,91.4,47.0,0.24
26.2,91.45,49.0,0.18
26.2,91.5,50.0,0.1
26.2,91.55,109.0,9.63
26.2,91.6,48.0,0.26
26.2,91.65,67.0,13.7
26.2,91.7,52.0,3.8
26.2,91.75,44.0,0.0
26.2,91.8,111.0,2.14
26.2,91.85,53.0,1.29
26.2,91.9,260.0,4.25
26.2,91.95,231.0,11.3
26.2,92.0,56.0,0.35
26.2,92.05,54.0,0.35
26.2,92.1,56.0,0.16
26.2,92.15,55.0,0.26
26.2,92.2,55.0,0.5
26.2,92.25,79.0,3.28
26.2,92.3,61.0,0.43
26.2,92.35,59.0,0.41
26.2,92.4,69.0,0.43
26.2,92.45,65.0,0.34
26.2,92.5,60.0,0.06
26.2,92.55,63.0,0.67
26.2,92.6,65.0,0.47
26.2,92.65,62.0,0.22
26.2,92.7,68.0,0.34
26.2,92.75,70.0,0.19
26.2,92.8,262.0,27.69
26.2,92.85,504.0,8.87
26.2,92.9,316.0,4.07
26.2,92.95,78.0,3.13
26.2,93.0,78.0,0.53
26.2,93.05,80.0,0.26
26.2,93.1,86.0,0.5
26.2,93.15,94.0,0.46
26.2,93.2,112.0,3.03
26.2,93.25,518.0,1.7
26.2,93.3,691.0,8.59
26.2,93.35,578.0,10.73
26.2,93.4,562.0,3.12
26.2,93.45,628.0,6.25
26.2,93.5,719.0,11.66
26.2,93.55,957.0,4.83
26.2,93.6,954.0,14.27
26.2,93.65,453.0,10.9
26.2,93.7,545.0,12.38
26.2,93.75,220.0,4.32
26.2,93.8,129.0,0.42
26.2,93.85,122.0,0.37
26.2,93.9,117.0,0.39
26.2,93.95,113.0,0.25
26.2,94.0,115.0,0.5
26.2,94.05,216.0,13.12
26.2,94.1,586.0,7.01
26.2,94.15,315.0,8.55
26.2,94.2,520.0,17.01
26.2,94.25,402.0,9.63
26.2,94.3,646.0,16.34
26.2,94.35,561.0,10.83
26.2,94.4,687.0,15.28
26.2,94.45,790.0,5.53
26.2,94.5,859.0,12.71
26.2,94.55,1371.0,16.82
26.2,94.6,1122.0,8.74
26.2,94.65,1548.0,21.65
26.2,94.7,1903.0,20.01
26.2,94.75,2239.0,23.65
26.2,94.8,1915.0,21.41
26.2,94.85,2157.0,17.67
26.2,94.9,2230.0,18.81
26.2,94.95,1931.0,34.67
26.2,95.0,1166.0,24.94
26.2,95.05,924.0,24.33
26.2,95.1,1665.0,18.45
26.2,95.15,1945.0,25.14
26.2,95.2,2072.0,13.45
26.2,95.25,1778.0,14.93
26.2,95.3,1262.0,18.57
26.2,95.35,1312.0,19.87
26.2,95.4,669.0,13.27
26.2,95.45,649.0,11.71
26.2,95.5,972.0,8.4
26.2,95.55,438.0,19.61
26.2,95.6,521.0,22.52
26.2,95.65,265.0,7.61
26.2,95.7,327.0,2.7
26.2,95.75,331.0,8.64
26.2,95.8,262.0,4.93
26.2,95.85,674.0,8.77
26.2,95.9,865.0,20.64
26.2,95.95,705.0,21.1
26.2,96.0,237.0,8.55
26.2,96.05,263.0,3.18
26.2,96.1,242.0,0.85
26.2,96.15,211.0,0.56
26.2,96.2,248.0,1.37
26.2,96.25,285.0,5.7
26.2,96.3,262.0,5.95
26.2,96.35,419.0,7.16
26.2,96.4,789.0,11.56
26.2,96.45,519.0,12.66
26.25,89.5,42.0,0.33
26.25,89.55,38.0,0.07
26.25,89.6,35.0,0.41
26.25,89.65,32.0,0.22
26.25,89.7,35.0,0.51
26.25,89.75,34.0,0.22
26.25,89.8,34.0,0.06
26.25,89.85,35.0,0.37
26.25,89.9,49.0,0.25
26.25,89.95,48.0,0.41
26.25,90.0,57.0,1.3
26.25,90.05,49.0,0.64
26.25,90.1,39.0,1.52
26.25,90.15,36.0,0.17
26.25,90.2,33.0,0.63
26.25,90.25,39.0,0.33
26.25,90.3,38.0,0.78
26.25,90.35,37.0,0.35
26.25,90.4,35.0,0.26
26.25,90.45,37.0,0.11
26.25,90.5,36.0,0.68
26.25,90.55,47.0,0.29
26.25,90.6,37.0,0.54
26.25,90.65,40.0,0.17
26.25,90.7,39.0,0.27
26.25,90.75,40.0,0.91
26.25,90.8,36.0,1.29
26.25,90.85,40.0,0.13
26.25,90.9,40.0,0.29
26.25,90.95,36.0,0.59
26.25,91.0,40.0,0.25
26.25,91.05,41.0,0.25
26.25,91.1,47.0,0.4
26.25,91.15,46.0,0.64
26.25,91.2,40.0,0.38
26.25,91.25,45.0,0.1
26.25,91.3,44.0,0.12
26.25,91.35,45.0,0.66
26.25,91.4,47.0,0.11
26.25,91.45,50.0,0.36
26.25,91.5,49.0,0.53
26.25,91.55,50.0,3.91
26.25,91.6,47.0,1.28
26.25,91.65,56.0,0.66
26.25,91.7,52.0,0.54
26.25,91.75,195.0,9.4
26.25,91.8,52.0,0.31
26.25,91.85,45.0,0.71
26.25,91.9,49.0,0.78
26.25,91.95,48.0,1.6
26.25,92.0,379.0,13.13
26.25,92.05,57.0,0.47
26.25,92.1,51.0,0.34
26.25,92.15,54.0,0.28
26.25,92.2,54.0,0.47
26.25,92.25,60.0,0.2
26.25,92.3,58.0,0.58
26.25,92.35,64.0,0.6
26.25,92.4,64.0,0.86
26.25,92.45,60.0,0.22
26.25,92.5,60.0,0.55
26.25,92.55,68.0,0.97
26.25,92.6,59.0,0.23
26.25,92.65,61.0,0.41
26.25,92.7,67.0,0.48
26.25,92.75,66.0,0.33
26.25,92.8,125.0,10.36
26.25,92.85,476.0,6.13
26.25,92.9,341.0,2.08
26.25,92.95,104.0,6.45
26.25,93.0,102.0,7.01
26.25,93.05,86.0,1.04
26.25,93.1,91.0,0.24
26.25,93.15,99.0,0.75
26.25,93.2,198.0,7.23
26.25,93.25,432.0,5.94
26.25,93.3,504.0,12.79
26.25,93.35,1176.0,8.29
26.25,93.4,761.0,7.55
26.25,93.45,864.0,9.37
26.25,93.5,917.0,12.31
26.25,93.55,944.0,10.61
26.25,93.6,826.0,5.22
26.25,93.65,867.0,9.14
26.25,93.7,550.0,2.44
26.25,93.75,266.0,5.34
26.25,93.8,137.0,0.13
26.25,93.85,119.0,1.16
26.25,93.9,119.0,0.57
26.25,93.95,115.0,0.34
26.25,94.0,115.0,0.43
26.25,94.05,134.0,3.74
26.25,94.1,279.0,4.61
26.25,94.15,420.0,11.52
26.25,94.2,328.0,4.74
26.25,94.25,847.0,16.85
26.25,94.3,501.0,10.67
26.25,94.35,537.0,22.23
26.25,94.4,1063.0,21.5
26.25,94.45,909.0,8.27
26.25,94.5,822.0,15.68
26.25,94.55,735.0,16.16
26.25,94.6,1327.0,24.8
26.25,94.65,1140.0,24.68
26.25,94.7,1206.0,8.97
26.25,94.75,1565.0,8.31
26.25,94.8,1624.0,1.13
26.25,94.85,1987.0,35.04
26.25,94.9,1868.0,26.17
26.25,94.95,1621.0,18.53
26.25,95.0,2579.0,12.18
26.25,95.05,1741.0,14.21
26.25,95.1,1583.0,18.53
26.25,95.15,1258.0,21.03
26.25,95.2,2024.0,23.1
26.25,95.25,1795.0,18.32
26.25,95.3,2201.0,22.12
26.25,95.35,2012.0,38.54
26.25,95.4,1156.0,25.02
26.25,95.45,557.0,23.89
26.25,95.5,456.0,19.91
26.25,95.55,488.0,26.04
26.25,95.6,1395.0,17.72
26.25,95.65,593.0,14.7
26.25,95.7,336.0,9.48
26.25,95.75,246.0,0.55
26.25,95.8,300.0,6.32
26.25,95.85,701.0,11.64
26.25,95.9,532.0,10.96
26.25,95.95,458.0,13.27
26.25,96.0,237.0,0.83
26.25,96.05,336.0,14.23
26.25,96.1,210.0,2.18
26.25,96.15,230.0,1.52
26.25,96.2,259.0,1.83
26.25,96.25,268.0,1.93
26.25,96.3,281.0,1.24
26.25,96.35,284.0,5.19
26.25,96.4,779.0,15.64
26.25,96.45,321.0,7.58
26.3,89.5,35.0,0.56
26.3,89.55,40.0,0.19
26.3,89.6,39.0,0.13
26.3,89.65,40.0,0.18
26.3,89.7,36.0,0.41
26.3,89.75,40.0,0.42
26.3,89.8,36.0,0.33
26.3,89.85,41.0,0.23
26.3,89.9,44.0,0.67
26.3,89.95,47.0,0.89
26.3,90.0,57.0,0.15
26.3,90.05,37.0,0.21
26.3,90.1,49.0,0.84
26.3,90.15,39.0,0.51
26.3,90.2,38.0,0.08
26.3,90.25,40.0,0.41
26.3,90.3,47.0,1.0
26.3,90.35,170.0,6.75
26.3,90.4,49.0,0.25
26.3,90.45,44.0,0.53
26.3,90.5,90.0,12.51
26.3,90.55,47.0,1.46
26.3,90.6,45.0,1.53
26.3,90.65,46.0,0.67
26.3,90.7,39.0,0.15
26.3,90.75,41.0,0.45
26.3,90.8,40.0,0.42
26.3,90.85,41.0,0.36
26.3,90.9,41.0,0.13
26.3,90.95,44.0,0.22
26.3,91.0,39.0,0.63
26.3,91.05,39.0,0.0
26.3,91.1,48.0,0.51
26.3,91.15,41.0,0.23
26.3,91.2,41.0,0.13
26.3,91.25,43.0,0.13
26.3,91.3,43.0,0.07
26.3,91.35,44.0,0.17
26.3,91.4,45.0,0.12
26.3,91.45,45.0,0.12
26.3,91.5,48.0,0.16
26.3,91.55,49.0,0.28
26.3,91.6,49.0,0.2
26.3,91.65,53.0,0.33
26.3,91.7,50.0,0.69
26.3,91.75,149.0,4.02
26.3,91.8,50.0,0.3
26.3,91.85,53.0,0.1
26.3,91.9,53.0,0.16
26.3,91.95,55.0,0.4
26.3,92.0,51.0,0.76
26.3,92.05,49.0,0.35
26.3,92.1,56.0,0.12
26.3,92.15,58.0,0.65
26.3,92.2,55.0,0.23
26.3,92.25,56.0,0.46
26.3,92.3,57.0,0.21
26.3,92.35,59.0,0.38
26.3,92.4,59.0,0.35
26.3,92.45,67.0,0.29
26.3,92.5,67.0,1.3
26.3,92.55,60.0,0.19
26.3,92.6,73.0,0.44
26.3,92.65,65.0,0.6
26.3,92.7,72.0,0.31
26.3,92.75,67.0,0.78
26.3,92.8,75.0,0.63
26.3,92.85,100.0,4.33
26.3,92.9,347.0,3.91
26.3,92.95,425.0,4.5
26.3,93.0,101.0,8.91
26.3,93.05,223.0,13.98
26.3,93.1,387.0,15.45
26.3,93.15,210.0,20.83
26.3,93.2,119.0,0.79
26.3,93.25,370.0,3.36
26.3,93.3,670.0,11.98
26.3,93.35,802.0,5.16
26.3,93.4,965.0,9.51
26.3,93.45,636.0,10.77
26.3,93.5,703.0,4.02
26.3,93.55,847.0,10.0
26.3,93.6,642.0,3.25
26.3,93.65,316.0,12.37
26.3,93.7,250.0,3.66
26.3,93.75,265.0,6.95
26.3,93.8,156.0,0.71
26.3,93.85,125.0,0.22
26.3,93.9,117.0,0.12
26.3,93.95,116.0,0.37
26.3,94.0,110.0,0.16
26.3,94.05,122.0,0.04
26.3,94.1,144.0,2.58
26.3,94.15,376.0,16.79
26.3,94.2,369.0,2.99
26.3,94.25,1093.0,16.73
26.3,94.3,397.0,5.64
26.3,94.35,600.0,6.07
26.3,94.4,1018.0,22.37
26.3,94.45,985.0,14.14
26.3,94.5,1159.0,11.54
26.3,94.55,782.0,12.42
26.3,94.6,674.0,24.94
26.3,94.65,875.0,25.04
26.3,94.7,815.0,28.03
26.3,94.75,1119.0,4.94
26.3,94.8,1394.0,30.99
26.3,94.85,792.0,19.89
26.3,94.9,1677.0,35.64
26.3,94.95,1550.0,15.96
26.3,95.0,1950.0,25.71
26.3,95.05,2473.0,19.71
26.3,95.1,1422.0,15.93
26.3,95.15,1362.0,27.55
26.3,95.2,1671.0,12.68
26.3,95.25,2366.0,12.14
26.3,95.3,1257.0,18.68
26.3,95.35,1456.0,16.8
26.3,95.4,1844.0,32.93
26.3,95.45,1051.0,15.0
26.3,95.5,953.0,20.82
26.3,95.55,380.0,16.59
26.3,95.6,460.0,15.9
26.3,95.65,1028.0,9.42
26.3,95.7,890.0,13.09
26.3,95.75,474.0,4.75
26.3,95.8,294.0,0.24
26.3,95.85,425.0,11.74
26.3,95.9,433.0,16.53
26.3,95.95,273.0,3.21
26.3,96.0,229.0,2.08
26.3,96.05,222.0,0.53
26.3,96.1,178.0,0.72
26.3,96.15,184.0,0.54
26.3,96.2,223.0,2.79
26.3,96.25,228.0,0.97
26.3,96.3,281.0,4.07
26.3,96.35,300.0,3.61
26.3,96.4,640.0,20.37
26.3,96.45,363.0,9.73
26.35,89.5,45.0,0.33
26.35,89.55,39.0,0.18
26.35,89.6,39.0,0.29
26.35,89.65,39.0,0.63
26.35,89.7,36.0,0.02
26.35,89.75,41.0,0.36
26.35,89.8,39.0,0.26
26.35,89.85,41.0,0.41
26.35,89.9,38.0,0.14
26.35,89.95,54.0,0.08
26.35,90.0,48.0,0.64
26.35,90.05,54.0,0.37
26.35,90.1,42.0,0.77
26.35,90.15,42.0,0.06
26.35,90.2,42.0,0.53
26.35,90.25,41.0,0.34
26.35,90.3,48.0,0.19
26.35,90.35,134.0,14.41
26.35,90.4,53.0,0.79
26.35,90.45,43.0,0.15
26.35,90.5,42.0,0.38
26.35,90.55,297.0,20.47
26.35,90.6,44.0,0.4
26.35,90.65,46.0,0.25
26.35,90.7,44.0,6.52
26.35,90.75,43.0,0.16
26.35,90.8,44.0,0.26
26.35,90.85,42.0,0.29
26.35,90.9,38.0,0.96
26.35,90.95,39.0,0.4
26.35,91.0,41.0,0.46
26.35,91.05,41.0,0.5
26.35,91.1,40.0,0.46
26.35,91.15,41.0,0.07
26.35,91.2,41.0,0.81
26.35,91.25,49.0,0.63
26.35,91.3,45.0,0.18
26.35,91.35,44.0,0.81
26.35,91.4,45.0,0.33
26.35,91.45,50.0,0.74
26.35,91.5,48.0,0.11
26.35,91.55,57.0,0.97
26.35,91.6,48.0,0.27
26.35,91.65,50.0,0.34
26.35,91.7,49.0,0.39
26.35,91.75,52.0,0.08
26.35,91.8,56.0,0.71
26.35,91.85,55.0,0.25
26.35,91.9,53.0,0.34
26.35,91.95,55.0,0.46
26.35,92.0,53.0,0.58
26.35,92.05,53.0,0.25
26.35,92.1,58.0,0.31
26.35,92.15,58.0,0.35
26.35,92.2,61.0,0.27
26.35,92.25,56.0,0.52
26.35,92.3,59.0,0.68
26.35,92.35,58.0,0.16
26.35,92.4,63.0,0.34
26.35,92.45,62.0,0.75
26.35,92.5,62.0,0.17
26.35,92.55,62.0,0.38
26.35,92.6,61.0,0.09
26.35,92.65,59.0,0.15
26.35,92.7,70.0,0.13
26.35,92.75,68.0,1.42
26.35,92.8,68.0,0.19
26.35,92.85,64.0,0.55
26.35,92.9,116.0,12.79
26.35,92.95,388.0,11.81
26.35,93.0,455.0,10.17
26.35,93.05,471.0,1.91
26.35,93.1,415.0,1.45
26.35,93.15,532.0,3.1
26.35,93.2,529.0,3.13
26.35,93.25,603.0,5.79
26.35,93.3,318.0,11.46
26.35,93.35,294.0,2.49
26.35,93.4,733.0,18.82
26.35,93.45,548.0,21.84
26.35,93.5,270.0,7.15
26.35,93.55,774.0,14.11
26.35,93.6,895.0,17.61
26.35,93.65,619.0,1.55
26.35,93.7,410.0,15.45
26.35,93.75,178.0,4.32
26.35,93.8,204.0,1.02
26.35,93.85,132.0,1.1
26.35,93.9,113.0,0.19
26.35,93.95,112.0,0.43
26.35,94.0,108.0,0.29
26.35,94.05,105.0,0.31
26.35,94.1,116.0,0.02
26.35,94.15,124.0,0.18
26.35,94.2,199.0,6.87
26.35,94.25,359.0,10.41
26.35,94.3,442.0,16.23
26.35,94.35,486.0,15.16
26.35,94.4,526.0,9.4
26.35,94.45,670.0,16.88
26.35,94.5,987.0,13.43
26.35,94.55,1395.0,16.23
26.35,94.6,934.0,8.14
26.35,94.65,499.0,10.55
26.35,94.7,724.0,25.46
26.35,94.75,884.0,22.87
26.35,94.8,1678.0,25.14
26.35,94.85,1658.0,23.07
26.35,94.9,578.0,11.32
26.35,94.95,897.0,17.63
26.35,95.0,1832.0,16.18
26.35,95.05,2177.0,27.49
26.35,95.1,1542.0,24.67
26.35,95.15,1562.0,23.03
26.35,95.2,1046.0,15.42
26.35,95.25,1486.0,28.47
26.35,95.3,1910.0,26.71
26.35,95.35,1722.0,31.38
26.35,95.4,1426.0,14.23
26.35,95.45,1400.0,11.64
26.35,95.5,1347.0,21.53
26.35,95.55,940.0,15.53
26.35,95.6,810.0,8.5
26.35,95.65,503.0,14.1
26.35,95.7,875.0,19.28
26.35,95.75,1343.0,12.71
26.35,95.8,668.0,33.5
26.35,95.85,287.0,1.81
26.35,95.9,357.0,3.26
26.35,95.95,456.0,1.02
26.35,96.0,259.0,5.98
26.35,96.05,228.0,0.86
26.35,96.1,193.0,0.66
26.35,96.15,173.0,1.73
26.35,96.2,180.0,3.99
26.35,96.25,225.0,0.66
26.35,96.3,353.0,8.27
26.35,96.35,568.0,12.97
26.35,96.4,1045.0,11.1
26.35,96.45,624.0,4.24
26.4,89.5,45.0,0.72
26.4,89.55,39.0,0.45
26.4,89.6,42.0,0.17
26.4,89.65,45.0,0.54
26.4,89.7,49.0,0.61
26.4,89.75,46.0,0.02
26.4,89.8,41.0,0.45
26.4,89.85,44.0,0.77
26.4,89.9,46.0,0.41
26.4,89.95,53.0,0.35
26.4,90.0,46.0,0.15
26.4,90.05,42.0,0.73
26.4,90.1,46.0,0.46
26.4,90.15,43.0,0.38
26.4,90.2,46.0,0.1
26.4,90.25,44.0,0.17
26.4,90.3,48.0,0.44
26.4,90.35,52.0,0.28
26.4,90.4,49.0,0.26
26.4,90.45,54.0,0.22
26.4,90.5,48.0,0.68
26.4,90.55,435.0,4.57
26.4,90.6,52.0,0.4
26.4,90.65,49.0,0.78
26.4,90.7,45.0,0.68
26.4,90.75,42.0,0.54
26.4,90.8,37.0,0.43
26.4,90.85,46.0,0.65
26.4,90.9,45.0,0.12
26.4,90.95,42.0,0.27
26.4,91.0,42.0,0.32
26.4,91.05,41.0,0.42
26.4,91.1,39.0,0.11
26.4,91.15,42.0,0.16
26.4,91.2,44.0,0.34
26.4,91.25,44.0,0.31
26.4,91.3,42.0,0.19
26.4,91.35,46.0,0.47
26.4,91.4,48.0,0.23
26.4,91.45,50.0,0.98
26.4,91.5,51.0,0.62
26.4,91.55,51.0,0.13
26.4,91.6,52.0,0.2
26.4,91.65,56.0,0.34
26.4,91.7,58.0,0.77
26.4,91.75,58.0,0.65
26.4,91.8,58.0,0.54
26.4,91.85,60.0,0.97
26.4,91.9,59.0,0.72
26.4,91.95,60.0,0.82
26.4,92.0,56.0,0.3
26.4,92.05,56.0,0.29
26.4,92.1,54.0,0.88
26.4,92.15,60.0,0.1
26.4,92.2,52.0,0.34
26.4,92.25,64.0,0.19
26.4,92.3,62.0,0.34
26.4,92.35,56.0,0.23
26.4,92.4,58.0,0.2
26.4,92.45,59.0,0.06
26.4,92.5,59.0,0.24
26.4,92.55,64.0,0.54
26.4,92.6,65.0,0.34
26.4,92.65,66.0,0.51
26.4,92.7,64.0,0.69
26.4,92.75,65.0,0.15
26.4,92.8,74.0,0.37
26.4,92.85,71.0,0.72
26.4,92.9,79.0,8.08
26.4,92.95,108.0,8.87
26.4,93.0,536.0,5.27
26.4,93.05,521.0,3.4
26.4,93.1,525.0,1.51
26.4,93.15,665.0,2.6
26.4,93.2,711.0,0.54
26.4,93.25,641.0,4.52
26.4,93.3,721.0,13.38
26.4,93.35,610.0,3.81
26.4,93.4,509.0,16.99
26.4,93.45,258.0,1.7
26.4,93.5,386.0,13.21
26.4,93.55,272.0,21.17
26.4,93.6,189.0,4.87
26.4,93.65,293.0,15.92
26.4,93.7,477.0,11.44
26.4,93.75,610.0,20.35
26.4,93.8,148.0,3.64
26.4,93.85,129.0,1.01
26.4,93.9,107.0,0.4
26.4,93.95,102.0,0.06
26.4,94.0,110.0,0.39
26.4,94.05,104.0,0.22
26.4,94.1,103.0,0.16
26.4,94.15,114.0,0.46
26.4,94.2,393.0,11.35
26.4,94.25,257.0,4.15
26.4,94.3,271.0,7.66
26.4,94.35,459.0,9.16
26.4,94.4,494.0,7.22
26.4,94.45,640.0,19.13
26.4,94.5,704.0,17.04
26.4,94.55,863.0,14.98
26.4,94.6,1106.0,6.89
26.4,94.65,727.0,15.55
26.4,94.7,537.0,16.2
26.4,94.75,1220.0,20.77
26.4,94.8,1572.0,27.21
26.4,94.85,1143.0,23.92
26.4,94.9,587.0,14.4
26.4,94.95,786.0,26.32
26.4,95.0,902.0,30.07
26.4,95.05,1541.0,25.83
26.4,95.1,2337.0,26.78
26.4,95.15,1410.0,29.18
26.4,95.2,1112.0,21.23
26.4,95.25,1027.0,18.73
26.4,95.3,723.0,25.11
26.4,95.35,1066.0,24.0
26.4,95.4,1412.0,22.09
26.4,95.45,1220.0,18.39
26.4,95.5,1017.0,14.63
26.4,95.55,1150.0,19.08
26.4,95.6,447.0,7.49
26.4,95.65,359.0,12.96
26.4,95.7,829.0,13.59
26.4,95.75,1253.0,29.35
26.4,95.8,1631.0,15.85
26.4,95.85,512.0,18.61
26.4,95.9,352.0,12.95
26.4,95.95,376.0,15.6
26.4,96.0,257.0,2.96
26.4,96.05,241.0,1.52
26.4,96.1,184.0,0.37
26.4,96.15,212.0,0.93
26.4,96.2,246.0,2.43
26.4,96.25,196.0,1.73
26.4,96.3,386.0,16.12
26.4,96.35,474.0,8.78
26.4,96.4,497.0,14.04
26.4,96.45,229.0,1.19
26.45,89.5,45.0,0.49
26.45,89.55,44.0,0.23
26.45,89.6,44.0,0.3
26.45,89.65,45.0,0.27
26.45,89.7,49.0,0.31
26.45,89.75,47.0,0.71
26.45,89.8,50.0,0.52
26.45,89.85,48.0,0.12
26.45,89.9,48.0,0.38
26.45,89.95,49.0,0.24
26.45,90.0,50.0,0.56
26.45,90.05,50.0,0.4
26.45,90.1,47.0,0.4
26.45,90.15,48.0,0.06
26.45,90.2,49.0,0.03
26.45,90.25,50.0,0.41
26.45,90.3,50.0,0.33
26.45,90.35,57.0,0.31
26.45,90.4,48.0,0.6
26.45,90.45,53.0,0.25
26.45,90.5,58.0,0.43
26.45,90.55,52.0,0.27
26.45,90.6,56.0,6.6
26.45,90.65,50.0,0.24
26.45,90.7,49.0,0.85
26.45,90.75,49.0,1.03
26.45,90.8,45.0,0.09
26.45,90.85,44.0,0.56
26.45,90.9,45.0,0.6
26.45,90.95,46.0,0.49
26.45,91.0,43.0,0.87
26.45,91.05,49.0,0.63
26.45,91.1,43.0,0.36
26.45,91.15,42.0,0.03
26.45,91.2,48.0,1.15
26.45,91.25,51.0,0.34
26.45,91.3,44.0,0.61
26.45,91.35,48.0,0.29
26.45,91.4,50.0,1.02
26.45,91.45,56.0,0.37
26.45,91.5,58.0,0.65
26.45,91.55,54.0,0.1
26.45,91.6,53.0,0.27
26.45,91.65,53.0,0.41
26.45,91.7,60.0,0.99
26.45,91.75,56.0,0.14
26.45,91.8,60.0,0.26
26.45,91.85,62.0,0.79
26.45,91.9,61.0,0.57
26.45,91.95,58.0,1.0
26.45,92.0,66.0,0.09
26.45,92.05,56.0,0.05
26.45,92.1,57.0,0.1
26.45,92.15,54.0,0.59
26.45,92.2,50.0,0.0
26.45,92.25,54.0,0.32
26.45,92.3,60.0,0.17
26.45,92.35,61.0,0.89
26.45,92.4,66.0,0.68
26.45,92.45,66.0,0.48
26.45,92.5,63.0,0.07
26.45,92.55,63.0,0.29
26.45,92.6,68.0,0.35
26.45,92.65,69.0,0.64
26.45,92.7,69.0,0.5
26.45,92.75,67.0,0.55
26.45,92.8,64.0,0.1
26.45,92.85,67.0,0.77
26.45,92.9,72.0,0.68
26.45,92.95,74.0,0.23
26.45,93.0,97.0,0.28
26.45,93.05,87.0,0.61
26.45,93.1,93.0,0.37
26.45,93.15,565.0,15.48
26.45,93.2,787.0,6.57
26.45,93.25,669.0,11.22
26.45,93.3,718.0,6.8
26.45,93.35,698.0,3.54
26.45,93.4,578.0,4.26
26.45,93.45,496.0,13.8
26.45,93.5,258.0,6.27
26.45,93.55,583.0,7.39
26.45,93.6,553.0,19.03
26.45,93.65,399.0,18.09
26.45,93.7,247.0,2.37
26.45,93.75,117.0,0.52
26.45,93.8,114.0,0.07
26.45,93.85,111.0,0.37
26.45,93.9,108.0,0.28
26.45,93.95,103.0,0.64
26.45,94.0,109.0,0.92
26.45,94.05,93.0,0.19
26.45,94.1,101.0,0.59
26.45,94.15,101.0,0.04
26.45,94.2,219.0,11.64
26.45,94.25,244.0,2.17
26.45,94.3,230.0,5.19
26.45,94.35,297.0,9.05
26.45,94.4,537.0,13.87
26.45,94.45,708.0,7.31
26.45,94.5,342.0,2.44
26.45,94.55,660.0,14.41
26.45,94.6,718.0,14.77
26.45,94.65,797.0,21.97
26.45,94.7,372.0,11.48
26.45,94.75,688.0,27.84
26.45,94.8,994.0,24.16
26.45,94.85,995.0,28.27
26.45,94.9,385.0,8.83
26.45,94.95,756.0,25.78
26.45,95.0,1236.0,23.17
26.45,95.05,1621.0,25.33
26.45,95.1,2333.0,7.85
26.45,95.15,1854.0,25.36
26.45,95.2,1898.0,21.6
26.45,95.25,1751.0,22.02
26.45,95.3,1799.0,9.5
26.45,95.35,876.0,14.71
26.45,95.4,410.0,1.54
26.45,95.45,430.0,14.43
26.45,95.5,592.0,16.8
26.45,95.55,1035.0,22.0
26.45,95.6,1126.0,5.32
26.45,95.65,511.0,15.98
26.45,95.7,984.0,26.54
26.45,95.75,1362.0,16.74
26.45,95.8,1760.0,23.18
26.45,95.85,994.0,25.67
26.45,95.9,567.0,15.21
26.45,95.95,516.0,20.67
26.45,96.0,296.0,9.39
26.45,96.05,339.0,5.49
26.45,96.1,223.0,7.43
26.45,96.15,348.0,23.2
26.45,96.2,345.0,12.21
26.45,96.25,288.0,1.0
26.45,96.3,381.0,6.0
26.45,96.35,354.0,9.82
26.45,96.4,241.0,3.28
26.45,96.45,224.0,0.55
26.5,89.5,54.0,0.24
26.5,89.55,50.0,0.08
26.5,89.6,47.0,0.38
26.5,89.65,50.0,0.36
26.5,89.7,50.0,0.19
26.5,89.75,52.0,0.62
26.5,89.8,52.0,0.23
26.5,89.85,56.0,0.19
26.5,89.9,56.0,0.59
26.5,89.95,54.0,0.37
26.5,90.0,54.0,0.24
26.5,90.05,51.0,0.16
26.5,90.1,50.0,0.25
26.5,90.15,54.0,0.15
26.5,90.2,55.0,0.21
26.5,90.25,55.0,0.24
26.5,90.3,53.0,0.37
26.5,90.35,56.0,0.6
26.5,90.4,56.0,0.93
26.5,90.45,58.0,0.6
26.5,90.5,61.0,1.28
26.5,90.55,61.0,0.43
26.5,90.6,56.0,0.15
26.5,90.65,53.0,0.25
26.5,90.7,54.0,0.34
26.5,90.75,46.0,0.25
26.5,90.8,44.0,0.25
26.5,90.85,50.0,0.24
26.5,90.9,47.0,0.18
26.5,90.95,48.0,0.35
26.5,91.0,43.0,0.15
26.5,91.05,48.0,0.31
26.5,91.1,44.0,0.46
26.5,91.15,46.0,0.32
26.5,91.2,44.0,1.16
26.5,91.25,46.0,0.72
26.5,91.3,46.0,0.51
26.5,91.35,52.0,0.3
26.5,91.4,56.0,0.38
26.5,91.45,56.0,0.35
26.5,91.5,59.0,0.39
26.5,91.55,60.0,0.53
26.5,91.6,59.0,0.62
26.5,91.65,59.0,0.54
26.5,91.7,63.0,0.54
26.5,91.75,63.0,0.51
26.5,91.8,58.0,0.76
26.5,91.85,62.0,0.2
26.5,91.9,58.0,0.35
26.5,91.95,62.0,0.43
26.5,92.0,64.0,0.85
26.5,92.05,67.0,0.78
26.5,92.1,65.0,0.34
26.5,92.15,56.0,0.27
26.5,92.2,58.0,0.28
26.5,92.25,58.0,0.42
26.5,92.3,56.0,0.31
26.5,92.35,56.0,0.6
26.5,92.4,60.0,0.28
26.5,92.45,62.0,0.84
26.5,92.5,66.0,0.3
26.5,92.55,65.0,0.49
26.5,92.6,65.0,0.77
26.5,92.65,66.0,0.49
26.5,92.7,66.0,0.43
26.5,92.75,69.0,0.85
26.5,92.8,67.0,1.3
26.5,92.85,67.0,0.73
26.5,92.9,68.0,0.23
26.5,92.95,75.0,0.62
26.5,93.0,93.0,0.18
26.5,93.05,335.0,4.96
26.5,93.1,173.0,7.16
26.5,93.15,162.0,2.68
26.5,93.2,92.0,1.85
26.5,93.25,263.0,3.84
26.5,93.3,171.0,8.69
26.5,93.35,313.0,4.93
26.5,93.4,412.0,4.29
26.5,93.45,461.0,3.13
26.5,93.5,610.0,2.82
26.5,93.55,480.0,5.9
26.5,93.6,425.0,7.75
26.5,93.65,205.0,8.51
26.5,93.7,230.0,7.41
26.5,93.75,111.0,3.71
26.5,93.8,104.0,0.38
26.5,93.85,98.0,0.34
26.5,93.9,100.0,0.22
26.5,93.95,97.0,0.46
26.5,94.0,102.0,1.5
26.5,94.05,96.0,0.19
26.5,94.1,91.0,0.14
26.5,94.15,92.0,0.75
26.5,94.2,110.0,0.63
26.5,94.25,335.0,14.14
26.5,94.3,241.0,2.74
26.5,94.35,154.0,0.61
26.5,94.4,600.0,12.52
26.5,94.45,632.0,19.43
26.5,94.5,660.0,17.39
26.5,94.55,294.0,17.39
26.5,94.6,316.0,12.89
26.5,94.65,817.0,19.68
26.5,94.7,478.0,19.77
26.5,94.75,566.0,5.19
26.5,94.8,1255.0,17.75
26.5,94.85,534.0,14.32
26.5,94.9,430.0,10.49
26.5,94.95,1313.0,23.44
26.5,95.0,1366.0,15.09
26.5,95.05,1408.0,21.42
26.5,95.1,1943.0,4.1
26.5,95.15,1270.0,19.66
26.5,95.2,1127.0,21.87
26.5,95.25,961.0,12.28
26.5,95.3,1746.0,18.69
26.5,95.35,631.0,16.94
26.5,95.4,1603.0,8.92
26.5,95.45,1177.0,5.83
26.5,95.5,649.0,15.22
26.5,95.55,429.0,7.78
26.5,95.6,844.0,5.59
26.5,95.65,482.0,31.74
26.5,95.7,324.0,10.3
26.5,95.75,1004.0,25.79
26.5,95.8,1569.0,28.52
26.5,95.85,2057.0,34.92
26.5,95.9,780.0,11.59
26.5,95.95,556.0,9.7
26.5,96.0,552.0,8.84
26.5,96.05,297.0,10.28
26.5,96.1,562.0,21.21
26.5,96.15,616.0,8.6
26.5,96.2,467.0,15.63
26.5,96.25,238.0,9.81
26.5,96.3,509.0,8.86
26.5,96.35,260.0,2.7
26.5,96.4,191.0,0.1
26.5,96.45,196.0,1.3
26.55,89.5,56.0,0.26
26.55,89.55,60.0,0.18
26.55,89.6,53.0,0.26
26.55,89.65,53.0,0.19
26.55,89.7,61.0,0.49
26.55,89.75,69.0,0.4
26.55,89.8,63.0,0.3
26.55,89.85,67.0,0.88
26.55,89.9,64.0,0.14
26.55,89.95,63.0,0.4
26.55,90.0,57.0,0.37
26.55,90.05,59.0,0.18
26.55,90.1,57.0,0.08
26.55,90.15,60.0,0.36
26.55,90.2,65.0,0.3
26.55,90.25,64.0,0.28
26.55,90.3,63.0,0.66
26.55,90.35,64.0,0.25
26.55,90.4,68.0,0.24
26.55,90.45,64.0,0.17
26.55,90.5,67.0,1.01
26.55,90.55,67.0,0.62
26.55,90.6,61.0,0.49
26.55,90.65,59.0,1.13
26.55,90.7,55.0,0.08
26.55,90.75,50.0,0.31
26.55,90.8,53.0,0.28
26.55,90.85,52.0,0.79
26.55,90.9,48.0,0.24
26.55,90.95,56.0,0.72
26.55,91.0,48.0,0.16
26.55,91.05,49.0,0.53
26.55,91.1,51.0,1.39
26.55,91.15,47.0,0.87
26.55,91.2,49.0,0.11
26.55,91.25,52.0,0.63
26.55,91.3,60.0,0.97
26.55,91.35,54.0,0.54
26.55,91.4,57.0,0.11
26.55,91.45,58.0,0.14
26.55,91.5,60.0,0.28
26.55,91.55,62.0,0.21
26.55,91.6,61.0,0.48
26.55,91.65,66.0,0.53
26.55,91.7,66.0,0.55
26.55,91.75,65.0,0.71
26.55,91.8,69.0,0.31
26.55,91.85,67.0,0.74
26.55,91.9,67.0,0.5
26.55,91.95,67.0,0.17
26.55,92.0,67.0,0.5
26.55,92.05,71.0,0.71
26.55,92.1,68.0,0.39
26.55,92.15,71.0,0.2
26.55,92.2,66.0,0.62
26.55,92.25,66.0,0.22
26.55,92.3,63.0,0.55
26.55,92.35,62.0,0.15
26.55,92.4,63.0,0.05
26.55,92.45,58.0,0.65
26.55,92.5,55.0,1.28
26.55,92.55,64.0,0.21
26.55,92.6,66.0,0.36
26.55,92.65,58.0,1.21
26.55,92.7,62.0,0.37
26.55,92.75,73.0,1.36
26.55,92.8,71.0,0.23
26.55,92.85,73.0,0.65
26.55,92.9,68.0,0.82
26.55,92.95,71.0,0.55
26.55,93.0,81.0,0.16
26.55,93.05,435.0,19.58
26.55,93.1,347.0,6.64
26.55,93.15,108.0,8.9
26.55,93.2,157.0,5.69
26.55,93.25,96.0,3.98
26.55,93.3,272.0,6.52
26.55,93.35,451.0,1.96
26.55,93.4,512.0,10.97
26.55,93.45,376.0,1.45
26.55,93.5,187.0,6.55
26.55,93.55,164.0,8.27
26.55,93.6,436.0,4.94
26.55,93.65,311.0,1.8
26.55,93.7,227.0,4.34
26.55,93.75,98.0,0.21
26.55,93.8,99.0,0.15
26.55,93.85,95.0,0.21
26.55,93.9,96.0,0.12
26.55,93.95,105.0,0.86
26.55,94.0,105.0,0.28
26.55,94.05,101.0,0.49
26.55,94.1,94.0,0.58
26.55,94.15,96.0,0.19
26.55,94.2,105.0,0.52
26.55,94.25,129.0,0.39
26.55,94.3,352.0,3.63
26.55,94.35,233.0,5.41
26.55,94.4,138.0,0.53
26.55,94.45,354.0,14.24
26.55,94.5,380.0,9.52
26.55,94.55,315.0,24.68
26.55,94.6,398.0,10.61
26.55,94.65,319.0,9.58
26.55,94.7,635.0,26.52
26.55,94.75,589.0,29.4
26.55,94.8,915.0,22.52
26.55,94.85,615.0,11.57
26.55,94.9,382.0,7.76
26.55,94.95,1316.0,21.55
26.55,95.0,1449.0,21.75
26.55,95.05,813.0,15.96
26.55,95.1,1437.0,20.49
26.55,95.15,1955.0,11.72
26.55,95.2,1393.0,22.13
26.55,95.25,1273.0,23.79
26.55,95.3,2130.0,17.4
26.55,95.35,1254.0,27.86
26.55,95.4,1294.0,19.88
26.55,95.45,1823.0,11.44
26.55,95.5,796.0,18.42
26.55,95.55,812.0,12.57
26.55,95.6,850.0,13.85
26.55,95.65,1017.0,23.0
26.55,95.7,968.0,13.11
26.55,95.75,542.0,22.06
26.55,95.8,1498.0,22.42
26.55,95.85,2173.0,13.54
26.55,95.9,1898.0,28.69
26.55,95.95,802.0,28.55
26.55,96.0,445.0,21.91
26.55,96.05,378.0,24.85
26.55,96.1,664.0,13.24
26.55,96.15,1160.0,19.14
26.55,96.2,456.0,13.78
26.55,96.25,251.0,1.83
26.55,96.3,243.0,4.6
26.55,96.35,199.0,1.01
26.55,96.4,207.0,3.04
26.55,96.45,207.0,0.93
26.6,89.5,84.0,0.34
26.6,89.55,78.0,0.7
26.6,89.6,73.0,0.96
26.6,89.65,76.0,0.74
26.6,89.7,71.0,0.73
26.6,89.75,81.0,0.8
26.6,89.8,78.0,0.42
26.6,89.85,76.0,0.6
26.6,89.9,74.0,0.17
26.6,89.95,72.0,0.19
26.6,90.0,66.0,0.24
26.6,90.05,72.0,0.62
26.6,90.1,70.0,0.25
26.6,90.15,72.0,0.43
26.6,90.2,76.0,0.25
26.6,90.25,80.0,0.23
26.6,90.3,76.0,0.29
26.6,90.35,73.0,0.29
26.6,90.4,74.0,0.16
26.6,90.45,76.0,0.3
26.6,90.5,79.0,0.19
26.6,90.55,72.0,0.64
26.6,90.6,71.0,0.29
26.6,90.65,76.0,1.01
26.6,90.7,68.0,0.58
26.6,90.75,67.0,0.21
26.6,90.8,60.0,0.94
26.6,90.85,55.0,0.83
26.6,90.9,48.0,0.41
26.6,90.95,57.0,0.4
26.6,91.0,52.0,0.27
26.6,91.05,53.0,0.23
26.6,91.1,55.0,0.37
26.6,91.15,47.0,0.65
26.6,91.2,48.0,0.68
26.6,91.25,57.0,0.46
26.6,91.3,57.0,0.11
26.6,91.35,64.0,0.88
26.6,91.4,65.0,0.46
26.6,91.45,66.0,0.7
26.6,91.5,67.0,0.4
26.6,91.55,70.0,0.21
26.6,91.6,67.0,0.39
26.6,91.65,77.0,0.52
26.6,91.7,70.0,0.36
26.6,91.75,74.0,1.0
26.6,91.8,72.0,0.35
26.6,91.85,74.0,0.62
26.6,91.9,73.0,0.64
26.6,91.95,73.0,0.19
26.6,92.0,73.0,0.92
26.6,92.05,70.0,0.48
26.6,92.1,76.0,0.07
26.6,92.15,77.0,0.38
26.6,92.2,80.0,0.19
26.6,92.25,75.0,0.08
26.6,92.3,71.0,0.3
26.6,92.35,66.0,0.07
26.6,92.4,61.0,0.14
26.6,92.45,63.0,0.18
26.6,92.5,59.0,0.22
26.6,92.55,56.0,0.0
26.6,92.6,61.0,0.83
26.6,92.65,65.0,0.73
26.6,92.7,57.0,0.0
26.6,92.75,61.0,0.42
26.6,92.8,57.0,0.0
26.6,92.85,58.0,2.95
26.6,92.9,66.0,0.44
26.6,92.95,83.0,0.91
26.6,93.0,71.0,0.06
26.6,93.05,59.0,1.45
26.6,93.1,74.0,0.04
26.6,93.15,74.0,0.3
26.6,93.2,70.0,0.44
26.6,93.25,75.0,0.5
26.6,93.3,78.0,0.08
26.6,93.35,72.0,0.35
26.6,93.4,74.0,0.61
26.6,93.45,79.0,0.55
26.6,93.5,310.0,17.57
26.6,93.55,112.0,2.06
26.6,93.6,96.0,0.3
26.6,93.65,120.0,8.15
26.6,93.7,243.0,7.23
26.6,93.75,101.0,4.03
26.6,93.8,87.0,0.18
26.6,93.85,93.0,1.01
26.6,93.9,96.0,0.38
26.6,93.95,93.0,0.33
26.6,94.0,93.0,0.43
26.6,94.05,96.0,0.5
26.6,94.1,93.0,0.85
26.6,94.15,92.0,0.15
26.6,94.2,99.0,0.19
26.6,94.25,106.0,0.46
26.6,94.3,113.0,0.4
26.6,94.35,185.0,2.42
26.6,94.4,147.0,6.29
26.6,94.45,467.0,5.17
26.6,94.5,419.0,18.22
26.6,94.55,340.0,7.33
26.6,94.6,173.0,3.37
26.6,94.65,562.0,14.43
26.6,94.7,335.0,7.89
26.6,94.75,604.0,12.93
26.6,94.8,853.0,28.11
26.6,94.85,601.0,16.18
26.6,94.9,452.0,14.29
26.6,94.95,449.0,2.3
26.6,95.0,540.0,14.29
26.6,95.05,580.0,8.58
26.6,95.1,1407.0,9.38
26.6,95.15,1753.0,32.6
26.6,95.2,1432.0,28.29
26.6,95.25,909.0,20.31
26.6,95.3,925.0,21.62
26.6,95.35,781.0,31.69
26.6,95.4,2253.0,20.74
26.6,95.45,1959.0,14.61
26.6,95.5,1831.0,8.33
26.6,95.55,905.0,27.53
26.6,95.6,841.0,20.77
26.6,95.65,1111.0,20.49
26.6,95.7,1264.0,28.09
26.6,95.75,577.0,12.83
26.6,95.8,1272.0,24.42
26.6,95.85,1614.0,32.45
26.6,95.9,1772.0,30.54
26.6,95.95,722.0,13.64
26.6,96.0,373.0,8.43
26.6,96.05,1090.0,15.87
26.6,96.1,605.0,10.64
26.6,96.15,871.0,10.99
26.6,96.2,264.0,3.63
26.6,96.25,216.0,0.43
26.6,96.3,185.0,1.43
26.6,96.35,204.0,2.13
26.6,96.4,213.0,1.93
26.6,96.45,220.0,0.5
26.65,89.5,94.0,0.63
26.65,89.55,110.0,0.52
26.65,89.6,122.0,0.36
26.65,89.65,117.0,0.26
26.65,89.7,99.0,1.23
26.65,89.75,96.0,0.9
26.65,89.8,93.0,0.46
26.65,89.85,94.0,0.58
26.65,89.9,85.0,1.3
26.65,89.95,75.0,0.46
26.65,90.0,96.0,0.4
26.65,90.05,105.0,0.56
26.65,90.1,106.0,1.43
26.65,90.15,110.0,0.48
26.65,90.2,103.0,0.14
26.65,90.25,110.0,0.87
26.65,90.3,98.0,0.9
26.65,90.35,84.0,0.57
26.65,90.4,88.0,0.54
26.65,90.45,91.0,0.28
26.65,90.5,91.0,0.25
26.65,90.55,82.0,0.4
26.65,90.6,89.0,0.4
26.65,90.65,98.0,0.67
26.65,90.7,103.0,0.77
26.65,90.75,103.0,0.75
26.65,90.8,93.0,0.58
26.65,90.85,62.0,1.58
26.65,90.9,61.0,0.49
26.65,90.95,80.0,0.64
26.65,91.0,63.0,1.35
26.65,91.05,62.0,0.29
26.65,91.1,54.0,0.34
26.65,91.15,50.0,0.15
26.65,91.2,57.0,0.83
26.65,91.25,57.0,0.15
26.65,91.3,64.0,0.16
26.65,91.35,69.0,0.62
26.65,91.4,78.0,0.63
26.65,91.45,82.0,0.5
26.65,91.5,75.0,0.45
26.65,91.55,73.0,0.61
26.65,91.6,79.0,0.48
26.65,91.65,75.0,0.31
26.65,91.7,78.0,0.42
26.65,91.75,88.0,1.08
26.65,91.8,82.0,0.16
26.65,91.85,80.0,0.43
26.65,91.9,84.0,0.15
26.65,91.95,89.0,0.61
26.65,92.0,80.0,0.55
26.65,92.05,80.0,0.26
26.65,92.1,79.0,0.17
26.65,92.15,86.0,0.07
26.65,92.2,83.0,0.09
26.65,92.25,76.0,0.26
26.65,92.3,76.0,0.18
26.65,92.35,77.0,0.61
26.65,92.4,78.0,0.37
26.65,92.45,73.0,0.26
26.65,92.5,70.0,0.18
26.65,92.55,69.0,0.11
26.65,92.6,67.0,0.16
26.65,92.65,65.0,0.17
26.65,92.7,66.0,0.04
26.65,92.75,72.0,0.74
26.65,92.8,71.0,1.01
26.65,92.85,74.0,0.68
26.65,92.9,74.0,0.36
26.65,92.95,71.0,0.67
26.65,93.0,75.0,0.36
26.65,93.05,59.0,1.6
26.65,93.1,69.0,1.24
26.65,93.15,60.0,0.09
26.65,93.2,71.0,0.67
26.65,93.25,69.0,1.88
26.65,93.3,75.0,0.38
26.65,93.35,80.0,0.87
26.65,93.4,79.0,0.67
26.65,93.45,81.0,0.28
26.65,93.5,81.0,0.28
26.65,93.55,78.0,0.16
26.65,93.6,79.0,0.26
26.65,93.65,79.0,0.45
26.65,93.7,81.0,0.26
26.65,93.75,83.0,0.48
26.65,93.8,87.0,0.74
26.65,93.85,90.0,0.02
26.65,93.9,87.0,0.39
26.65,93.95,100.0,0.34
26.65,94.0,91.0,0.57
26.65,94.05,92.0,0.68
26.65,94.1,84.0,0.36
26.65,94.15,92.0,0.66
26.65,94.2,98.0,0.59
26.65,94.25,105.0,0.29
26.65,94.3,115.0,0.21
26.65,94.35,123.0,0.34
26.65,94.4,127.0,1.45
26.65,94.45,149.0,1.41
26.65,94.5,330.0,15.11
26.65,94.55,203.0,3.63
26.65,94.6,583.0,22.61
26.65,94.65,211.0,17.67
26.65,94.7,615.0,19.48
26.65,94.75,311.0,11.5
26.65,94.8,614.0,18.6
26.65,94.85,970.0,10.56
26.65,94.9,558.0,11.51
26.65,94.95,334.0,11.29
26.65,95.0,723.0,13.47
26.65,95.05,386.0,3.81
26.65,95.1,842.0,20.92
26.65,95.15,850.0,12.22
26.65,95.2,1565.0,23.5
26.65,95.25,1714.0,23.41
26.65,95.3,1899.0,20.07
26.65,95.35,1147.0,13.84
26.65,95.4,1006.0,12.64
26.65,95.45,1691.0,21.93
26.65,95.5,2043.0,37.55
26.65,95.55,581.0,14.91
26.65,95.6,719.0,18.76
26.65,95.65,1067.0,21.04
26.65,95.7,889.0,19.84
26.65,95.75,927.0,11.11
26.65,95.8,901.0,27.97
26.65,95.85,1752.0,15.45
26.65,95.9,1979.0,23.93
26.65,95.95,1536.0,20.39
26.65,96.0,1011.0,23.02
26.65,96.05,530.0,14.65
26.65,96.1,1117.0,18.37
26.65,96.15,520.0,20.54
26.65,96.2,224.0,1.5
26.65,96.25,225.0,0.84
26.65,96.3,202.0,4.44
26.65,96.35,208.0,0.99
26.65,96.4,218.0,1.52
26.65,96.45,216.0,1.33
26.7,89.5,123.0,0.7
26.7,89.55,164.0,0.45
26.7,89.6,201.0,0.93
26.7,89.65,261.0,6.77
26.7,89.7,168.0,4.09
26.7,89.75,130.0,1.35
26.7,89.8,156.0,1.42
26.7,89.85,110.0,0.79
26.7,89.9,103.0,1.65
26.7,89.95,128.0,0.57
26.7,90.0,140.0,0.52
26.7,90.05,147.0,1.62
26.7,90.1,148.0,0.88
26.7,90.15,157.0,0.5
26.7,90.2,138.0,0.6
26.7,90.25,144.0,0.89
26.7,90.3,135.0,0.44
26.7,90.35,118.0,0.87
26.7,90.4,111.0,0.68
26.7,90.45,109.0,0.26
26.7,90.5,105.0,0.34
26.7,90.55,100.0,0.58
26.7,90.6,113.0,0.59
26.7,90.65,133.0,1.58
26.7,90.7,153.0,0.65
26.7,90.75,168.0,1.72
26.7,90.8,137.0,0.61
26.7,90.85,114.0,1.2
26.7,90.9,72.0,0.57
26.7,90.95,73.0,1.22
26.7,91.0,70.0,0.49
26.7,91.05,61.0,0.53
26.7,91.1,59.0,0.88
26.7,91.15,53.0,0.13
26.7,91.2,54.0,0.52
26.7,91.25,61.0,0.31
26.7,91.3,74.0,1.09
26.7,91.35,81.0,0.37
26.7,91.4,92.0,0.57
26.7,91.45,91.0,0.62
26.7,91.5,86.0,0.53
26.7,91.55,84.0,0.52
26.7,91.6,83.0,0.66
26.7,91.65,85.0,0.42
26.7,91.7,91.0,0.18
26.7,91.75,89.0,0.24
26.7,91.8,95.0,0.52
26.7,91.85,98.0,0.39
26.7,91.9,90.0,0.22
26.7,91.95,95.0,0.63
26.7,92.0,93.0,0.65
26.7,92.05,93.0,1.2
26.7,92.1,91.0,0.13
26.7,92.15,91.0,0.7
26.7,92.2,90.0,0.45
26.7,92.25,84.0,0.43
26.7,92.3,87.0,0.22
26.7,92.35,91.0,0.28
26.7,92.4,84.0,0.58
26.7,92.45,82.0,0.79
26.7,92.5,78.0,0.27
26.7,92.55,74.0,0.16
26.7,92.6,73.0,0.47
26.7,92.65,78.0,0.17
26.7,92.7,69.0,0.14
26.7,92.75,69.0,0.15
26.7,92.8,73.0,0.29
26.7,92.85,69.0,0.47
26.7,92.9,69.0,0.21
26.7,92.95,70.0,0.47
26.7,93.0,72.0,0.98
26.7,93.05,74.0,0.8
26.7,93.1,70.0,0.22
26.7,93.15,89.0,0.36
26.7,93.2,73.0,0.21
26.7,93.25,73.0,0.07
26.7,93.3,74.0,0.68
26.7,93.35,80.0,0.42
26.7,93.4,86.0,0.67
26.7,93.45,75.0,0.56
26.7,93.5,81.0,0.27
26.7,93.55,91.0,0.41
26.7,93.6,77.0,0.94
26.7,93.65,79.0,0.22
26.7,93.7,79.0,0.74
26.7,93.75,81.0,0.52
26.7,93.8,84.0,0.34
26.7,93.85,84.0,0.54
26.7,93.9,84.0,0.26
26.7,93.95,83.0,0.12
26.7,94.0,91.0,1.69
26.7,94.05,85.0,0.81
26.7,94.1,89.0,0.29
26.7,94.15,98.0,0.32
26.7,94.2,105.0,0.3
26.7,94.25,101.0,0.24
26.7,94.3,111.0,0.26
26.7,94.35,117.0,0.59
26.7,94.4,113.0,0.27
26.7,94.45,118.0,0.35
26.7,94.5,210.0,4.14
26.7,94.55,193.0,7.81
26.7,94.6,141.0,0.55
26.7,94.65,286.0,16.17
26.7,94.7,532.0,6.79
26.7,94.75,267.0,10.53
26.7,94.8,251.0,14.83
26.7,94.85,649.0,14.46
26.7,94.9,1183.0,15.88
26.7,94.95,509.0,8.12
26.7,95.0,926.0,17.38
26.7,95.05,564.0,6.14
26.7,95.1,880.0,11.32
26.7,95.15,678.0,11.83
26.7,95.2,677.0,11.82
26.7,95.25,1041.0,12.69
26.7,95.3,905.0,13.04
26.7,95.35,1319.0,13.81
26.7,95.4,2299.0,28.68
26.7,95.45,1829.0,22.62
26.7,95.5,1187.0,24.04
26.7,95.55,1422.0,20.08
26.7,95.6,1564.0,23.24
26.7,95.65,865.0,14.35
26.7,95.7,599.0,6.79
26.7,95.75,521.0,6.75
26.7,95.8,1179.0,30.8
26.7,95.85,1640.0,16.46
26.7,95.9,1787.0,9.84
26.7,95.95,1328.0,20.72
26.7,96.0,873.0,8.57
26.7,96.05,677.0,25.62
26.7,96.1,1337.0,19.89
26.7,96.15,465.0,22.66
26.7,96.2,200.0,0.91
26.7,96.25,216.0,1.29
26.7,96.3,213.0,0.67
26.7,96.35,224.0,0.66
26.7,96.4,235.0,0.32
26.7,96.45,241.0,0.62
26.75,89.5,207.0,2.62
26.75,89.55,512.0,17.16
26.75,89.6,558.0,27.09
26.75,89.65,825.0,28.43
26.75,89.7,817.0,33.67
26.75,89.75,388.0,26.91
26.75,89.8,556.0,27.93
26.75,89.85,399.0,25.48
26.75,89.9,121.0,5.01
26.75,89.95,201.0,8.41
26.75,90.0,346.0,12.33
26.75,90.05,214.0,4.64
26.75,90.1,266.0,3.32
26.75,90.15,204.0,1.44
26.75,90.2,238.0,1.54
26.75,90.25,192.0,1.45
26.75,90.3,209.0,1.03
26.75,90.35,154.0,1.38
26.75,90.4,150.0,1.09
26.75,90.45,132.0,0.52
26.75,90.5,131.0,0.4
26.75,90.55,132.0,0.4
26.75,90.6,157.0,1.29
26.75,90.65,188.0,0.89
26.75,90.7,223.0,0.89
26.75,90.75,251.0,1.4
26.75,90.8,237.0,1.62
26.75,90.85,213.0,1.64
26.75,90.9,105.0,2.17
26.75,90.95,88.0,0.67
26.75,91.0,82.0,0.27
26.75,91.05,74.0,0.41
26.75,91.1,68.0,0.34
26.75,91.15,61.0,0.28
26.75,91.2,65.0,0.47
26.75,91.25,68.0,0.43
26.75,91.3,91.0,1.29
26.75,91.35,100.0,0.8
26.75,91.4,120.0,0.24
26.75,91.45,113.0,0.53
26.75,91.5,115.0,0.4
26.75,91.55,117.0,0.15
26.75,91.6,108.0,0.49
26.75,91.65,114.0,0.35
26.75,91.7,112.0,0.49
26.75,91.75,125.0,0.11
26.75,91.8,124.0,0.67
26.75,91.85,130.0,0.59
26.75,91.9,119.0,0.5
26.75,91.95,116.0,0.24
26.75,92.0,109.0,0.3
26.75,92.05,113.0,1.21
26.75,92.1,114.0,0.1
26.75,92.15,106.0,0.39
26.75,92.2,107.0,1.1
26.75,92.25,98.0,0.14
26.75,92.3,101.0,0.94
26.75,92.35,97.0,0.18
26.75,92.4,97.0,0.63
26.75,92.45,91.0,0.24
26.75,92.5,89.0,0.61
26.75,92.55,82.0,0.13
26.75,92.6,82.0,0.14
26.75,92.65,79.0,0.32
26.75,92.7,77.0,0.2
26.75,92.75,74.0,0.72
26.75,92.8,72.0,0.25
26.75,92.85,73.0,0.67
26.75,92.9,74.0,0.38
26.75,92.95,75.0,0.21
26.75,93.0,76.0,0.31
26.75,93.05,73.0,0.39
26.75,93.1,79.0,0.4
26.75,93.15,78.0,0.65
26.75,93.2,81.0,0.43
26.75,93.25,88.0,0.77
26.75,93.3,74.0,0.15
26.75,93.35,76.0,1.01
26.75,93.4,76.0,0.16
26.75,93.45,76.0,0.19
26.75,93.5,66.0,0.37
26.75,93.55,74.0,0.39
26.75,93.6,78.0,0.17
26.75,93.65,74.0,0.32
26.75,93.7,70.0,0.97
26.75,93.75,70.0,0.22
26.75,93.8,79.0,0.41
26.75,93.85,80.0,0.3
26.75,93.9,83.0,0.33
26.75,93.95,80.0,0.11
26.75,94.0,87.0,0.62
26.75,94.05,83.0,0.18
26.75,94.1,83.0,0.47
26.75,94.15,94.0,0.95
26.75,94.2,94.0,0.2
26.75,94.25,94.0,0.84
26.75,94.3,104.0,0.24
26.75,94.35,112.0,0.19
26.75,94.4,104.0,0.26
26.75,94.45,104.0,0.15
26.75,94.5,119.0,0.38
26.75,94.55,105.0,0.18
26.75,94.6,140.0,1.79
26.75,94.65,142.0,0.45
26.75,94.7,133.0,0.29
26.75,94.75,341.0,6.35
26.75,94.8,166.0,3.97
26.75,94.85,558.0,21.99
26.75,94.9,321.0,11.5
26.75,94.95,770.0,13.61
26.75,95.0,680.0,13.75
26.75,95.05,581.0,7.94
26.75,95.1,612.0,10.13
26.75,95.15,989.0,14.16
26.75,95.2,1136.0,23.1
26.75,95.25,1129.0,9.8
26.75,95.3,944.0,9.06
26.75,95.35,1086.0,13.24
26.75,95.4,1349.0,35.69
26.75,95.45,1789.0,18.46
26.75,95.5,1508.0,10.36
26.75,95.55,1403.0,30.54
26.75,95.6,2346.0,27.4
26.75,95.65,1538.0,12.77
26.75,95.7,772.0,17.3
26.75,95.75,982.0,5.4
26.75,95.8,442.0,7.7
26.75,95.85,1101.0,18.44
26.75,95.9,2179.0,10.26
26.75,95.95,1484.0,20.62
26.75,96.0,681.0,18.46
26.75,96.05,904.0,32.79
26.75,96.1,763.0,27.52
26.75,96.15,1045.0,16.7
26.75,96.2,611.0,17.13
26.75,96.25,359.0,10.65
26.75,96.3,348.0,4.93
26.75,96.35,268.0,8.88
26.75,96.4,284.0,2.57
26.75,96.45,259.0,4.74
26.8,89.5,562.0,21.68
26.8,89.55,1402.0,14.49
26.8,89.6,1230.0,24.51
26.8,89.65,846.0,26.8
26.8,89.7,844.0,29.85
26.8,89.75,406.0,27.17
26.8,89.8,1147.0,23.23
26.8,89.85,527.0,5.44
26.8,89.9,524.0,15.58
26.8,89.95,381.0,22.13
26.8,90.0,995.0,16.06
26.8,90.05,649.0,20.57
26.8,90.1,745.0,25.93
26.8,90.15,327.0,8.58
26.8,90.2,276.0,2.3
26.8,90.25,205.0,0.45
26.8,90.3,198.0,0.71
26.8,90.35,196.0,0.5
26.8,90.4,183.0,0.29
26.8,90.45,174.0,0.89
26.8,90.5,159.0,0.43
26.8,90.55,171.0,1.12
26.8,90.6,271.0,7.82
26.8,90.65,511.0,14.93
26.8,90.7,1118.0,7.92
26.8,90.75,508.0,20.38
26.8,90.8,791.0,14.92
26.8,90.85,394.0,15.88
26.8,90.9,330.0,11.05
26.8,90.95,205.0,16.75
26.8,91.0,266.0,10.72
26.8,91.05,182.0,4.23
26.8,91.1,119.0,1.7
26.8,91.15,165.0,2.9
26.8,91.2,147.0,3.13
26.8,91.25,191.0,3.33
26.8,91.3,630.0,21.69
26.8,91.35,742.0,24.73
26.8,91.4,181.0,2.13
26.8,91.45,199.0,11.15
26.8,91.5,243.0,13.17
26.8,91.55,249.0,6.68
26.8,91.6,165.0,1.42
26.8,91.65,173.0,4.71
26.8,91.7,148.0,1.12
26.8,91.75,170.0,0.78
26.8,91.8,165.0,0.64
26.8,91.85,171.0,1.08
26.8,91.9,171.0,1.13
26.8,91.95,167.0,0.58
26.8,92.0,152.0,0.6
26.8,92.05,133.0,1.02
26.8,92.1,135.0,0.77
26.8,92.15,123.0,0.36
26.8,92.2,112.0,0.36
26.8,92.25,118.0,0.39
26.8,92.3,114.0,1.11
26.8,92.35,109.0,0.81
26.8,92.4,115.0,0.55
26.8,92.45,110.0,0.66
26.8,92.5,104.0,0.79
26.8,92.55,89.0,0.17
26.8,92.6,88.0,0.54
26.8,92.65,91.0,0.12
26.8,92.7,80.0,0.35
26.8,92.75,91.0,0.09
26.8,92.8,77.0,0.36
26.8,92.85,80.0,0.59
26.8,92.9,81.0,0.74
26.8,92.95,82.0,0.45
26.8,93.0,78.0,0.04
26.8,93.05,74.0,0.18
26.8,93.1,79.0,0.75
26.8,93.15,84.0,1.38
26.8,93.2,86.0,0.13
26.8,93.25,92.0,0.69
26.8,93.3,85.0,0.6
26.8,93.35,85.0,0.23
26.8,93.4,81.0,0.38
26.8,93.45,80.0,0.67
26.8,93.5,82.0,1.02
26.8,93.55,77.0,0.35
26.8,93.6,76.0,0.37
26.8,93.65,76.0,0.11
26.8,93.7,76.0,0.15
26.8,93.75,80.0,1.77
26.8,93.8,76.0,0.37
26.8,93.85,77.0,0.23
26.8,93.9,80.0,0.34
26.8,93.95,82.0,0.62
26.8,94.0,83.0,0.08
26.8,94.05,87.0,0.41
26.8,94.1,83.0,0.31
26.8,94.15,86.0,0.18
26.8,94.2,88.0,0.43
26.8,94.25,90.0,0.43
26.8,94.3,92.0,0.5
26.8,94.35,97.0,0.56
26.8,94.4,92.0,0.91
26.8,94.45,97.0,0.36
26.8,94.5,102.0,0.61
26.8,94.55,100.0,0.4
26.8,94.6,104.0,0.44
26.8,94.65,108.0,0.84
26.8,94.7,104.0,0.27
26.8,94.75,103.0,0.46
26.8,94.8,109.0,0.4
26.8,94.85,220.0,4.53
26.8,94.9,182.0,5.9
26.8,94.95,308.0,6.98
26.8,95.0,615.0,20.02
26.8,95.05,288.0,3.58
26.8,95.1,423.0,20.57
26.8,95.15,658.0,15.56
26.8,95.2,1190.0,17.58
26.8,95.25,858.0,15.39
26.8,95.3,1366.0,4.54
26.8,95.35,678.0,21.75
26.8,95.4,1208.0,25.33
26.8,95.45,1624.0,20.83
26.8,95.5,2325.0,25.64
26.8,95.55,1510.0,16.94
26.8,95.6,2425.0,14.45
26.8,95.65,1412.0,28.36
26.8,95.7,1070.0,22.73
26.8,95.75,880.0,33.12
26.8,95.8,740.0,15.78
26.8,95.85,692.0,30.65
26.8,95.9,1081.0,14.43
26.8,95.95,1130.0,13.16
26.8,96.0,1176.0,19.32
26.8,96.05,974.0,20.35
26.8,96.1,887.0,15.29
26.8,96.15,810.0,6.29
26.8,96.2,1013.0,6.77
26.8,96.25,1180.0,9.74
26.8,96.3,338.0,16.95
26.8,96.35,564.0,19.72
26.8,96.4,399.0,23.42
26.8,96.45,554.0,21.89
26.85,89.5,677.0,12.29
26.85,89.55,1990.0,30.0
26.85,89.6,1191.0,16.54
26.85,89.65,1484.0,17.69
26.85,89.7,2179.0,21.66
26.85,89.75,1810.0,26.42
26.85,89.8,1082.0,32.23
26.85,89.85,1298.0,36.31
26.85,89.9,641.0,33.87
26.85,89.95,717.0,27.15
26.85,90.0,540.0,27.65
26.85,90.05,473.0,12.31
26.85,90.1,1296.0,29.51
26.85,90.15,1387.0,29.41
26.85,90.2,495.0,22.67
26.85,90.25,260.0,0.56
26.85,90.3,252.0,1.28
26.85,90.35,251.0,0.84
26.85,90.4,253.0,1.12
26.85,90.45,228.0,1.02
26.85,90.5,194.0,0.64
26.85,90.55,267.0,2.04
26.85,90.6,764.0,15.73
26.85,90.65,1052.0,22.72
26.85,90.7,734.0,32.35
26.85,90.75,900.0,18.55
26.85,90.8,1425.0,14.74
26.85,90.85,952.0,25.86
26.85,90.9,420.0,19.19
26.85,90.95,223.0,18.46
26.85,91.0,654.0,25.54
26.85,91.05,526.0,18.68
26.85,91.1,878.0,14.1
26.85,91.15,932.0,21.47
26.85,91.2,951.0,17.6
26.85,91.25,648.0,12.01
26.85,91.3,1435.0,25.0
26.85,91.35,1083.0,28.39
26.85,91.4,494.0,12.22
26.85,91.45,600.0,7.04
26.85,91.5,624.0,12.31
26.85,91.55,532.0,16.4
26.85,91.6,463.0,8.4
26.85,91.65,456.0,10.57
26.85,91.7,212.0,6.58
26.85,91.75,327.0,2.18
26.85,91.8,315.0,11.24
26.85,91.85,235.0,0.8
26.85,91.9,236.0,1.12
26.85,91.95,239.0,0.99
26.85,92.0,277.0,13.75
26.85,92.05,309.0,10.64
26.85,92.1,179.0,0.48
26.85,92.15,153.0,0.76
26.85,92.2,134.0,0.56
26.85,92.25,142.0,0.96
26.85,92.3,134.0,0.2
26.85,92.35,136.0,1.96
26.85,92.4,149.0,0.8
26.85,92.45,137.0,0.66
26.85,92.5,121.0,0.83
26.85,92.55,104.0,0.26
26.85,92.6,98.0,0.66
26.85,92.65,99.0,0.42
26.85,92.7,101.0,0.6
26.85,92.75,90.0,1.0
26.85,92.8,84.0,0.45
26.85,92.85,81.0,0.11
26.85,92.9,84.0,0.24
26.85,92.95,91.0,0.06
26.85,93.0,90.0,0.34
26.85,93.05,83.0,0.39
26.85,93.1,95.0,0.45
26.85,93.15,105.0,0.58
26.85,93.2,96.0,0.17
26.85,93.25,92.0,0.4
26.85,93.3,97.0,0.18
26.85,93.35,92.0,0.29
26.85,93.4,88.0,0.84
26.85,93.45,93.0,0.63
26.85,93.5,81.0,0.28
26.85,93.55,84.0,0.34
26.85,93.6,76.0,0.36
26.85,93.65,75.0,0.31
26.85,93.7,82.0,0.32
26.85,93.75,78.0,0.6
26.85,93.8,83.0,0.8
26.85,93.85,76.0,0.62
26.85,93.9,74.0,0.61
26.85,93.95,80.0,0.35
26.85,94.0,83.0,0.27
26.85,94.05,81.0,0.22
26.85,94.1,84.0,0.08
26.85,94.15,86.0,0.36
26.85,94.2,84.0,0.47
26.85,94.25,85.0,0.52
26.85,94.3,85.0,0.08
26.85,94.35,88.0,0.52
26.85,94.4,94.0,0.04
26.85,94.45,91.0,0.26
26.85,94.5,99.0,0.43
26.85,94.55,94.0,0.05
26.85,94.6,93.0,0.15
26.85,94.65,99.0,0.23
26.85,94.7,98.0,0.42
26.85,94.75,103.0,0.36
26.85,94.8,106.0,0.17
26.85,94.85,312.0,22.03
26.85,94.9,136.0,0.65
26.85,94.95,517.0,11.75
26.85,95.0,145.0,1.69
26.85,95.05,160.0,5.96
26.85,95.1,578.0,10.53
26.85,95.15,512.0,25.98
26.85,95.2,667.0,32.76
26.85,95.25,1304.0,22.63
26.85,95.3,829.0,27.87
26.85,95.35,392.0,10.42
26.85,95.4,971.0,25.92
26.85,95.45,1204.0,32.58
26.85,95.5,1632.0,18.15
26.85,95.55,1878.0,20.33
26.85,95.6,1355.0,27.43
26.85,95.65,1376.0,12.15
26.85,95.7,1934.0,21.36
26.85,95.75,1161.0,18.78
26.85,95.8,770.0,27.17
26.85,95.85,824.0,18.47
26.85,95.9,1064.0,18.75
26.85,95.95,1164.0,17.85
26.85,96.0,2156.0,12.36
26.85,96.05,1253.0,23.46
26.85,96.1,1211.0,10.34
26.85,96.15,1153.0,7.81
26.85,96.2,901.0,11.89
26.85,96.25,951.0,25.05
26.85,96.3,658.0,26.35
26.85,96.35,397.0,10.13
26.85,96.4,727.0,11.44
26.85,96.45,782.0,12.96
26.9,89.5,1642.0,32.44
26.9,89.55,1483.0,27.83
26.9,89.6,1247.0,17.95
26.9,89.65,1250.0,27.18
26.9,89.7,2486.0,22.34
26.9,89.75,1629.0,25.46
26.9,89.8,1620.0,30.97
26.9,89.85,1494.0,18.0
26.9,89.9,1444.0,28.07
26.9,89.95,1084.0,27.55
26.9,90.0,745.0,16.0
26.9,90.05,320.0,8.57
26.9,90.1,456.0,20.1
26.9,90.15,1677.0,4.82
26.9,90.2,734.0,19.76
26.9,90.25,873.0,25.6
26.9,90.3,825.0,19.02
26.9,90.35,475.0,13.16
26.9,90.4,358.0,0.97
26.9,90.45,361.0,2.7
26.9,90.5,258.0,1.77
26.9,90.55,503.0,21.65
26.9,90.6,439.0,22.81
26.9,90.65,1383.0,27.77
26.9,90.7,850.0,14.79
26.9,90.75,1252.0,15.51
26.9,90.8,2012.0,24.21
26.9,90.85,1558.0,18.19
26.9,90.9,405.0,29.09
26.9,90.95,1548.0,31.32
26.9,91.0,653.0,32.27
26.9,91.05,1222.0,26.15
26.9,91.1,1164.0,30.26
26.9,91.15,620.0,34.1
26.9,91.2,1218.0,20.63
26.9,91.25,484.0,14.69
26.9,91.3,1062.0,28.07
26.9,91.35,1652.0,18.26
26.9,91.4,1412.0,35.85
26.9,91.45,1095.0,34.62
26.9,91.5,1179.0,34.94
26.9,91.55,1413.0,34.39
26.9,91.6,1631.0,33.64
26.9,91.65,815.0,26.19
26.9,91.7,495.0,10.57
26.9,91.75,519.0,2.84
26.9,91.8,591.0,10.24
26.9,91.85,331.0,1.59
26.9,91.9,368.0,3.89
26.9,91.95,647.0,11.36
26.9,92.0,669.0,10.07
26.9,92.05,617.0,15.81
26.9,92.1,346.0,9.63
26.9,92.15,369.0,19.41
26.9,92.2,368.0,18.97
26.9,92.25,225.0,1.76
26.9,92.3,185.0,1.73
26.9,92.35,184.0,2.86
26.9,92.4,204.0,1.4
26.9,92.45,185.0,0.51
26.9,92.5,143.0,0.5
26.9,92.55,110.0,0.46
26.9,92.6,114.0,0.43
26.9,92.65,104.0,0.3
26.9,92.7,99.0,0.43
26.9,92.75,93.0,0.07
26.9,92.8,86.0,0.21
26.9,92.85,84.0,0.32
26.9,92.9,92.0,0.96
26.9,92.95,110.0,0.48
26.9,93.0,113.0,0.45
26.9,93.05,162.0,1.69
26.9,93.1,150.0,1.99
26.9,93.15,139.0,1.39
26.9,93.2,113.0,0.63
26.9,93.25,107.0,2.47
26.9,93.3,125.0,0.3
26.9,93.35,115.0,0.39
26.9,93.4,100.0,0.52
26.9,93.45,94.0,0.19
26.9,93.5,93.0,0.38
26.9,93.55,94.0,0.59
26.9,93.6,88.0,0.31
26.9,93.65,80.0,0.48
26.9,93.7,74.0,0.5
26.9,93.75,79.0,0.43
26.9,93.8,79.0,0.48
26.9,93.85,80.0,1.26
26.9,93.9,80.0,0.22
26.9,93.95,81.0,0.52
26.9,94.0,82.0,0.27
26.9,94.05,82.0,0.55
26.9,94.1,80.0,0.51
26.9,94.15,85.0,0.25
26.9,94.2,80.0,0.1
26.9,94.25,85.0,0.6
26.9,94.3,89.0,0.81
26.9,94.35,89.0,0.49
26.9,94.4,92.0,0.24
26.9,94.45,88.0,0.7
26.9,94.5,89.0,0.08
26.9,94.55,99.0,0.41
26.9,94.6,92.0,0.26
26.9,94.65,99.0,0.76
26.9,94.7,94.0,0.85
26.9,94.75,98.0,0.76
26.9,94.8,103.0,1.18
26.9,94.85,108.0,2.16
26.9,94.9,147.0,1.47
26.9,94.95,170.0,5.97
26.9,95.0,284.0,15.68
26.9,95.05,129.0,4.65
26.9,95.1,189.0,4.0
26.9,95.15,309.0,7.46
26.9,95.2,778.0,4.87
26.9,95.25,841.0,16.01
26.9,95.3,452.0,4.57
26.9,95.35,998.0,14.08
26.9,95.4,692.0,16.93
26.9,95.45,819.0,12.46
26.9,95.5,2099.0,26.6
26.9,95.55,1401.0,30.08
26.9,95.6,1330.0,15.35
26.9,95.65,2058.0,25.89
26.9,95.7,2144.0,21.33
26.9,95.75,1998.0,34.28
26.9,95.8,936.0,27.95
26.9,95.85,593.0,6.86
26.9,95.9,631.0,21.42
26.9,95.95,1405.0,30.79
26.9,96.0,1661.0,21.31
26.9,96.05,1595.0,21.94
26.9,96.1,1071.0,23.22
26.9,96.15,1276.0,16.68
26.9,96.2,1253.0,21.28
26.9,96.25,857.0,8.44
26.9,96.3,902.0,29.69
26.9,96.35,600.0,22.99
26.9,96.4,993.0,23.52
26.9,96.45,781.0,10.89
26.95,89.5,2580.0,30.62
26.95,89.55,1878.0,25.92
26.95,89.6,1172.0,37.15
26.95,89.65,2743.0,23.09
26.95,89.7,2590.0,23.72
26.95,89.75,1378.0,25.24
26.95,89.8,2382.0,16.83
26.95,89.85,1686.0,27.9
26.95,89.9,1863.0,24.0
26.95,89.95,780.0,18.14
26.95,90.0,458.0,14.96
26.95,90.05,883.0,29.94
26.95,90.1,1024.0,17.77
26.95,90.15,1329.0,22.73
26.95,90.2,2037.0,19.28
26.95,90.25,1200.0,35.42
26.95,90.3,1049.0,29.37
26.95,90.35,762.0,14.4
26.95,90.4,1028.0,28.82
26.95,90.45,1391.0,25.82
26.95,90.5,742.0,28.45
26.95,90.55,995.0,32.4
26.95,90.6,856.0,18.38
26.95,90.65,1576.0,7.43
26.95,90.7,1740.0,25.61
26.95,90.75,1283.0,25.27
26.95,90.8,1378.0,8.62
26.95,90.85,877.0,27.21
26.95,90.9,958.0,3.4
26.95,90.95,669.0,24.06
26.95,91.0,776.0,26.79
26.95,91.05,1388.0,37.59
26.95,91.1,811.0,22.16
26.95,91.15,796.0,36.49
26.95,91.2,483.0,23.34
26.95,91.25,804.0,39.4
26.95,91.3,1223.0,21.28
26.95,91.35,1454.0,23.74
26.95,91.4,1664.0,15.8
26.95,91.45,1743.0,36.25
26.95,91.5,933.0,9.66
26.95,91.55,2186.0,16.6
26.95,91.6,1320.0,24.37
26.95,91.65,840.0,26.17
26.95,91.7,1091.0,15.39
26.95,91.75,871.0,13.74
26.95,91.8,1521.0,29.42
26.95,91.85,1100.0,30.95
26.95,91.9,810.0,29.55
26.95,91.95,1572.0,29.69
26.95,92.0,1306.0,33.6
26.95,92.05,1146.0,34.52
26.95,92.1,483.0,13.73
26.95,92.15,412.0,18.83
26.95,92.2,650.0,7.46
26.95,92.25,702.0,5.52
26.95,92.3,358.0,5.84
26.95,92.35,402.0,15.09
26.95,92.4,358.0,14.51
26.95,92.45,272.0,10.15
26.95,92.5,194.0,1.72
26.95,92.55,144.0,1.35
26.95,92.6,138.0,0.38
26.95,92.65,119.0,0.07
26.95,92.7,174.0,4.91
26.95,92.75,257.0,4.98
26.95,92.8,117.0,0.15
26.95,92.85,106.0,0.52
26.95,92.9,110.0,0.76
26.95,92.95,230.0,5.47
26.95,93.0,137.0,4.34
26.95,93.05,316.0,3.57
26.95,93.1,308.0,4.7
26.95,93.15,238.0,5.7
26.95,93.2,356.0,7.92
26.95,93.25,128.0,1.25
26.95,93.3,167.0,3.02
26.95,93.35,136.0,0.36
26.95,93.4,110.0,0.92
26.95,93.45,181.0,2.59
26.95,93.5,122.0,0.31
26.95,93.55,121.0,0.24
26.95,93.6,106.0,0.61
26.95,93.65,92.0,0.51
26.95,93.7,89.0,0.48
26.95,93.75,84.0,0.67
26.95,93.8,86.0,0.82
26.95,93.85,82.0,0.36
26.95,93.9,81.0,0.53
26.95,93.95,80.0,1.54
26.95,94.0,81.0,0.15
26.95,94.05,81.0,0.38
26.95,94.1,84.0,0.56
26.95,94.15,83.0,0.28
26.95,94.2,88.0,0.43
26.95,94.25,91.0,0.9
26.95,94.3,90.0,1.01
26.95,94.35,83.0,0.87
26.95,94.4,87.0,0.2
26.95,94.45,88.0,0.17
26.95,94.5,90.0,0.34
26.95,94.55,93.0,0.87
26.95,94.6,91.0,0.29
26.95,94.65,91.0,0.04
26.95,94.7,99.0,0.37
26.95,94.75,97.0,0.37
26.95,94.8,95.0,0.59
26.95,94.85,98.0,0.21
26.95,94.9,117.0,0.63
26.95,94.95,159.0,5.55
26.95,95.0,132.0,0.38
26.95,95.05,111.0,0.58
26.95,95.1,131.0,2.29
26.95,95.15,198.0,2.82
26.95,95.2,430.0,11.06
26.95,95.25,467.0,19.87
26.95,95.3,456.0,11.83
26.95,95.35,694.0,27.23
26.95,95.4,642.0,16.54
26.95,95.45,1645.0,19.25
26.95,95.5,940.0,21.96
26.95,95.55,1457.0,18.73
26.95,95.6,1504.0,25.0
26.95,95.65,1037.0,24.75
26.95,95.7,1118.0,29.61
26.95,95.75,1946.0,22.57
26.95,95.8,1658.0,17.58
26.95,95.85,1232.0,18.35
26.95,95.9,1401.0,31.24
26.95,95.95,1144.0,14.57
26.95,96.0,966.0,14.84
26.95,96.05,1580.0,31.46
26.95,96.1,1576.0,12.96
26.95,96.15,724.0,24.96
26.95,96.2,363.0,16.59
26.95,96.25,466.0,16.45
26.95,96.3,457.0,14.48
26.95,96.35,794.0,19.22
26.95,96.4,421.0,1.81
26.95,96.45,874.0,20.4
27.0,89.5,2351.0,30.17
27.0,89.55,3171.0,13.66
27.0,89.6,1206.0,38.24
27.0,89.65,3245.0,28.37
27.0,89.7,2698.0,36.54
27.0,89.75,2055.0,31.62
27.0,89.8,2468.0,19.55
27.0,89.85,1789.0,18.22
27.0,89.9,1677.0,17.33
27.0,89.95,1066.0,32.08
27.0,90.0,2075.0,22.9
27.0,90.05,601.0,6.85
27.0,90.1,1396.0,22.03
27.0,90.15,1586.0,22.95
27.0,90.2,1766.0,19.15
27.0,90.25,1919.0,29.36
27.0,90.3,2264.0,26.27
27.0,90.35,1720.0,23.2
27.0,90.4,1427.0,29.57
27.0,90.45,584.0,18.71
27.0,90.5,698.0,28.85
27.0,90.55,1157.0,23.09
27.0,90.6,1406.0,19.02
27.0,90.65,2041.0,18.06
27.0,90.7,2412.0,21.33
27.0,90.75,2034.0,42.6
27.0,90.8,887.0,27.38
27.0,90.85,969.0,28.81
27.0,90.9,1379.0,32.56
27.0,90.95,1170.0,31.62
27.0,91.0,1956.0,25.35
27.0,91.05,802.0,31.46
27.0,91.1,1196.0,12.09
27.0,91.15,716.0,34.61
27.0,91.2,467.0,28.85
27.0,91.25,1594.0,3.86
27.0,91.3,625.0,18.3
27.0,91.35,1481.0,29.73
27.0,91.4,810.0,7.57
27.0,91.45,1476.0,15.58
27.0,91.5,1536.0,26.79
27.0,91.55,842.0,14.49
27.0,91.6,1776.0,25.75
27.0,91.65,1493.0,30.83
27.0,91.7,1347.0,32.17
27.0,91.75,2074.0,35.46
27.0,91.8,1756.0,9.03
27.0,91.85,2278.0,27.25
27.0,91.9,2240.0,25.18
27.0,91.95,2009.0,29.46
27.0,92.0,1073.0,23.6
27.0,92.05,978.0,11.72
27.0,92.1,1853.0,21.54
27.0,92.15,1019.0,41.51
27.0,92.2,1347.0,12.42
27.0,92.25,1100.0,8.38
27.0,92.3,1496.0,37.94
27.0,92.35,1120.0,6.17
27.0,92.4,502.0,10.05
27.0,92.45,705.0,7.1
27.0,92.5,784.0,2.02
27.0,92.55,700.0,5.95
27.0,92.6,262.0,8.6
27.0,92.65,165.0,1.19
27.0,92.7,125.0,0.7
27.0,92.75,111.0,0.76
27.0,92.8,125.0,1.01
27.0,92.85,128.0,1.6
27.0,92.9,238.0,4.54
27.0,92.95,323.0,11.4
27.0,93.0,374.0,7.3
27.0,93.05,191.0,9.84
27.0,93.1,354.0,10.11
27.0,93.15,260.0,3.26
27.0,93.2,240.0,3.06
27.0,93.25,339.0,13.54
27.0,93.3,542.0,19.82
27.0,93.35,822.0,14.98
27.0,93.4,424.0,26.51
27.0,93.45,448.0,8.21
27.0,93.5,627.0,18.01
27.0,93.55,581.0,23.85
27.0,93.6,279.0,16.98
27.0,93.65,304.0,10.72
27.0,93.7,117.0,0.94
27.0,93.75,98.0,0.66
27.0,93.8,89.0,0.38
27.0,93.85,94.0,1.19
27.0,93.9,82.0,0.24
27.0,93.95,84.0,0.52
27.0,94.0,82.0,0.14
27.0,94.05,84.0,0.49
27.0,94.1,90.0,0.16
27.0,94.15,85.0,0.09
27.0,94.2,85.0,0.44
27.0,94.25,86.0,0.82
27.0,94.3,86.0,0.16
27.0,94.35,92.0,0.68
27.0,94.4,93.0,0.14
27.0,94.45,84.0,0.44
27.0,94.5,88.0,0.89
27.0,94.55,89.0,0.25
27.0,94.6,90.0,0.1
27.0,94.65,93.0,0.64
27.0,94.7,92.0,0.35
27.0,94.75,95.0,0.67
27.0,94.8,101.0,0.52
27.0,94.85,99.0,0.36
27.0,94.9,104.0,0.61
27.0,94.95,103.0,0.56
27.0,95.0,115.0,0.96
27.0,95.05,112.0,0.26
27.0,95.1,112.0,0.43
27.0,95.15,127.0,1.02
27.0,95.2,210.0,7.39
27.0,95.25,410.0,8.16
27.0,95.3,391.0,11.78
27.0,95.35,258.0,6.55
27.0,95.4,573.0,18.33
27.0,95.45,598.0,14.55
27.0,95.5,637.0,2.86
27.0,95.55,645.0,21.11
27.0,95.6,1715.0,29.81
27.0,95.65,1883.0,6.11
27.0,95.7,754.0,11.25
27.0,95.75,1349.0,26.95
27.0,95.8,1975.0,22.16
27.0,95.85,1477.0,28.02
27.0,95.9,1330.0,13.94
27.0,95.95,1453.0,25.76
27.0,96.0,1258.0,22.61
27.0,96.05,915.0,27.85
27.0,96.1,547.0,19.52
27.0,96.15,451.0,12.68
27.0,96.2,644.0,17.86
27.0,96.25,343.0,15.7
27.0,96.3,789.0,19.73
27.0,96.35,675.0,24.1
27.0,96.4,1166.0,19.29
27.0,96.45,1288.0,27.2
27.05,89.5,3232.0,15.61
27.05,89.55,2131.0,24.98
27.05,89.6,2438.0,38.63
27.05,89.65,3203.0,21.42
27.05,89.7,3402.0,18.82
27.05,89.75,2902.0,33.85
27.05,89.8,2731.0,27.09
27.05,89.85,2170.0,13.25
27.05,89.9,1190.0,17.34
27.05,89.95,1794.0,27.22
27.05,90.0,1952.0,25.6
27.05,90.05,1217.0,18.7
27.05,90.1,1054.0,25.04
27.05,90.15,1392.0,30.4
27.05,90.2,2032.0,26.1
27.05,90.25,2653.0,22.81
27.05,90.3,1552.0,23.47
27.05,90.35,1119.0,12.84
27.05,90.4,1375.0,23.87
27.05,90.45,1166.0,12.14
27.05,90.5,1454.0,13.22
27.05,90.55,1535.0,23.39
27.05,90.6,2006.0,29.14
27.05,90.65,1923.0,20.57
27.05,90.7,1740.0,16.88
27.05,90.75,1797.0,23.96
27.05,90.8,759.0,34.43
27.05,90.85,1302.0,24.1
27.05,90.9,612.0,26.6
27.05,90.95,1299.0,29.17
27.05,91.0,1031.0,15.25
27.05,91.05,1705.0,27.87
27.05,91.1,1754.0,30.52
27.05,91.15,1560.0,35.19
27.05,91.2,946.0,25.74
27.05,91.25,434.0,29.9
27.05,91.3,992.0,44.5
27.05,91.35,1315.0,24.8
27.05,91.4,1630.0,17.47
27.05,91.45,1608.0,25.21
27.05,91.5,2226.0,23.53
27.05,91.55,1025.0,20.38
27.05,91.6,1912.0,29.06
27.05,91.65,2603.0,30.85
27.05,91.7,2078.0,22.87
27.05,91.75,2570.0,33.44
27.05,91.8,2991.0,33.01
27.05,91.85,1897.0,27.91
27.05,91.9,2338.0,37.37
27.05,91.95,1859.0,16.07
27.05,92.0,848.0,25.78
27.05,92.05,2764.0,27.82
27.05,92.1,2212.0,15.66
27.05,92.15,1212.0,31.15
27.05,92.2,1653.0,19.95
27.05,92.25,2476.0,17.19
27.05,92.3,1893.0,33.44
27.05,92.35,1821.0,32.07
27.05,92.4,1709.0,19.65
27.05,92.45,1553.0,14.71
27.05,92.5,1553.0,24.77
27.05,92.55,838.0,27.04
27.05,92.6,244.0,27.54
27.05,92.65,344.0,16.47
27.05,92.7,315.0,9.22
27.05,92.75,306.0,7.2
27.05,92.8,301.0,2.49
27.05,92.85,377.0,11.67
27.05,92.9,464.0,19.4
27.05,92.95,721.0,29.73
27.05,93.0,904.0,8.22
27.05,93.05,977.0,10.8
27.05,93.1,1188.0,17.46
27.05,93.15,909.0,34.42
27.05,93.2,1342.0,35.64
27.05,93.25,932.0,28.3
27.05,93.3,663.0,25.48
27.05,93.35,357.0,6.84
27.05,93.4,374.0,11.32
27.05,93.45,303.0,14.76
27.05,93.5,355.0,9.09
27.05,93.55,394.0,7.75
27.05,93.6,270.0,4.95
27.05,93.65,295.0,11.54
27.05,93.7,272.0,1.23
27.05,93.75,159.0,3.96
27.05,93.8,100.0,0.54
27.05,93.85,91.0,0.25
27.05,93.9,87.0,0.36
27.05,93.95,89.0,0.75
27.05,94.0,83.0,0.41
27.05,94.05,82.0,0.11
27.05,94.1,84.0,0.18
27.05,94.15,85.0,0.47
27.05,94.2,81.0,0.08
27.05,94.25,86.0,0.12
27.05,94.3,90.0,0.07
27.05,94.35,88.0,1.02
27.05,94.4,91.0,0.24
27.05,94.45,87.0,0.22
27.05,94.5,87.0,0.5
27.05,94.55,92.0,0.22
27.05,94.6,91.0,0.4
27.05,94.65,93.0,1.05
27.05,94.7,92.0,0.35
27.05,94.75,93.0,0.22
27.05,94.8,96.0,0.24
27.05,94.85,99.0,1.01
27.05,94.9,102.0,0.6
27.05,94.95,100.0,0.39
27.05,95.0,104.0,0.28
27.05,95.05,106.0,0.41
27.05,95.1,109.0,0.29
27.05,95.15,111.0,0.43
27.05,95.2,119.0,1.01
27.05,95.25,146.0,7.95
27.05,95.3,361.0,21.08
27.05,95.35,509.0,10.43
27.05,95.4,546.0,3.22
27.05,95.45,517.0,9.82
27.05,95.5,728.0,5.42
27.05,95.55,629.0,16.68
27.05,95.6,1000.0,12.65
27.05,95.65,1702.0,20.27
27.05,95.7,671.0,23.71
27.05,95.75,1471.0,8.57
27.05,95.8,1985.0,32.32
27.05,95.85,902.0,13.35
27.05,95.9,1395.0,27.95
27.05,95.95,1805.0,13.96
27.05,96.0,1234.0,15.64
27.05,96.05,1025.0,16.78
27.05,96.1,1317.0,19.26
27.05,96.15,954.0,11.09
27.05,96.2,539.0,16.33
27.05,96.25,739.0,9.51
27.05,96.3,424.0,20.71
27.05,96.35,616.0,25.72
27.05,96.4,981.0,9.12
27.05,96.45,1031.0,7.93
27.1,89.5,2574.0,20.59
27.1,89.55,2711.0,21.96
27.1,89.6,3011.0,30.77
27.1,89.65,3337.0,30.06
27.1,89.7,2930.0,27.98
27.1,89.75,2060.0,28.43
27.1,89.8,2124.0,22.69
27.1,89.85,2138.0,20.47
27.1,89.9,2289.0,28.39
27.1,89.95,2580.0,18.8
27.1,90.0,1739.0,26.52
27.1,90.05,1428.0,16.47
27.1,90.1,1043.0,25.62
27.1,90.15,1236.0,28.12
27.1,90.2,1303.0,13.35
27.1,90.25,1870.0,35.77
27.1,90.3,2045.0,26.81
27.1,90.35,2386.0,34.19
27.1,90.4,1372.0,17.19
27.1,90.45,1712.0,25.7
27.1,90.5,1975.0,28.79
27.1,90.55,2233.0,18.46
27.1,90.6,1536.0,30.33
27.1,90.65,1841.0,6.1
27.1,90.7,1355.0,21.44
27.1,90.75,671.0,35.38
27.1,90.8,1478.0,22.99
27.1,90.85,2366.0,25.55
27.1,90.9,2371.0,23.22
27.1,90.95,1056.0,33.77
27.1,91.0,2186.0,35.84
27.1,91.05,1982.0,27.7
27.1,91.1,1506.0,31.27
27.1,91.15,2066.0,43.2
27.1,91.2,1026.0,37.01
27.1,91.25,992.0,16.24
27.1,91.3,1082.0,20.08
27.1,91.35,634.0,33.96
27.1,91.4,582.0,8.17
27.1,91.45,1432.0,30.6
27.1,91.5,2029.0,26.8
27.1,91.55,2269.0,28.75
27.1,91.6,1382.0,33.07
27.1,91.65,1613.0,31.6
27.1,91.7,2502.0,37.91
27.1,91.75,2693.0,13.78
27.1,91.8,3325.0,37.47
27.1,91.85,2196.0,28.63
27.1,91.9,2063.0,26.68
27.1,91.95,1381.0,19.63
27.1,92.0,1974.0,24.33
27.1,92.05,1933.0,7.92
27.1,92.1,1649.0,8.13
27.1,92.15,1594.0,16.2
27.1,92.2,2184.0,27.53
27.1,92.25,2251.0,19.44
27.1,92.3,2383.0,23.99
27.1,92.35,2567.0,19.6
27.1,92.4,2231.0,21.75
27.1,92.45,2032.0,11.04
27.1,92.5,2219.0,31.4
27.1,92.55,958.0,22.89
27.1,92.6,336.0,15.66
27.1,92.65,1240.0,12.58
27.1,92.7,959.0,27.48
27.1,92.75,444.0,1.46
27.1,92.8,307.0,9.64
27.1,92.85,774.0,10.07
27.1,92.9,762.0,15.09
27.1,92.95,781.0,21.29
27.1,93.0,821.0,25.8
27.1,93.05,804.0,7.35
27.1,93.1,1372.0,15.05
27.1,93.15,1370.0,1.9
27.1,93.2,1178.0,19.15
27.1,93.25,1087.0,15.76
27.1,93.3,762.0,6.01
27.1,93.35,538.0,24.08
27.1,93.4,992.0,11.54
27.1,93.45,909.0,22.58
27.1,93.5,511.0,22.05
27.1,93.55,863.0,30.2
27.1,93.6,281.0,15.16
27.1,93.65,348.0,9.49
27.1,93.7,167.0,2.37
27.1,93.75,259.0,2.79
27.1,93.8,221.0,4.81
27.1,93.85,100.0,0.31
27.1,93.9,98.0,0.48
27.1,93.95,93.0,0.19
27.1,94.0,85.0,0.09
27.1,94.05,86.0,0.22
27.1,94.1,84.0,0.18
27.1,94.15,80.0,0.26
27.1,94.2,86.0,0.25
27.1,94.25,87.0,0.58
27.1,94.3,84.0,0.61
27.1,94.35,96.0,0.66
27.1,94.4,85.0,0.69
27.1,94.45,93.0,0.29
27.1,94.5,94.0,0.25
27.1,94.55,94.0,0.25
27.1,94.6,88.0,0.04
27.1,94.65,90.0,0.5
27.1,94.7,93.0,0.19
27.1,94.75,101.0,0.46
27.1,94.8,104.0,0.76
27.1,94.85,99.0,0.43
27.1,94.9,97.0,0.28
27.1,94.95,105.0,0.31
27.1,95.0,103.0,0.25
27.1,95.05,106.0,0.44
27.1,95.1,109.0,0.32
27.1,95.15,112.0,0.28
27.1,95.2,114.0,0.35
27.1,95.25,114.0,0.23
27.1,95.3,154.0,0.93
27.1,95.35,221.0,1.19
27.1,95.4,201.0,5.56
27.1,95.45,403.0,21.41
27.1,95.5,307.0,8.34
27.1,95.55,665.0,12.81
27.1,95.6,849.0,10.47
27.1,95.65,998.0,11.3
27.1,95.7,520.0,13.24
27.1,95.75,629.0,10.36
27.1,95.8,1159.0,26.34
27.1,95.85,1599.0,20.2
27.1,95.9,849.0,27.74
27.1,95.95,1075.0,17.8
27.1,96.0,1462.0,12.85
27.1,96.05,1376.0,3.9
27.1,96.1,1276.0,19.75
27.1,96.15,1438.0,22.97
27.1,96.2,1060.0,2.24
27.1,96.25,793.0,20.12
27.1,96.3,762.0,18.56
27.1,96.35,499.0,14.96
27.1,96.4,355.0,10.85
27.1,96.45,382.0,5.07
27.15,89.5,3005.0,23.21
27.15,89.55,2412.0,17.75
27.15,89.6,3725.0,23.18
27.15,89.65,3776.0,21.87
27.15,89.7,2420.0,20.81
27.15,89.75,2698.0,16.91
27.15,89.8,2828.0,17.02
27.15,89.85,1943.0,25.71
27.15,89.9,2664.0,14.8
27.15,89.95,2940.0,29.62
27.15,90.0,2439.0,19.41
27.15,90.05,1460.0,35.95
27.15,90.1,1572.0,28.54
27.15,90.15,1892.0,25.53
27.15,90.2,2573.0,20.22
27.15,90.25,3015.0,24.51
27.15,90.3,3200.0,26.56
27.15,90.35,3013.0,28.52
27.15,90.4,1969.0,33.86
27.15,90.45,2050.0,17.44
27.15,90.5,2511.0,25.5
27.15,90.55,2019.0,28.21
27.15,90.6,1003.0,22.53
27.15,90.65,907.0,21.94
27.15,90.7,551.0,32.35
27.15,90.75,1233.0,32.28
27.15,90.8,1567.0,15.82
27.15,90.85,2382.0,26.11
27.15,90.9,1784.0,24.9
27.15,90.95,990.0,22.69
27.15,91.0,3017.0,28.46
27.15,91.05,1834.0,18.35
27.15,91.1,2444.0,18.0
27.15,91.15,1436.0,8.02
27.15,91.2,1516.0,34.13
27.15,91.25,721.0,9.87
27.15,91.3,2123.0,22.35
27.15,91.35,1272.0,28.57
27.15,91.4,1792.0,35.09
27.15,91.45,1891.0,22.39
27.15,91.5,1590.0,28.17
27.15,91.55,1741.0,25.32
27.15,91.6,2274.0,25.75
27.15,91.65,2204.0,28.14
27.15,91.7,2035.0,41.3
27.15,91.75,2236.0,24.43
27.15,91.8,2945.0,19.5
27.15,91.85,2492.0,20.3
27.15,91.9,1403.0,18.49
27.15,91.95,2158.0,26.77
27.15,92.0,1908.0,36.46
27.15,92.05,1922.0,21.94
27.15,92.1,1598.0,24.2
27.15,92.15,2285.0,26.06
27.15,92.2,2419.0,18.16
27.15,92.25,2384.0,20.13
27.15,92.3,2235.0,21.52
27.15,92.35,2850.0,34.48
27.15,92.4,2410.0,20.26
27.15,92.45,2819.0,21.24
27.15,92.5,2119.0,18.26
27.15,92.55,2192.0,15.3
27.15,92.6,838.0,21.05
27.15,92.65,212.0,8.15
27.15,92.7,966.0,27.44
27.15,92.75,1011.0,20.62
27.15,92.8,768.0,23.47
27.15,92.85,1281.0,18.2
27.15,92.9,1090.0,19.41
27.15,92.95,721.0,25.26
27.15,93.0,1120.0,25.52
27.15,93.05,1452.0,18.85
27.15,93.1,1005.0,14.77
27.15,93.15,1364.0,20.29
27.15,93.2,1575.0,3.42
27.15,93.25,1353.0,9.73
27.15,93.3,1219.0,16.06
27.15,93.35,1471.0,30.75
27.15,93.4,1548.0,6.82
27.15,93.45,1242.0,30.79
27.15,93.5,1499.0,34.74
27.15,93.55,1023.0,15.15
27.15,93.6,710.0,19.24
27.15,93.65,777.0,19.0
27.15,93.7,389.0,30.28
27.15,93.75,127.0,0.99
27.15,93.8,277.0,2.87
27.15,93.85,164.0,1.45
27.15,93.9,104.0,0.41
27.15,93.95,90.0,0.66
27.15,94.0,89.0,0.19
27.15,94.05,88.0,0.11
27.15,94.1,87.0,0.82
27.15,94.15,87.0,0.3
27.15,94.2,87.0,0.28
27.15,94.25,84.0,0.04
27.15,94.3,87.0,0.28
27.15,94.35,89.0,0.46
27.15,94.4,90.0,0.15
27.15,94.45,93.0,0.65
27.15,94.5,94.0,0.08
27.15,94.55,92.0,0.51
27.15,94.6,95.0,0.31
27.15,94.65,91.0,0.16
27.15,94.7,93.0,0.07
27.15,94.75,96.0,0.28
27.15,94.8,97.0,0.48
27.15,94.85,104.0,0.31
27.15,94.9,102.0,0.53
27.15,94.95,107.0,0.4
27.15,95.0,105.0,0.52
27.15,95.05,108.0,0.13
27.15,95.1,109.0,0.29
27.15,95.15,110.0,0.25
27.15,95.2,114.0,0.26
27.15,95.25,119.0,0.32
27.15,95.3,121.0,0.2
27.15,95.35,129.0,0.53
27.15,95.4,249.0,3.44
27.15,95.45,216.0,4.19
27.15,95.5,347.0,3.59
27.15,95.55,591.0,12.42
27.15,95.6,1124.0,9.83
27.15,95.65,717.0,30.29
27.15,95.7,1323.0,20.98
27.15,95.75,549.0,7.15
27.15,95.8,645.0,13.41
27.15,95.85,1479.0,18.11
27.15,95.9,695.0,23.33
27.15,95.95,1447.0,4.52
27.15,96.0,1269.0,22.84
27.15,96.05,921.0,7.92
27.15,96.1,876.0,1.02
27.15,96.15,1007.0,21.75
27.15,96.2,539.0,4.14
27.15,96.25,553.0,25.77
27.15,96.3,1424.0,19.82
27.15,96.35,498.0,8.43
27.15,96.4,1199.0,24.0
27.15,96.45,1048.0,18.96
27.2,89.5,2594.0,29.23
27.2,89.55,2674.0,27.63
27.2,89.6,3049.0,33.78
27.2,89.65,4061.0,23.1
27.2,89.7,3637.0,31.86
27.2,89.75,3189.0,15.24
27.2,89.8,2300.0,21.13
27.2,89.85,2210.0,19.05
27.2,89.9,2826.0,24.53
27.2,89.95,2328.0,37.54
27.2,90.0,1819.0,29.36
27.2,90.05,1588.0,38.24
27.2,90.1,760.0,24.48
27.2,90.15,1852.0,21.51
27.2,90.2,2022.0,29.42
27.2,90.25,2597.0,24.97
27.2,90.3,2940.0,30.27
27.2,90.35,3070.0,28.31
27.2,90.4,2698.0,32.8
27.2,90.45,1563.0,8.89
27.2,90.5,1780.0,29.96
27.2,90.55,1660.0,29.71
27.2,90.6,1662.0,27.07
27.2,90.65,1334.0,38.72
27.2,90.7,1359.0,31.63
27.2,90.75,1195.0,17.84
27.2,90.8,2453.0,18.81
27.2,90.85,2212.0,21.04
27.2,90.9,2200.0,33.46
27.2,90.95,1051.0,14.17
27.2,91.0,2677.0,18.27
27.2,91.05,3259.0,22.47
27.2,91.1,1928.0,36.08
27.2,91.15,1606.0,30.68
27.2,91.2,763.0,29.45
27.2,91.25,1517.0,17.73
27.2,91.3,1982.0,35.64
27.2,91.35,1459.0,30.59
27.2,91.4,869.0,35.23
27.2,91.45,1575.0,27.65
27.2,91.5,2126.0,29.01
27.2,91.55,1868.0,33.17
27.2,91.6,2118.0,24.53
27.2,91.65,2957.0,34.12
27.2,91.7,2507.0,21.3
27.2,91.75,2437.0,23.16
27.2,91.8,3455.0,21.44
27.2,91.85,2609.0,22.84
27.2,91.9,1826.0,22.49
27.2,91.95,2548.0,32.43
27.2,92.0,2125.0,24.73
27.2,92.05,2805.0,14.8
27.2,92.1,2612.0,34.64
27.2,92.15,3022.0,20.6
27.2,92.2,2934.0,33.39
27.2,92.25,2164.0,24.5
27.2,92.3,2572.0,17.56
27.2,92.35,1926.0,33.71
27.2,92.4,1488.0,5.9
27.2,92.45,1974.0,26.17
27.2,92.5,1576.0,20.48
27.2,92.55,1209.0,21.86
27.2,92.6,1045.0,3.05
27.2,92.65,1408.0,18.99
27.2,92.7,883.0,23.18
27.2,92.75,557.0,18.89
27.2,92.8,1508.0,15.37
27.2,92.85,722.0,30.5
27.2,92.9,737.0,27.91
27.2,92.95,911.0,19.65
27.2,93.0,1369.0,11.37
27.2,93.05,1056.0,11.17
27.2,93.1,1589.0,17.08
27.2,93.15,1166.0,5.54
27.2,93.2,1812.0,12.15
27.2,93.25,1907.0,21.82
27.2,93.3,1517.0,16.89
27.2,93.35,1496.0,20.45
27.2,93.4,1283.0,11.97
27.2,93.45,1790.0,19.66
27.2,93.5,1215.0,21.54
27.2,93.55,1646.0,28.12
27.2,93.6,805.0,18.09
27.2,93.65,887.0,19.42
27.2,93.7,879.0,14.91
27.2,93.75,541.0,15.46
27.2,93.8,279.0,11.87
27.2,93.85,225.0,4.99
27.2,93.9,121.0,2.06
27.2,93.95,105.0,0.42
27.2,94.0,97.0,0.67
27.2,94.05,94.0,0.1
27.2,94.1,91.0,0.34
27.2,94.15,91.0,0.56
27.2,94.2,86.0,0.19
27.2,94.25,85.0,0.36
27.2,94.3,88.0,0.2
27.2,94.35,91.0,0.07
27.2,94.4,92.0,0.34
27.2,94.45,89.0,0.68
27.2,94.5,92.0,0.49
27.2,94.55,97.0,0.65
27.2,94.6,91.0,0.25
27.2,94.65,97.0,0.7
27.2,94.7,101.0,0.5
27.2,94.75,94.0,0.16
27.2,94.8,98.0,0.56
27.2,94.85,102.0,0.15
27.2,94.9,99.0,0.88
27.2,94.95,103.0,0.15
27.2,95.0,104.0,0.29
27.2,95.05,110.0,0.88
27.2,95.1,110.0,0.14
27.2,95.15,112.0,0.49
27.2,95.2,118.0,0.39
27.2,95.25,120.0,0.56
27.2,95.3,124.0,0.09
27.2,95.35,121.0,0.19
27.2,95.4,181.0,4.53
27.2,95.45,178.0,4.62
27.2,95.5,187.0,3.21
27.2,95.55,506.0,12.99
27.2,95.6,708.0,22.98
27.2,95.65,537.0,20.71
27.2,95.7,516.0,18.58
27.2,95.75,1027.0,4.71
27.2,95.8,844.0,25.05
27.2,95.85,260.0,1.34
27.2,95.9,424.0,11.73
27.2,95.95,369.0,2.68
27.2,96.0,1176.0,16.02
27.2,96.05,1435.0,24.32
27.2,96.1,880.0,1.32
27.2,96.15,872.0,0.52
27.2,96.2,1195.0,17.11
27.2,96.25,1080.0,11.87
27.2,96.3,1139.0,20.02
27.2,96.35,1064.0,13.32
27.2,96.4,1017.0,14.3
27.2,96.45,1160.0,20.17
27.25,89.5,2667.0,14.17
27.25,89.55,3175.0,29.17
27.25,89.6,3624.0,14.75
27.25,89.65,4247.0,14.14
27.25,89.7,4540.0,17.62
27.25,89.75,3755.0,29.82
27.25,89.8,3426.0,27.52
27.25,89.85,2696.0,17.84
27.25,89.9,2170.0,34.74
27.25,89.95,1536.0,18.5
27.25,90.0,1219.0,19.24
27.25,90.05,601.0,16.62
27.25,90.1,1036.0,26.51
27.25,90.15,2088.0,27.14
27.25,90.2,1697.0,33.24
27.25,90.25,2263.0,41.52
27.25,90.3,1881.0,13.05
27.25,90.35,3380.0,48.0
27.25,90.4,3173.0,41.93
27.25,90.45,2879.0,16.08
27.25,90.5,2336.0,26.46
27.25,90.55,1767.0,28.39
27.25,90.6,754.0,21.16
27.25,90.65,2277.0,32.14
27.25,90.7,1973.0,42.59
27.25,90.75,2301.0,24.35
27.25,90.8,2760.0,26.86
27.25,90.85,2999.0,9.31
27.25,90.9,2452.0,44.13
27.25,90.95,1416.0,28.98
27.25,91.0,2639.0,25.11
27.25,91.05,2681.0,35.52
27.25,91.1,1493.0,30.15
27.25,91.15,950.0,18.84
27.25,91.2,688.0,31.07
27.25,91.25,2113.0,41.95
27.25,91.3,2726.0,9.9
27.25,91.35,2494.0,13.36
27.25,91.4,811.0,33.9
27.25,91.45,1463.0,24.1
27.25,91.5,2056.0,37.17
27.25,91.55,2655.0,28.3
27.25,91.6,3444.0,32.38
27.25,91.65,3150.0,19.68
27.25,91.7,3653.0,25.63
27.25,91.75,3362.0,21.17
27.25,91.8,4105.0,11.11
27.25,91.85,3079.0,11.46
27.25,91.9,3631.0,28.29
27.25,91.95,3922.0,26.52
27.25,92.0,3496.0,27.91
27.25,92.05,3583.0,30.47
27.25,92.1,3444.0,8.24
27.25,92.15,2803.0,22.4
27.25,92.2,2316.0,42.07
27.25,92.25,2746.0,13.11
27.25,92.3,2678.0,8.42
27.25,92.35,2687.0,19.45
27.25,92.4,2135.0,12.76
27.25,92.45,2405.0,23.86
27.25,92.5,2194.0,27.7
27.25,92.55,2208.0,16.15
27.25,92.6,1856.0,29.69
27.25,92.65,1532.0,36.55
27.25,92.7,850.0,31.86
27.25,92.75,1656.0,32.02
27.25,92.8,1639.0,26.2
27.25,92.85,1133.0,26.78
27.25,92.9,518.0,35.47
27.25,92.95,1321.0,16.62
27.25,93.0,996.0,15.29
27.25,93.05,707.0,0.18
27.25,93.1,1379.0,29.42
27.25,93.15,1559.0,7.44
27.25,93.2,2070.0,20.81
27.25,93.25,1833.0,19.13
27.25,93.3,1851.0,31.85
27.25,93.35,1348.0,17.65
27.25,93.4,1419.0,22.51
27.25,93.45,1153.0,12.62
27.25,93.5,883.0,4.43
27.25,93.55,1099.0,14.15
27.25,93.6,1491.0,22.47
27.25,93.65,1313.0,36.01
27.25,93.7,763.0,23.31
27.25,93.75,770.0,13.73
27.25,93.8,462.0,12.82
27.25,93.85,315.0,14.06
27.25,93.9,234.0,2.34
27.25,93.95,119.0,0.35
27.25,94.0,106.0,0.5
27.25,94.05,100.0,0.09
27.25,94.1,92.0,0.83
27.25,94.15,87.0,0.98
27.25,94.2,88.0,0.26
27.25,94.25,90.0,0.18
27.25,94.3,90.0,0.87
27.25,94.35,94.0,0.29
27.25,94.4,91.0,0.24
27.25,94.45,96.0,0.72
27.25,94.5,93.0,0.52
27.25,94.55,93.0,0.2
27.25,94.6,93.0,0.43
27.25,94.65,94.0,0.18
27.25,94.7,96.0,0.41
27.25,94.75,100.0,0.61
27.25,94.8,97.0,0.76
27.25,94.85,106.0,0.67
27.25,94.9,108.0,0.1
27.25,94.95,104.0,0.13
27.25,95.0,107.0,0.11
27.25,95.05,112.0,0.94
27.25,95.1,113.0,0.99
27.25,95.15,112.0,0.1
27.25,95.2,116.0,0.29
27.25,95.25,119.0,0.42
27.25,95.3,119.0,0.56
27.25,95.35,121.0,0.26
27.25,95.4,130.0,0.46
27.25,95.45,162.0,0.64
27.25,95.5,163.0,3.59
27.25,95.55,155.0,1.57
27.25,95.6,227.0,5.7
27.25,95.65,198.0,4.93
27.25,95.7,248.0,10.07
27.25,95.75,395.0,16.93
27.25,95.8,267.0,3.06
27.25,95.85,520.0,14.16
27.25,95.9,335.0,9.98
27.25,95.95,300.0,15.43
27.25,96.0,521.0,12.39
27.25,96.05,625.0,19.19
27.25,96.1,675.0,15.65
27.25,96.15,1037.0,16.52
27.25,96.2,1131.0,5.96
27.25,96.25,938.0,10.45
27.25,96.3,835.0,5.12
27.25,96.35,746.0,9.89
27.25,96.4,965.0,22.83
27.25,96.45,1258.0,10.2
27.3,89.5,3378.0,18.55
27.3,89.55,2250.0,18.72
27.3,89.6,2516.0,24.56
27.3,89.65,3095.0,16.96
27.3,89.7,4057.0,14.74
27.3,89.75,3724.0,24.55
27.3,89.8,3799.0,24.74
27.3,89.85,2436.0,35.62
27.3,89.9,2205.0,21.81
27.3,89.95,1358.0,16.05
27.3,90.0,1242.0,36.23
27.3,90.05,1162.0,37.02
27.3,90.1,1204.0,16.79
27.3,90.15,1996.0,17.5
27.3,90.2,2258.0,33.12
27.3,90.25,2305.0,41.1
27.3,90.3,2252.0,8.86
27.3,90.35,4046.0,28.28
27.3,90.4,4301.0,26.26
27.3,90.45,3368.0,34.15
27.3,90.5,2735.0,25.97
27.3,90.55,2035.0,23.4
27.3,90.6,1151.0,44.06
27.3,90.65,2976.0,35.53
27.3,90.7,3200.0,38.35
27.3,90.75,2703.0,44.57
27.3,90.8,2722.0,25.11
27.3,90.85,3284.0,3.76
27.3,90.9,2470.0,34.01
27.3,90.95,2335.0,38.93
27.3,91.0,3193.0,20.36
27.3,91.05,2610.0,29.46
27.3,91.1,1375.0,32.12
27.3,91.15,1220.0,21.27
27.3,91.2,1107.0,34.76
27.3,91.25,1946.0,29.25
27.3,91.3,2209.0,22.25
27.3,91.35,1609.0,24.49
27.3,91.4,1722.0,33.76
27.3,91.45,1100.0,27.58
27.3,91.5,1169.0,33.61
27.3,91.55,1607.0,36.69
27.3,91.6,2546.0,24.49
27.3,91.65,2456.0,29.48
27.3,91.7,2917.0,20.81
27.3,91.75,3196.0,21.85
27.3,91.8,3537.0,26.14
27.3,91.85,3507.0,12.63
27.3,91.9,3952.0,18.17
27.3,91.95,3910.0,25.61
27.3,92.0,4169.0,16.45
27.3,92.05,4200.0,9.42
27.3,92.1,3034.0,29.62
27.3,92.15,3605.0,20.34
27.3,92.2,2919.0,23.15
27.3,92.25,2496.0,24.97
27.3,92.3,2745.0,22.13
27.3,92.35,2830.0,8.58
27.3,92.4,1876.0,22.62
27.3,92.45,1761.0,18.1
27.3,92.5,1996.0,14.37
27.3,92.55,1105.0,25.84
27.3,92.6,1191.0,27.56
27.3,92.65,897.0,30.39
27.3,92.7,1507.0,20.02
27.3,92.75,678.0,33.58
27.3,92.8,559.0,28.19
27.3,92.85,919.0,20.62
27.3,92.9,667.0,31.58
27.3,92.95,369.0,4.03
27.3,93.0,593.0,20.52
27.3,93.05,1259.0,15.41
27.3,93.1,870.0,15.77
27.3,93.15,905.0,25.52
27.3,93.2,1559.0,21.29
27.3,93.25,1936.0,20.52
27.3,93.3,2018.0,19.05
27.3,93.35,1793.0,11.3
27.3,93.4,2223.0,10.3
27.3,93.45,1775.0,6.05
27.3,93.5,1540.0,15.71
27.3,93.55,1425.0,8.39
27.3,93.6,1890.0,12.3
27.3,93.65,1586.0,14.83
27.3,93.7,1667.0,37.6
27.3,93.75,1798.0,35.55
27.3,93.8,793.0,35.07
27.3,93.85,824.0,35.48
27.3,93.9,596.0,5.95
27.3,93.95,211.0,6.23
27.3,94.0,135.0,3.58
27.3,94.05,102.0,0.63
27.3,94.1,99.0,0.67
27.3,94.15,92.0,0.59
27.3,94.2,93.0,0.72
27.3,94.25,93.0,0.22
27.3,94.3,94.0,0.84
27.3,94.35,92.0,0.78
27.3,94.4,95.0,0.65
27.3,94.45,98.0,0.32
27.3,94.5,97.0,0.55
27.3,94.55,96.0,0.16
27.3,94.6,98.0,0.56
27.3,94.65,99.0,0.65
27.3,94.7,95.0,0.3
27.3,94.75,98.0,0.07
27.3,94.8,99.0,0.17
27.3,94.85,105.0,1.13
27.3,94.9,103.0,0.47
27.3,94.95,108.0,0.55
27.3,95.0,109.0,0.55
27.3,95.05,109.0,0.25
27.3,95.1,116.0,0.19
27.3,95.15,115.0,0.64
27.3,95.2,115.0,0.12
27.3,95.25,117.0,0.14
27.3,95.3,118.0,0.25
27.3,95.35,120.0,0.31
27.3,95.4,123.0,0.37
27.3,95.45,132.0,0.19
27.3,95.5,174.0,1.76
27.3,95.55,148.0,1.55
27.3,95.6,134.0,0.1
27.3,95.65,141.0,0.14
27.3,95.7,139.0,0.59
27.3,95.75,158.0,2.24
27.3,95.8,320.0,3.35
27.3,95.85,384.0,7.85
27.3,95.9,345.0,5.18
27.3,95.95,333.0,15.52
27.3,96.0,422.0,4.17
27.3,96.05,272.0,19.01
27.3,96.1,379.0,4.71
27.3,96.15,261.0,8.95
27.3,96.2,457.0,10.06
27.3,96.25,377.0,8.16
27.3,96.3,791.0,25.5
27.3,96.35,1228.0,16.66
27.3,96.4,1225.0,20.94
27.3,96.45,1361.0,9.8
27.35,89.5,2839.0,26.65
27.35,89.55,2795.0,27.32
27.35,89.6,3021.0,14.02
27.35,89.65,3760.0,18.34
27.35,89.7,3689.0,14.77
27.35,89.75,3408.0,26.5
27.35,89.8,2659.0,34.32
27.35,89.85,2746.0,29.98
27.35,89.9,1531.0,22.88
27.35,89.95,1725.0,25.6
27.35,90.0,2920.0,39.9
27.35,90.05,1641.0,37.35
27.35,90.1,2424.0,38.01
27.35,90.15,2571.0,32.74
27.35,90.2,3632.0,11.7
27.35,90.25,3839.0,19.44
27.35,90.3,3331.0,40.42
27.35,90.35,3780.0,15.28
27.35,90.4,3068.0,33.66
27.35,90.45,2567.0,25.1
27.35,90.5,1688.0,30.91
27.35,90.55,1271.0,12.79
27.35,90.6,1694.0,30.72
27.35,90.65,2434.0,28.73
27.35,90.7,2847.0,36.26
27.35,90.75,4275.0,30.15
27.35,90.8,3286.0,30.3
27.35,90.85,4093.0,12.09
27.35,90.9,2220.0,26.8
27.35,90.95,3395.0,19.32
27.35,91.0,3116.0,13.16
27.35,91.05,3405.0,11.04
27.35,91.1,2815.0,36.84
27.35,91.15,1896.0,12.41
27.35,91.2,1013.0,23.94
27.35,91.25,2645.0,23.06
27.35,91.3,1904.0,34.14
27.35,91.35,1226.0,25.94
27.35,91.4,1545.0,13.4
27.35,91.45,2151.0,20.42
27.35,91.5,1771.0,36.02
27.35,91.55,852.0,36.19
27.35,91.6,964.0,32.8
27.35,91.65,1213.0,25.53
27.35,91.7,1736.0,22.23
27.35,91.75,2491.0,18.34
27.35,91.8,2743.0,23.21
27.35,91.85,3042.0,15.53
27.35,91.9,4158.0,22.63
27.35,91.95,3840.0,27.02
27.35,92.0,4213.0,15.17
27.35,92.05,4043.0,13.0
27.35,92.1,3784.0,21.29
27.35,92.15,3088.0,35.29
27.35,92.2,2839.0,37.51
27.35,92.25,1775.0,25.0
27.35,92.3,2027.0,24.57
27.35,92.35,1831.0,16.32
27.35,92.4,1627.0,29.11
27.35,92.45,1852.0,23.71
27.35,92.5,1707.0,16.82
27.35,92.55,1627.0,39.32
27.35,92.6,1402.0,18.16
27.35,92.65,2201.0,36.36
27.35,92.7,1743.0,25.93
27.35,92.75,977.0,15.16
27.35,92.8,543.0,1.89
27.35,92.85,1301.0,29.79
27.35,92.9,1239.0,30.86
27.35,92.95,1462.0,27.02
27.35,93.0,1085.0,20.0
27.35,93.05,518.0,26.02
27.35,93.1,1628.0,23.38
27.35,93.15,2439.0,8.82
27.35,93.2,1598.0,24.56
27.35,93.25,1998.0,16.64
27.35,93.3,2395.0,6.65
27.35,93.35,2349.0,14.39
27.35,93.4,2292.0,12.61
27.35,93.45,1846.0,13.29
27.35,93.5,1741.0,21.56
27.35,93.55,1640.0,10.99
27.35,93.6,2184.0,18.45
27.35,93.65,1960.0,13.88
27.35,93.7,1435.0,22.6
27.35,93.75,1289.0,19.42
27.35,93.8,653.0,10.16
27.35,93.85,569.0,12.37
27.35,93.9,1192.0,38.01
27.35,93.95,210.0,3.23
27.35,94.0,369.0,14.06
27.35,94.05,187.0,10.86
27.35,94.1,109.0,0.35
27.35,94.15,104.0,0.16
27.35,94.2,97.0,0.29
27.35,94.25,97.0,0.32
27.35,94.3,95.0,0.2
27.35,94.35,98.0,0.61
27.35,94.4,96.0,0.28
27.35,94.45,98.0,0.16
27.35,94.5,95.0,0.88
27.35,94.55,98.0,0.31
27.35,94.6,96.0,0.16
27.35,94.65,101.0,0.28
27.35,94.7,98.0,0.84
27.35,94.75,100.0,0.41
27.35,94.8,99.0,0.1
27.35,94.85,104.0,0.16
27.35,94.9,114.0,1.6
27.35,94.95,106.0,0.16
27.35,95.0,111.0,0.55
27.35,95.05,112.0,0.33
27.35,95.1,114.0,0.34
27.35,95.15,115.0,0.32
27.35,95.2,114.0,0.49
27.35,95.25,120.0,0.6
27.35,95.3,125.0,0.8
27.35,95.35,127.0,0.16
27.35,95.4,124.0,0.16
27.35,95.45,129.0,0.23
27.35,95.5,151.0,0.95
27.35,95.55,192.0,3.23
27.35,95.6,178.0,0.57
27.35,95.65,156.0,0.59
27.35,95.7,144.0,0.61
27.35,95.75,140.0,0.11
27.35,95.8,146.0,1.0
27.35,95.85,156.0,0.57
27.35,95.9,156.0,0.81
27.35,95.95,243.0,3.35
27.35,96.0,220.0,1.14
27.35,96.05,266.0,7.98
27.35,96.1,335.0,12.8
27.35,96.15,412.0,5.68
27.35,96.2,719.0,9.53
27.35,96.25,363.0,9.33
27.35,96.3,660.0,5.71
27.35,96.35,1199.0,14.19
27.35,96.4,1004.0,14.82
27.35,96.45,924.0,12.66
27.4,89.5,2913.0,13.52
27.4,89.55,2995.0,33.33
27.4,89.6,2221.0,12.49
27.4,89.65,2732.0,18.03
27.4,89.7,2943.0,20.2
27.4,89.75,3744.0,6.72
27.4,89.8,2932.0,24.83
27.4,89.85,2728.0,11.3
27.4,89.9,1323.0,26.22
27.4,89.95,2920.0,19.16
27.4,90.0,2863.0,16.01
27.4,90.05,3467.0,33.74
27.4,90.1,2937.0,16.34
27.4,90.15,3645.0,20.5
27.4,90.2,2769.0,7.29
27.4,90.25,3453.0,21.5
27.4,90.3,4064.0,18.26
27.4,90.35,3738.0,32.74
27.4,90.4,3505.0,32.82
27.4,90.45,2329.0,34.32
27.4,90.5,1306.0,25.85
27.4,90.55,2391.0,21.79
27.4,90.6,2191.0,15.49
27.4,90.65,3251.0,40.67
27.4,90.7,4037.0,23.35
27.4,90.75,3843.0,18.39
27.4,90.8,3917.0,16.1
27.4,90.85,3294.0,18.09
27.4,90.9,2529.0,27.61
27.4,90.95,3527.0,21.96
27.4,91.0,3614.0,26.96
27.4,91.05,3628.0,20.11
27.4,91.1,2856.0,18.83
27.4,91.15,1242.0,26.33
27.4,91.2,1202.0,36.04
27.4,91.25,1904.0,35.31
27.4,91.3,2249.0,27.52
27.4,91.35,2178.0,22.08
27.4,91.4,2099.0,26.59
27.4,91.45,3127.0,16.81
27.4,91.5,2049.0,26.96
27.4,91.55,813.0,19.1
27.4,91.6,2549.0,4.68
27.4,91.65,2581.0,20.75
27.4,91.7,1785.0,26.75
27.4,91.75,1783.0,36.07
27.4,91.8,1807.0,16.51
27.4,91.85,2731.0,19.73
27.4,91.9,2749.0,18.91
27.4,91.95,3122.0,17.45
27.4,92.0,4074.0,11.55
27.4,92.05,3788.0,21.68
27.4,92.1,2600.0,26.77
27.4,92.15,2015.0,31.95
27.4,92.2,1689.0,12.07
27.4,92.25,2416.0,25.28
27.4,92.3,1823.0,17.99
27.4,92.35,2622.0,18.06
27.4,92.4,2114.0,10.48
27.4,92.45,2352.0,20.29
27.4,92.5,1500.0,23.25
27.4,92.55,1243.0,12.84
27.4,92.6,2060.0,18.73
27.4,92.65,1972.0,23.21
27.4,92.7,2287.0,11.4
27.4,92.75,1129.0,15.81
27.4,92.8,680.0,6.78
27.4,92.85,740.0,6.82
27.4,92.9,1938.0,21.52
27.4,92.95,1051.0,5.6
27.4,93.0,740.0,15.96
27.4,93.05,712.0,22.0
27.4,93.1,922.0,21.46
27.4,93.15,1331.0,21.6
27.4,93.2,2571.0,13.75
27.4,93.25,2156.0,23.28
27.4,93.3,2660.0,12.32
27.4,93.35,2759.0,14.72
27.4,93.4,2585.0,12.23
27.4,93.45,2110.0,19.25
27.4,93.5,1689.0,16.68
27.4,93.55,1105.0,10.97
27.4,93.6,1668.0,5.08
27.4,93.65,1113.0,19.33
27.4,93.7,975.0,12.37
27.4,93.75,620.0,0.86
27.4,93.8,1483.0,13.53
27.4,93.85,1390.0,39.58
27.4,93.9,720.0,35.66
27.4,93.95,990.0,25.47
27.4,94.0,899.0,37.94
27.4,94.05,361.0,6.42
27.4,94.1,198.0,5.07
27.4,94.15,117.0,1.22
27.4,94.2,95.0,0.2
27.4,94.25,99.0,0.17
27.4,94.3,98.0,0.27
27.4,94.35,96.0,0.87
27.4,94.4,93.0,0.07
27.4,94.45,99.0,0.24
27.4,94.5,94.0,0.27
27.4,94.55,98.0,1.0
27.4,94.6,103.0,0.27
27.4,94.65,100.0,0.0
27.4,94.7,103.0,0.38
27.4,94.75,98.0,0.06
27.4,94.8,103.0,0.11
27.4,94.85,104.0,0.19
27.4,94.9,108.0,0.32
27.4,94.95,105.0,0.17
27.4,95.0,108.0,0.14
27.4,95.05,109.0,0.29
27.4,95.1,111.0,0.12
27.4,95.15,113.0,0.53
27.4,95.2,113.0,0.42
27.4,95.25,114.0,1.1
27.4,95.3,120.0,0.45
27.4,95.35,122.0,0.26
27.4,95.4,129.0,0.11
27.4,95.45,129.0,0.21
27.4,95.5,146.0,0.76
27.4,95.55,135.0,1.09
27.4,95.6,143.0,0.69
27.4,95.65,149.0,1.59
27.4,95.7,196.0,0.49
27.4,95.75,174.0,0.74
27.4,95.8,148.0,1.2
27.4,95.85,158.0,0.53
27.4,95.9,164.0,0.72
27.4,95.95,186.0,2.5
27.4,96.0,209.0,1.28
27.4,96.05,221.0,4.21
27.4,96.1,535.0,10.92
27.4,96.15,212.0,0.39
27.4,96.2,304.0,12.94
27.4,96.25,637.0,13.75
27.4,96.3,1196.0,26.21
27.4,96.35,1334.0,16.52
27.4,96.4,1518.0,9.77
27.4,96.45,1263.0,19.16
27.45,89.5,3145.0,18.13
27.45,89.55,3316.0,23.53
27.45,89.6,3468.0,16.22
27.45,89.65,2374.0,16.12
27.45,89.7,2647.0,26.62
27.45,89.75,3464.0,21.28
27.45,89.8,2367.0,16.62
27.45,89.85,1658.0,17.42
27.45,89.9,1414.0,19.2
27.45,89.95,2856.0,33.56
27.45,90.0,2689.0,8.04
27.45,90.05,3176.0,11.23
27.45,90.1,3443.0,21.59
27.45,90.15,3387.0,23.26
27.45,90.2,3189.0,23.14
27.45,90.25,3214.0,6.9
27.45,90.3,3612.0,17.94
27.45,90.35,2540.0,19.38
27.45,90.4,2358.0,19.11
27.45,90.45,2183.0,19.33
27.45,90.5,2595.0,32.13
27.45,90.55,3193.0,19.37
27.45,90.6,3640.0,28.92
27.45,90.65,3799.0,24.6
27.45,90.7,3429.0,12.72
27.45,90.75,3417.0,25.77
27.45,90.8,2784.0,18.21
27.45,90.85,2755.0,23.59
27.45,90.9,3112.0,23.04
27.45,90.95,3972.0,10.46
27.45,91.0,3549.0,38.23
27.45,91.05,2307.0,45.82
27.45,91.1,1525.0,27.76
27.45,91.15,1778.0,36.89
27.45,91.2,2280.0,36.71
27.45,91.25,2671.0,32.85
27.45,91.3,3137.0,15.42
27.45,91.35,2401.0,24.49
27.45,91.4,2737.0,19.48
27.45,91.45,3309.0,31.33
27.45,91.5,2542.0,16.29
27.45,91.55,1290.0,25.21
27.45,91.6,1138.0,32.54
27.45,91.65,2309.0,19.26
27.45,91.7,2660.0,12.81
27.45,91.75,3336.0,33.11
27.45,91.8,2611.0,26.24
27.45,91.85,3070.0,26.92
27.45,91.9,3642.0,19.27
27.45,91.95,3738.0,12.65
27.45,92.0,3826.0,34.08
27.45,92.05,3764.0,27.64
27.45,92.1,2450.0,19.84
27.45,92.15,3239.0,31.88
27.45,92.2,2039.0,22.6
27.45,92.25,2835.0,13.85
27.45,92.3,2211.0,33.48
27.45,92.35,2470.0,18.28
27.45,92.4,2522.0,10.33
27.45,92.45,1538.0,19.04
27.45,92.5,1514.0,26.88
27.45,92.55,1999.0,21.86
27.45,92.6,2576.0,23.42
27.45,92.65,2116.0,34.38
27.45,92.7,2509.0,10.57
27.45,92.75,1635.0,30.47
27.45,92.8,831.0,7.0
27.45,92.85,1754.0,24.95
27.45,92.9,1658.0,25.07
27.45,92.95,2113.0,24.96
27.45,93.0,936.0,22.67
27.45,93.05,1281.0,19.18
27.45,93.1,634.0,7.11
27.45,93.15,1593.0,22.35
27.45,93.2,1963.0,34.9
27.45,93.25,2238.0,18.02
27.45,93.3,2705.0,26.83
27.45,93.35,3142.0,12.84
27.45,93.4,2974.0,7.36
27.45,93.45,1946.0,23.67
27.45,93.5,1664.0,5.38
27.45,93.55,1756.0,11.94
27.45,93.6,958.0,9.85
27.45,93.65,945.0,7.29
27.45,93.7,805.0,4.19
27.45,93.75,1109.0,1.97
27.45,93.8,1082.0,18.53
27.45,93.85,1704.0,11.28
27.45,93.9,2088.0,43.62
27.45,93.95,1358.0,32.66
27.45,94.0,1147.0,2.86
27.45,94.05,956.0,20.0
27.45,94.1,392.0,10.18
27.45,94.15,236.0,4.52
27.45,94.2,159.0,3.01
27.45,94.25,105.0,1.1
27.45,94.3,101.0,0.3
27.45,94.35,98.0,0.29
27.45,94.4,98.0,0.3
27.45,94.45,101.0,0.26
27.45,94.5,102.0,0.29
27.45,94.55,99.0,0.73
27.45,94.6,99.0,0.43
27.45,94.65,97.0,0.69
27.45,94.7,100.0,0.42
27.45,94.75,101.0,0.69
27.45,94.8,99.0,0.0
27.45,94.85,106.0,0.4
27.45,94.9,106.0,0.09
27.45,94.95,109.0,0.2
27.45,95.0,109.0,0.64
27.45,95.05,110.0,0.46
27.45,95.1,114.0,0.16
27.45,95.15,112.0,0.32
27.45,95.2,113.0,0.26
27.45,95.25,122.0,0.39
27.45,95.3,125.0,0.42
27.45,95.35,124.0,0.13
27.45,95.4,126.0,0.23
27.45,95.45,130.0,0.24
27.45,95.5,132.0,0.19
27.45,95.55,146.0,0.79
27.45,95.6,142.0,0.12
27.45,95.65,161.0,0.22
27.45,95.7,151.0,0.28
27.45,95.75,148.0,0.5
27.45,95.8,162.0,0.99
27.45,95.85,157.0,0.3
27.45,95.9,156.0,0.7
27.45,95.95,165.0,0.56
27.45,96.0,171.0,0.07
27.45,96.05,189.0,0.14
27.45,96.1,198.0,0.54
27.45,96.15,215.0,0.63
27.45,96.2,352.0,6.94
27.45,96.25,1100.0,23.25
27.45,96.3,923.0,20.65
27.45,96.35,1149.0,23.28
27.45,96.4,847.0,22.47
27.45,96.45,811.0,28.83
27.5,89.5,3657.0,22.02
27.5,89.55,4241.0,3.97
27.5,89.6,2739.0,13.83
27.5,89.65,2748.0,17.99
27.5,89.7,3641.0,30.36
27.5,89.75,2776.0,12.34
27.5,89.8,2345.0,3.66
27.5,89.85,1748.0,14.62
27.5,89.9,1278.0,20.54
27.5,89.95,1386.0,26.04
27.5,90.0,1626.0,25.37
27.5,90.05,1718.0,19.12
27.5,90.1,2805.0,30.76
27.5,90.15,3289.0,26.7
27.5,90.2,3305.0,13.82
27.5,90.25,3380.0,18.87
27.5,90.3,2697.0,6.58
27.5,90.35,2887.0,16.48
27.5,90.4,3333.0,37.92
27.5,90.45,2535.0,22.09
27.5,90.5,1816.0,3.33
27.5,90.55,2509.0,9.49
27.5,90.6,3471.0,7.55
27.5,90.65,2938.0,12.14
27.5,90.7,2900.0,3.48
27.5,90.75,2737.0,17.5
27.5,90.8,2680.0,7.78
27.5,90.85,3171.0,15.97
27.5,90.9,3350.0,9.28
27.5,90.95,3500.0,13.93
27.5,91.0,4016.0,10.86
27.5,91.05,3007.0,20.9
27.5,91.1,2433.0,31.78
27.5,91.15,1635.0,30.95
27.5,91.2,1991.0,24.56
27.5,91.25,2838.0,25.54
27.5,91.3,3038.0,13.21
27.5,91.35,2720.0,20.41
27.5,91.4,3117.0,15.85
27.5,91.45,2700.0,11.93
27.5,91.5,2100.0,26.79
27.5,91.55,1969.0,21.26
27.5,91.6,1725.0,36.24
27.5,91.65,1725.0,31.49
27.5,91.7,1183.0,28.04
27.5,91.75,2065.0,29.41
27.5,91.8,2621.0,34.23
27.5,91.85,3734.0,24.61
27.5,91.9,3451.0,34.41
27.5,91.95,2929.0,25.7
27.5,92.0,4056.0,25.15
27.5,92.05,4147.0,30.78
27.5,92.1,4192.0,36.83
27.5,92.15,4135.0,26.47
27.5,92.2,2542.0,19.62
27.5,92.25,2829.0,32.59
27.5,92.3,2931.0,34.4
27.5,92.35,3303.0,26.39
27.5,92.4,2752.0,25.86
27.5,92.45,2980.0,26.2
27.5,92.5,2260.0,20.57
27.5,92.55,2137.0,24.59
27.5,92.6,2576.0,27.84
27.5,92.65,3115.0,23.06
27.5,92.7,2032.0,24.94
27.5,92.75,1807.0,25.27
27.5,92.8,1056.0,15.13
27.5,92.85,1511.0,13.55
27.5,92.9,1030.0,16.88
27.5,92.95,1026.0,13.77
27.5,93.0,789.0,16.51
27.5,93.05,991.0,20.87
27.5,93.1,1320.0,26.65
27.5,93.15,1734.0,18.81
27.5,93.2,2456.0,19.94
27.5,93.25,2244.0,28.34
27.5,93.3,2954.0,30.13
27.5,93.35,3006.0,9.74
27.5,93.4,1937.0,7.24
27.5,93.45,1759.0,24.44
27.5,93.5,1675.0,13.6
27.5,93.55,1364.0,19.32
27.5,93.6,1355.0,8.07
27.5,93.65,905.0,12.48
27.5,93.7,1416.0,10.95
27.5,93.75,1173.0,3.85
27.5,93.8,1605.0,19.53
27.5,93.85,1733.0,13.08
27.5,93.9,2119.0,12.24
27.5,93.95,2587.0,17.9
27.5,94.0,1822.0,28.2
27.5,94.05,1431.0,25.98
27.5,94.1,1037.0,15.88
27.5,94.15,395.0,21.9
27.5,94.2,164.0,2.18
27.5,94.25,116.0,0.43
27.5,94.3,108.0,0.57
27.5,94.35,103.0,0.31
27.5,94.4,104.0,0.65
27.5,94.45,113.0,0.49
27.5,94.5,108.0,0.11
27.5,94.55,104.0,0.17
27.5,94.6,102.0,0.16
27.5,94.65,102.0,0.13
27.5,94.7,101.0,0.14
27.5,94.75,104.0,0.23
27.5,94.8,109.0,1.03
27.5,94.85,102.0,0.0
27.5,94.9,103.0,0.77
27.5,94.95,109.0,0.23
27.5,95.0,114.0,0.45
27.5,95.05,113.0,0.19
27.5,95.1,115.0,0.38
27.5,95.15,117.0,0.63
27.5,95.2,117.0,0.41
27.5,95.25,119.0,0.08
27.5,95.3,120.0,0.15
27.5,95.35,123.0,0.06
27.5,95.4,123.0,0.39
27.5,95.45,129.0,0.16
27.5,95.5,132.0,0.65
27.5,95.55,134.0,0.17
27.5,95.6,137.0,0.19
27.5,95.65,153.0,0.68
27.5,95.7,148.0,1.01
27.5,95.75,155.0,0.77
27.5,95.8,150.0,0.44
27.5,95.85,152.0,0.97
27.5,95.9,163.0,0.79
27.5,95.95,164.0,0.32
27.5,96.0,171.0,0.51
27.5,96.05,186.0,0.04
27.5,96.1,199.0,0.34
27.5,96.15,216.0,0.79
27.5,96.2,245.0,0.37
27.5,96.25,262.0,5.22
27.5,96.3,465.0,9.74
27.5,96.35,340.0,6.76
27.5,96.4,517.0,10.25
27.5,96.45,572.0,16.58
27.55,89.5,4034.0,27.61
27.55,89.55,3984.0,18.16
27.55,89.6,3390.0,33.82
27.55,89.65,2638.0,21.88
27.55,89.7,3279.0,26.67
27.55,89.75,2354.0,18.38
27.55,89.8,2141.0,19.13
27.55,89.85,1769.0,16.24
27.55,89.9,1965.0,10.88
27.55,89.95,2548.0,34.02
27.55,90.0,2151.0,29.15
27.55,90.05,2356.0,20.73
27.55,90.1,2180.0,34.13
27.55,90.15,2537.0,26.1
27.55,90.2,3199.0,30.26
27.55,90.25,3464.0,15.5
27.55,90.3,2903.0,27.7
27.55,90.35,3424.0,17.04
27.55,90.4,2925.0,17.34
27.55,90.45,2228.0,26.91
27.55,90.5,2938.0,32.49
27.55,90.55,3486.0,31.62
27.55,90.6,3389.0,6.81
27.55,90.65,3327.0,14.1
27.55,90.7,3493.0,20.27
27.55,90.75,2593.0,3.33
27.55,90.8,2850.0,18.52
27.55,90.85,2855.0,11.36
27.55,90.9,3180.0,14.79
27.55,90.95,3505.0,15.34
27.55,91.0,3389.0,24.82
27.55,91.05,3021.0,38.98
27.55,91.1,1795.0,30.73
27.55,91.15,2625.0,31.37
27.55,91.2,1277.0,36.91
27.55,91.25,1876.0,23.45
27.55,91.3,3330.0,23.86
27.55,91.35,2923.0,5.92
27.55,91.4,2994.0,23.64
27.55,91.45,2994.0,34.84
27.55,91.5,2055.0,26.74
27.55,91.55,2607.0,25.75
27.55,91.6,3033.0,21.57
27.55,91.65,2621.0,37.12
27.55,91.7,1824.0,26.55
27.55,91.75,2547.0,33.52
27.55,91.8,2388.0,27.74
27.55,91.85,1851.0,30.37
27.55,91.9,1836.0,18.53
27.55,91.95,2784.0,31.64
27.55,92.0,3694.0,23.4
27.55,92.05,3909.0,24.15
27.55,92.1,4382.0,29.95
27.55,92.15,4765.0,24.24
27.55,92.2,3956.0,33.41
27.55,92.25,4246.0,14.47
27.55,92.3,2979.0,33.68
27.55,92.35,3445.0,27.01
27.55,92.4,3466.0,8.1
27.55,92.45,3377.0,16.91
27.55,92.5,1956.0,27.14
27.55,92.55,2751.0,29.07
27.55,92.6,2815.0,28.69
27.55,92.65,2622.0,22.38
27.55,92.7,1730.0,24.09
27.55,92.75,1451.0,32.16
27.55,92.8,800.0,19.38
27.55,92.85,973.0,25.9
27.55,92.9,1071.0,21.43
27.55,92.95,1168.0,27.17
27.55,93.0,1327.0,18.03
27.55,93.05,1708.0,30.43
27.55,93.1,945.0,18.66
27.55,93.15,1074.0,15.06
27.55,93.2,1288.0,5.83
27.55,93.25,1666.0,7.81
27.55,93.3,2520.0,26.66
27.55,93.35,3378.0,26.39
27.55,93.4,2230.0,26.36
27.55,93.45,1832.0,20.22
27.55,93.5,1687.0,23.7
27.55,93.55,2196.0,21.6
27.55,93.6,1618.0,11.79
27.55,93.65,1153.0,11.98
27.55,93.7,1669.0,12.3
27.55,93.75,1577.0,14.59
27.55,93.8,1598.0,5.12
27.55,93.85,1591.0,2.97
27.55,93.9,1894.0,4.45
27.55,93.95,2484.0,10.38
27.55,94.0,2506.0,10.1
27.55,94.05,2477.0,25.72
27.55,94.1,1228.0,27.69
27.55,94.15,688.0,19.51
27.55,94.2,596.0,13.87
27.55,94.25,567.0,14.19
27.55,94.3,134.0,1.26
27.55,94.35,145.0,7.93
27.55,94.4,128.0,0.5
27.55,94.45,128.0,1.23
27.55,94.5,120.0,0.32
27.55,94.55,114.0,0.58
27.55,94.6,108.0,0.25
27.55,94.65,107.0,0.86
27.55,94.7,116.0,1.41
27.55,94.75,104.0,0.12
27.55,94.8,105.0,0.13
27.55,94.85,106.0,0.15
27.55,94.9,102.0,0.0
27.55,94.95,109.0,0.48
27.55,95.0,105.0,0.0
27.55,95.05,107.0,0.89
27.55,95.1,105.0,0.45
27.55,95.15,114.0,0.16
27.55,95.2,119.0,0.07
27.55,95.25,119.0,0.31
27.55,95.3,123.0,0.33
27.55,95.35,123.0,0.57
27.55,95.4,126.0,0.71
27.55,95.45,118.0,0.2
27.55,95.5,125.0,0.42
27.55,95.55,122.0,1.25
27.55,95.6,135.0,0.08
27.55,95.65,138.0,0.17
27.55,95.7,144.0,0.55
27.55,95.75,145.0,0.22
27.55,95.8,152.0,0.12
27.55,95.85,152.0,0.14
27.55,95.9,155.0,0.35
27.55,95.95,156.0,1.66
27.55,96.0,169.0,0.34
27.55,96.05,176.0,0.06
27.55,96.1,224.0,1.75
27.55,96.15,361.0,12.46
27.55,96.2,420.0,12.23
27.55,96.25,706.0,11.01
27.55,96.3,539.0,4.62
27.55,96.35,490.0,14.09
27.55,96.4,496.0,3.49
27.55,96.45,762.0,9.03
27.6,89.5,3971.0,25.27
27.6,89.55,3816.0,28.61
27.6,89.6,3364.0,29.49
27.6,89.65,3505.0,29.32
27.6,89.7,2824.0,19.5
27.6,89.75,2109.0,28.92
27.6,89.8,2058.0,22.38
27.6,89.85,1251.0,10.6
27.6,89.9,1617.0,21.67
27.6,89.95,2066.0,24.5
27.6,90.0,3425.0,20.38
27.6,90.05,2538.0,30.11
27.6,90.1,3300.0,24.95
27.6,90.15,3343.0,28.57
27.6,90.2,2682.0,21.87
27.6,90.25,3827.0,17.17
27.6,90.3,3161.0,8.64
27.6,90.35,3143.0,24.57
27.6,90.4,2662.0,22.53
27.6,90.45,2883.0,20.61
27.6,90.5,2130.0,10.29
27.6,90.55,3661.0,31.27
27.6,90.6,3530.0,18.8
27.6,90.65,2981.0,6.59
27.6,90.7,2823.0,15.52
27.6,90.75,3048.0,25.49
27.6,90.8,3778.0,18.23
27.6,90.85,3497.0,29.52
27.6,90.9,2983.0,11.47
27.6,90.95,3751.0,10.42
27.6,91.0,3099.0,35.13
27.6,91.05,2385.0,33.2
27.6,91.1,2861.0,22.04
27.6,91.15,2365.0,15.81
27.6,91.2,1498.0,16.03
27.6,91.25,1983.0,21.24
27.6,91.3,2822.0,28.22
27.6,91.35,3635.0,21.58
27.6,91.4,2979.0,17.12
27.6,91.45,2942.0,30.69
27.6,91.5,1857.0,5.82
27.6,91.55,2783.0,31.57
27.6,91.6,3391.0,18.67
27.6,91.65,1888.0,28.0
27.6,91.7,1939.0,38.62
27.6,91.75,3544.0,38.91
27.6,91.8,3425.0,38.52
27.6,91.85,3124.0,30.31
27.6,91.9,2605.0,23.36
27.6,91.95,3393.0,17.65
27.6,92.0,2737.0,23.0
27.6,92.05,3622.0,18.77
27.6,92.1,4412.0,7.37
27.6,92.15,3970.0,21.02
27.6,92.2,4558.0,25.78
27.6,92.25,4068.0,8.68
27.6,92.3,3291.0,30.14
27.6,92.35,4476.0,7.21
27.6,92.4,4392.0,15.74
27.6,92.45,3901.0,28.09
27.6,92.5,2386.0,5.73
27.6,92.55,3816.0,26.31
27.6,92.6,2943.0,8.09
27.6,92.65,2396.0,34.79
27.6,92.7,2111.0,19.24
27.6,92.75,1288.0,29.99
27.6,92.8,2099.0,13.49
27.6,92.85,1811.0,20.52
27.6,92.9,1265.0,30.6
27.6,92.95,1247.0,21.27
27.6,93.0,998.0,27.17
27.6,93.05,1129.0,20.4
27.6,93.1,1715.0,15.04
27.6,93.15,1916.0,16.99
27.6,93.2,2542.0,24.43
27.6,93.25,3116.0,36.48
27.6,93.3,3318.0,7.23
27.6,93.35,2565.0,30.33
27.6,93.4,2204.0,27.8
27.6,93.45,2516.0,38.63
27.6,93.5,2274.0,13.9
27.6,93.55,2369.0,11.13
27.6,93.6,1805.0,13.1
27.6,93.65,1316.0,5.09
27.6,93.7,1494.0,21.5
27.6,93.75,2179.0,19.42
27.6,93.8,1779.0,14.83
27.6,93.85,1601.0,8.28
27.6,93.9,2182.0,21.2
27.6,93.95,2709.0,12.31
27.6,94.0,2253.0,24.35
27.6,94.05,2218.0,21.69
27.6,94.1,1861.0,36.17
27.6,94.15,929.0,34.93
27.6,94.2,321.0,12.23
27.6,94.25,688.0,23.36
27.6,94.3,723.0,26.36
27.6,94.35,689.0,12.39
27.6,94.4,556.0,27.37
27.6,94.45,720.0,15.74
27.6,94.5,540.0,22.5
27.6,94.55,140.0,9.59
27.6,94.6,120.0,0.54
27.6,94.65,115.0,0.16
27.6,94.7,116.0,0.2
27.6,94.75,121.0,0.45
27.6,94.8,106.0,0.21
27.6,94.85,111.0,0.28
27.6,94.9,109.0,0.07
27.6,94.95,109.0,0.1
27.6,95.0,111.0,0.34
27.6,95.05,112.0,0.43
27.6,95.1,114.0,0.27
27.6,95.15,107.0,0.0
27.6,95.2,115.0,0.2
27.6,95.25,117.0,0.13
27.6,95.3,113.0,0.55
27.6,95.35,117.0,0.17
27.6,95.4,123.0,0.32
27.6,95.45,128.0,0.6
27.6,95.5,129.0,0.92
27.6,95.55,132.0,0.16
27.6,95.6,135.0,0.12
27.6,95.65,141.0,0.21
27.6,95.7,156.0,0.46
27.6,95.75,144.0,0.15
27.6,95.8,149.0,0.2
27.6,95.85,146.0,0.18
27.6,95.9,156.0,0.47
27.6,95.95,156.0,0.58
27.6,96.0,161.0,0.27
27.6,96.05,244.0,3.59
27.6,96.1,348.0,5.54
27.6,96.15,525.0,7.93
27.6,96.2,652.0,7.09
27.6,96.25,498.0,3.39
27.6,96.3,459.0,3.57
27.6,96.35,733.0,8.58
27.6,96.4,664.0,14.52
27.6,96.45,1515.0,25.44
27.65,89.5,4697.0,36.25
27.65,89.55,4871.0,28.05
27.65,89.6,4266.0,32.66
27.65,89.65,3780.0,18.19
27.65,89.7,2290.0,28.14
27.65,89.75,1866.0,19.94
27.65,89.8,1680.0,29.81
27.65,89.85,1812.0,28.19
27.65,89.9,1628.0,23.75
27.65,89.95,2430.0,11.99
27.65,90.0,2644.0,21.5
27.65,90.05,4011.0,21.1
27.65,90.1,3765.0,27.43
27.65,90.15,3143.0,33.62
27.65,90.2,2596.0,31.99
27.65,90.25,4138.0,37.5
27.65,90.3,3924.0,37.81
27.65,90.35,4091.0,11.93
27.65,90.4,3574.0,30.59
27.65,90.45,3107.0,27.51
27.65,90.5,2765.0,23.25
27.65,90.55,4108.0,29.1
27.65,90.6,3613.0,25.08
27.65,90.65,3176.0,17.96
27.65,90.7,3781.0,16.3
27.65,90.75,2776.0,10.15
27.65,90.8,3828.0,25.45
27.65,90.85,3330.0,23.15
27.65,90.9,2823.0,7.77
27.65,90.95,4003.0,12.84
27.65,91.0,4000.0,13.41
27.65,91.05,3092.0,30.33
27.65,91.1,2603.0,20.16
27.65,91.15,2156.0,23.15
27.65,91.2,1919.0,31.42
27.65,91.25,2802.0,8.53
27.65,91.3,2399.0,28.36
27.65,91.35,3817.0,20.42
27.65,91.4,2646.0,19.42
27.65,91.45,2226.0,23.97
27.65,91.5,2046.0,24.89
27.65,91.55,3231.0,23.34
27.65,91.6,2959.0,33.52
27.65,91.65,3511.0,31.45
27.65,91.7,2795.0,28.32
27.65,91.75,3002.0,37.34
27.65,91.8,4298.0,18.99
27.65,91.85,3879.0,12.41
27.65,91.9,4084.0,27.24
27.65,91.95,3973.0,10.23
27.65,92.0,3201.0,33.69
27.65,92.05,3943.0,31.14
27.65,92.1,2995.0,27.95
27.65,92.15,3985.0,35.32
27.65,92.2,4492.0,13.15
27.65,92.25,4609.0,14.76
27.65,92.3,4420.0,23.44
27.65,92.35,4553.0,21.0
27.65,92.4,4633.0,10.47
27.65,92.45,3723.0,29.03
27.65,92.5,3500.0,38.11
27.65,92.55,2878.0,41.66
27.65,92.6,1803.0,6.07
27.65,92.65,1723.0,18.09
27.65,92.7,1122.0,11.36
27.65,92.75,1809.0,24.19
27.65,92.8,2381.0,19.45
27.65,92.85,1738.0,28.17
27.65,92.9,1486.0,11.98
27.65,92.95,1853.0,17.02
27.65,93.0,1012.0,20.62
27.65,93.05,750.0,26.49
27.65,93.1,1098.0,24.5
27.65,93.15,1767.0,18.82
27.65,93.2,2160.0,24.87
27.65,93.25,2228.0,18.36
27.65,93.3,2517.0,30.5
27.65,93.35,2376.0,13.05
27.65,93.4,2612.0,21.97
27.65,93.45,2130.0,14.03
27.65,93.5,2148.0,27.46
27.65,93.55,2092.0,22.77
27.65,93.6,1270.0,24.11
27.65,93.65,1843.0,21.54
27.65,93.7,1546.0,13.77
27.65,93.75,1702.0,12.55
27.65,93.8,1396.0,14.37
27.65,93.85,1814.0,10.07
27.65,93.9,1675.0,15.24
27.65,93.95,1489.0,17.64
27.65,94.0,1289.0,5.25
27.65,94.05,2115.0,20.39
27.65,94.1,2059.0,15.16
27.65,94.15,1514.0,28.52
27.65,94.2,1299.0,30.29
27.65,94.25,257.0,27.61
27.65,94.3,664.0,17.91
27.65,94.35,409.0,15.38
27.65,94.4,630.0,16.51
27.65,94.45,312.0,14.71
27.65,94.5,322.0,8.47
27.65,94.55,443.0,15.89
27.65,94.6,527.0,21.84
27.65,94.65,266.0,10.39
27.65,94.7,140.0,0.43
27.65,94.75,123.0,0.65
27.65,94.8,119.0,0.07
27.65,94.85,117.0,0.21
27.65,94.9,108.0,0.05
27.65,94.95,108.0,0.18
27.65,95.0,110.0,0.44
27.65,95.05,112.0,0.27
27.65,95.1,114.0,0.1
27.65,95.15,107.0,0.84
27.65,95.2,107.0,0.86
27.65,95.25,121.0,0.2
27.65,95.3,120.0,0.71
27.65,95.35,120.0,0.92
27.65,95.4,124.0,0.12
27.65,95.45,127.0,1.21
27.65,95.5,127.0,0.89
27.65,95.55,129.0,0.19
27.65,95.6,135.0,0.19
27.65,95.65,133.0,0.71
27.65,95.7,135.0,0.09
27.65,95.75,139.0,0.58
27.65,95.8,143.0,0.11
27.65,95.85,144.0,0.32
27.65,95.9,160.0,0.79
27.65,95.95,161.0,1.25
27.65,96.0,320.0,2.59
27.65,96.05,334.0,4.52
27.65,96.1,443.0,5.37
27.65,96.15,405.0,12.63
27.65,96.2,373.0,1.35
27.65,96.25,316.0,1.02
27.65,96.3,415.0,3.75
27.65,96.35,1343.0,30.1
27.65,96.4,2435.0,26.4
27.65,96.45,2285.0,31.33
27.7,89.5,4413.0,22.23
27.7,89.55,3678.0,21.76
27.7,89.6,4054.0,12.89
27.7,89.65,4146.0,18.43
27.7,89.7,2589.0,27.04
27.7,89.75,2181.0,17.44
27.7,89.8,2489.0,17.36
27.7,89.85,2800.0,27.67
27.7,89.9,1644.0,21.07
27.7,89.95,2065.0,24.68
27.7,90.0,2475.0,30.01
27.7,90.05,3764.0,22.09
27.7,90.1,4039.0,26.68
27.7,90.15,4203.0,19.07
27.7,90.2,3102.0,34.49
27.7,90.25,3576.0,15.56
27.7,90.3,4727.0,19.68
27.7,90.35,4682.0,20.4
27.7,90.4,4382.0,29.31
27.7,90.45,3469.0,34.51
27.7,90.5,3220.0,31.22
27.7,90.55,4251.0,28.3
27.7,90.6,3716.0,22.66
27.7,90.65,3607.0,31.35
27.7,90.7,3908.0,35.22
27.7,90.75,3312.0,24.34
27.7,90.8,4121.0,24.09
27.7,90.85,3686.0,32.63
27.7,90.9,3675.0,22.57
27.7,90.95,3933.0,26.59
27.7,91.0,3714.0,44.46
27.7,91.05,3541.0,39.98
27.7,91.1,2185.0,44.51
27.7,91.15,1899.0,21.92
27.7,91.2,2221.0,29.55
27.7,91.25,2184.0,28.78
27.7,91.3,2062.0,10.07
27.7,91.35,3428.0,21.53
27.7,91.4,2504.0,21.05
27.7,91.45,2405.0,18.0
27.7,91.5,3275.0,18.29
27.7,91.55,2520.0,16.79
27.7,91.6,4037.0,20.08
27.7,91.65,4014.0,25.63
27.7,91.7,2894.0,28.34
27.7,91.75,3394.0,0.88
27.7,91.8,4141.0,21.78
27.7,91.85,4227.0,9.56
27.7,91.9,4069.0,15.16
27.7,91.95,4380.0,10.48
27.7,92.0,4333.0,9.23
27.7,92.05,4016.0,35.56
27.7,92.1,4628.0,27.48
27.7,92.15,4011.0,30.4
27.7,92.2,4357.0,41.15
27.7,92.25,3957.0,38.85
27.7,92.3,4859.0,13.43
27.7,92.35,4988.0,13.92
27.7,92.4,4953.0,22.25
27.7,92.45,4752.0,30.92
27.7,92.5,4478.0,29.33
27.7,92.55,2962.0,32.97
27.7,92.6,2775.0,32.77
27.7,92.65,1869.0,25.63
27.7,92.7,1350.0,33.82
27.7,92.75,2451.0,29.99
27.7,92.8,2446.0,12.67
27.7,92.85,3246.0,15.04
27.7,92.9,3005.0,5.45
27.7,92.95,2406.0,30.4
27.7,93.0,1587.0,17.68
27.7,93.05,1250.0,29.16
27.7,93.1,1290.0,34.99
27.7,93.15,1080.0,9.44
27.7,93.2,2263.0,30.98
27.7,93.25,2039.0,15.48
27.7,93.3,1969.0,21.32
27.7,93.35,1822.0,18.24
27.7,93.4,1761.0,26.48
27.7,93.45,1885.0,19.35
27.7,93.5,1313.0,12.63
27.7,93.55,1875.0,17.25
27.7,93.6,1375.0,18.6
27.7,93.65,1111.0,4.53
27.7,93.7,1239.0,9.74
27.7,93.75,2181.0,18.85
27.7,93.8,1786.0,11.52
27.7,93.85,1432.0,18.97
27.7,93.9,986.0,29.26
27.7,93.95,853.0,22.35
27.7,94.0,1205.0,36.64
27.7,94.05,1500.0,7.77
27.7,94.1,1853.0,24.4
27.7,94.15,1348.0,33.51
27.7,94.2,1238.0,27.85
27.7,94.25,1095.0,29.21
27.7,94.3,514.0,11.27
27.7,94.35,615.0,26.32
27.7,94.4,1114.0,25.15
27.7,94.45,940.0,14.35
27.7,94.5,644.0,6.51
27.7,94.55,729.0,10.82
27.7,94.6,544.0,30.14
27.7,94.65,288.0,8.09
27.7,94.7,455.0,19.62
27.7,94.75,520.0,21.31
27.7,94.8,151.0,7.52
27.7,94.85,125.0,0.68
27.7,94.9,117.0,0.47
27.7,94.95,112.0,0.96
27.7,95.0,109.0,0.1
27.7,95.05,110.0,0.19
27.7,95.1,113.0,0.14
27.7,95.15,113.0,0.16
27.7,95.2,117.0,0.22
27.7,95.25,112.0,0.0
27.7,95.3,117.0,0.28
27.7,95.35,124.0,0.51
27.7,95.4,119.0,0.12
27.7,95.45,123.0,0.44
27.7,95.5,116.0,0.06
27.7,95.55,125.0,0.42
27.7,95.6,133.0,0.29
27.7,95.65,134.0,0.33
27.7,95.7,131.0,0.43
27.7,95.75,138.0,0.52
27.7,95.8,140.0,0.33
27.7,95.85,148.0,0.18
27.7,95.9,146.0,0.59
27.7,95.95,187.0,2.09
27.7,96.0,251.0,1.25
27.7,96.05,238.0,1.63
27.7,96.1,261.0,1.67
27.7,96.15,250.0,0.95
27.7,96.2,242.0,1.75
27.7,96.25,293.0,1.03
27.7,96.3,389.0,1.62
27.7,96.35,1002.0,12.69
27.7,96.4,1483.0,33.21
27.7,96.45,1190.0,8.2
27.75,89.5,4315.0,29.04
27.75,89.55,4741.0,26.5
27.75,89.6,4666.0,34.07
27.75,89.65,3910.0,41.4
27.75,89.7,2624.0,16.63
27.75,89.75,2212.0,21.15
27.75,89.8,3281.0,18.83
27.75,89.85,3256.0,34.02
27.75,89.9,3460.0,39.02
27.75,89.95,2523.0,16.55
27.75,90.0,2454.0,42.31
27.75,90.05,3150.0,37.52
27.75,90.1,4022.0,19.45
27.75,90.15,4047.0,37.99
27.75,90.2,4465.0,25.69
27.75,90.25,3863.0,24.71
27.75,90.3,4598.0,12.03
27.75,90.35,4629.0,22.31
27.75,90.4,4562.0,26.42
27.75,90.45,4177.0,15.96
27.75,90.5,3067.0,41.67
27.75,90.55,4264.0,10.27
27.75,90.6,4155.0,15.78
27.75,90.65,4291.0,37.57
27.75,90.7,4146.0,28.98
27.75,90.75,4151.0,25.42
27.75,90.8,4516.0,32.65
27.75,90.85,3893.0,33.93
27.75,90.9,4047.0,32.87
27.75,90.95,3731.0,26.31
27.75,91.0,2501.0,17.52
27.75,91.05,2239.0,28.54
27.75,91.1,1629.0,22.08
27.75,91.15,1765.0,18.67
27.75,91.2,2393.0,8.96
27.75,91.25,3110.0,36.08
27.75,91.3,2927.0,26.66
27.75,91.35,4117.0,26.71
27.75,91.4,3155.0,27.47
27.75,91.45,2836.0,25.79
27.75,91.5,4172.0,1.14
27.75,91.55,4586.0,27.33
27.75,91.6,3746.0,23.23
27.75,91.65,4181.0,30.08
27.75,91.7,2778.0,29.66
27.75,91.75,4012.0,19.11
27.75,91.8,4716.0,21.53
27.75,91.85,4365.0,28.43
27.75,91.9,4362.0,23.46
27.75,91.95,4746.0,19.74
27.75,92.0,4264.0,20.95
27.75,92.05,4150.0,28.42
27.75,92.1,4821.0,37.55
27.75,92.15,4725.0,25.32
27.75,92.2,4745.0,30.1
27.75,92.25,4978.0,21.01
27.75,92.3,4263.0,13.64
27.75,92.35,5028.0,23.01
27.75,92.4,5227.0,18.39
27.75,92.45,5166.0,26.34
27.75,92.5,3553.0,25.11
27.75,92.55,2709.0,19.67
27.75,92.6,3337.0,14.97
27.75,92.65,2025.0,36.07
27.75,92.7,2836.0,18.89
27.75,92.75,3564.0,33.51
27.75,92.8,2258.0,15.09
27.75,92.85,2689.0,29.19
27.75,92.9,2585.0,8.03
27.75,92.95,1006.0,15.84
27.75,93.0,1621.0,31.35
27.75,93.05,2131.0,16.0
27.75,93.1,2260.0,26.78
27.75,93.15,1338.0,24.82
27.75,93.2,1810.0,34.84
27.75,93.25,1877.0,19.99
27.75,93.3,1783.0,27.95
27.75,93.35,1636.0,29.06
27.75,93.4,990.0,3.41
27.75,93.45,1156.0,24.23
27.75,93.5,1532.0,32.63
27.75,93.55,1619.0,7.28
27.75,93.6,1146.0,31.78
27.75,93.65,766.0,25.0
27.75,93.7,956.0,26.65
27.75,93.75,1421.0,28.08
27.75,93.8,1456.0,20.88
27.75,93.85,909.0,11.9
27.75,93.9,1315.0,24.56
27.75,93.95,838.0,5.95
27.75,94.0,523.0,33.73
27.75,94.05,481.0,25.95
27.75,94.1,463.0,32.28
27.75,94.15,1041.0,40.62
27.75,94.2,533.0,28.07
27.75,94.25,576.0,20.13
27.75,94.3,609.0,34.89
27.75,94.35,658.0,24.51
27.75,94.4,342.0,7.36
27.75,94.45,385.0,8.13
27.75,94.5,303.0,21.32
27.75,94.55,1002.0,18.93
27.75,94.6,1222.0,12.82
27.75,94.65,538.0,14.68
27.75,94.7,667.0,24.05
27.75,94.75,617.0,4.67
27.75,94.8,435.0,13.11
27.75,94.85,421.0,7.93
27.75,94.9,137.0,1.3
27.75,94.95,129.0,0.62
27.75,95.0,116.0,0.2
27.75,95.05,124.0,1.1
27.75,95.1,116.0,0.29
27.75,95.15,115.0,0.19
27.75,95.2,114.0,0.45
27.75,95.25,117.0,0.49
27.75,95.3,120.0,0.35
27.75,95.35,115.0,0.9
27.75,95.4,122.0,0.2
27.75,95.45,129.0,0.72
27.75,95.5,123.0,1.07
27.75,95.55,125.0,0.1
27.75,95.6,127.0,0.19
27.75,95.65,128.0,0.11
27.75,95.7,132.0,0.15
27.75,95.75,138.0,0.52
27.75,95.8,135.0,0.45
27.75,95.85,136.0,0.92
27.75,95.9,144.0,0.09
27.75,95.95,231.0,1.87
27.75,96.0,189.0,0.73
27.75,96.05,193.0,0.93
27.75,96.1,195.0,0.7
27.75,96.15,210.0,1.03
27.75,96.2,230.0,0.57
27.75,96.25,275.0,0.12
27.75,96.3,326.0,1.31
27.75,96.35,494.0,23.99
27.75,96.4,812.0,29.65
27.75,96.45,1537.0,29.95
27.8,89.5,5037.0,18.59
27.8,89.55,5016.0,40.07
27.8,89.6,4397.0,38.38
27.8,89.65,3748.0,10.51
27.8,89.7,2807.0,31.9
27.8,89.75,3082.0,27.52
27.8,89.8,4229.0,15.59
27.8,89.85,4447.0,9.17
27.8,89.9,3688.0,34.86
27.8,89.95,3978.0,37.05
27.8,90.0,3670.0,41.3
27.8,90.05,3042.0,45.07
27.8,90.1,3637.0,41.7
27.8,90.15,3899.0,42.32
27.8,90.2,4688.0,19.11
27.8,90.25,4736.0,7.74
27.8,90.3,4307.0,5.29
27.8,90.35,4601.0,14.1
27.8,90.4,4886.0,21.28
27.8,90.45,3962.0,15.55
27.8,90.5,3310.0,33.5
27.8,90.55,4938.0,18.04
27.8,90.6,4493.0,32.23
27.8,90.65,4142.0,12.72
27.8,90.7,3547.0,28.04
27.8,90.75,3819.0,35.0
27.8,90.8,4913.0,19.63
27.8,90.85,4433.0,27.27
27.8,90.9,4586.0,20.82
27.8,90.95,3968.0,32.56
27.8,91.0,3810.0,30.83
27.8,91.05,2801.0,21.63
27.8,91.1,2501.0,17.44
27.8,91.15,3280.0,25.81
27.8,91.2,3231.0,33.19
27.8,91.25,4072.0,23.1
27.8,91.3,2610.0,45.24
27.8,91.35,4343.0,27.87
27.8,91.4,3459.0,31.24
27.8,91.45,3699.0,29.9
27.8,91.5,3890.0,23.17
27.8,91.55,4393.0,18.0
27.8,91.6,4276.0,42.84
27.8,91.65,4479.0,17.55
27.8,91.7,3104.0,8.01
27.8,91.75,2790.0,41.57
27.8,91.8,4569.0,6.74
27.8,91.85,4789.0,25.72
27.8,91.9,4665.0,7.29
27.8,91.95,4533.0,15.95
27.8,92.0,4294.0,32.37
27.8,92.05,5198.0,21.1
27.8,92.1,5022.0,8.35
27.8,92.15,4895.0,20.7
27.8,92.2,4652.0,30.73
27.8,92.25,5048.0,16.77
27.8,92.3,5114.0,22.45
27.8,92.35,5581.0,8.49
27.8,92.4,5812.0,31.79
27.8,92.45,5811.0,14.21
27.8,92.5,4867.0,26.71
27.8,92.55,4957.0,65.12
27.8,92.6,4211.0,30.31
27.8,92.65,4177.0,38.56
27.8,92.7,3200.0,25.41
27.8,92.75,3385.0,39.67
27.8,92.8,3122.0,7.42
27.8,92.85,2570.0,37.94
27.8,92.9,2540.0,13.1
27.8,92.95,1833.0,22.44
27.8,93.0,2705.0,28.35
27.8,93.05,2147.0,22.94
27.8,93.1,2867.0,54.97
27.8,93.15,2540.0,29.79
27.8,93.2,2038.0,18.7
27.8,93.25,2561.0,22.18
27.8,93.3,2482.0,32.9
27.8,93.35,2840.0,5.73
27.8,93.4,1702.0,25.67
27.8,93.45,1351.0,21.77
27.8,93.5,1827.0,22.62
27.8,93.55,667.0,3.27
27.8,93.6,662.0,3.27
27.8,93.65,1913.0,25.16
27.8,93.7,1540.0,20.83
27.8,93.75,1108.0,34.08
27.8,93.8,1098.0,19.68
27.8,93.85,1092.0,26.13
27.8,93.9,444.0,28.08
27.8,93.95,464.0,24.37
27.8,94.0,865.0,28.63
27.8,94.05,1196.0,15.12
27.8,94.1,825.0,23.39
27.8,94.15,995.0,25.2
27.8,94.2,1008.0,24.97
27.8,94.25,1344.0,35.48
27.8,94.3,647.0,22.07
27.8,94.35,683.0,20.81
27.8,94.4,1403.0,3.41
27.8,94.45,884.0,21.19
27.8,94.5,623.0,19.95
27.8,94.55,647.0,8.08
27.8,94.6,557.0,13.8
27.8,94.65,515.0,7.03
27.8,94.7,1100.0,14.01
27.8,94.75,923.0,15.51
27.8,94.8,955.0,23.61
27.8,94.85,736.0,14.85
27.8,94.9,388.0,14.46
27.8,94.95,440.0,27.55
27.8,95.0,312.0,20.27
27.8,95.05,138.0,1.15
27.8,95.1,131.0,0.35
27.8,95.15,128.0,0.31
27.8,95.2,124.0,0.07
27.8,95.25,120.0,0.23
27.8,95.3,131.0,1.49
27.8,95.35,128.0,0.8
27.8,95.4,125.0,0.88
27.8,95.45,125.0,0.23
27.8,95.5,126.0,0.2
27.8,95.55,126.0,0.1
27.8,95.6,127.0,0.3
27.8,95.65,130.0,0.32
27.8,95.7,133.0,0.31
27.8,95.75,135.0,0.56
27.8,95.8,135.0,0.6
27.8,95.85,138.0,0.71
27.8,95.9,143.0,0.28
27.8,95.95,152.0,0.91
27.8,96.0,158.0,0.06
27.8,96.05,171.0,0.39
27.8,96.1,177.0,0.48
27.8,96.15,196.0,0.6
27.8,96.2,219.0,0.25
27.8,96.25,253.0,0.18
27.8,96.3,302.0,0.34
27.8,96.35,478.0,8.43
27.8,96.4,1382.0,11.87
27.8,96.45,1852.0,27.44
27.85,89.5,4586.0,11.87
27.85,89.55,4897.0,4.77
27.85,89.6,4132.0,34.54
27.85,89.65,3199.0,37.09
27.85,89.7,3164.0,30.41
27.85,89.75,3300.0,31.62
27.85,89.8,4294.0,17.11
27.85,89.85,4348.0,24.07
27.85,89.9,4582.0,17.2
27.85,89.95,4456.0,24.43
27.85,90.0,3693.0,34.32
27.85,90.05,2378.0,2.48
27.85,90.1,2899.0,27.95
27.85,90.15,4566.0,43.65
27.85,90.2,5048.0,26.35
27.85,90.25,4816.0,9.74
27.85,90.3,5003.0,32.25
27.85,90.35,5117.0,16.61
27.85,90.4,4331.0,28.0
27.85,90.45,4805.0,38.82
27.85,90.5,4135.0,29.09
27.85,90.55,4778.0,12.87
27.85,90.6,5090.0,22.43
27.85,90.65,4240.0,25.37
27.85,90.7,4937.0,16.9
27.85,90.75,4217.0,24.31
27.85,90.8,4572.0,31.12
27.85,90.85,4776.0,12.0
27.85,90.9,4814.0,20.26
27.85,90.95,3774.0,24.4
27.85,91.0,3850.0,30.99
27.85,91.05,2882.0,39.81
27.85,91.1,2211.0,42.08
27.85,91.15,2890.0,13.37
27.85,91.2,4068.0,20.9
27.85,91.25,4744.0,10.79
27.85,91.3,4027.0,32.61
27.85,91.35,4403.0,25.2
27.85,91.4,3762.0,14.59
27.85,91.45,3258.0,25.43
27.85,91.5,4085.0,26.23
27.85,91.55,4523.0,22.12
27.85,91.6,4677.0,38.71
27.85,91.65,4647.0,37.1
27.85,91.7,3363.0,23.41
27.85,91.75,3546.0,32.35
27.85,91.8,3336.0,32.62
27.85,91.85,4451.0,22.03
27.85,91.9,4836.0,9.78
27.85,91.95,4633.0,1.49
27.85,92.0,4134.0,28.12
27.85,92.05,4869.0,21.79
27.85,92.1,5008.0,18.3
27.85,92.15,5217.0,24.43
27.85,92.2,5078.0,14.84
27.85,92.25,5073.0,34.84
27.85,92.3,5505.0,43.34
27.85,92.35,5301.0,37.93
27.85,92.4,6245.0,19.68
27.85,92.45,5872.0,30.87
27.85,92.5,6075.0,36.75
27.85,92.55,5315.0,19.38
27.85,92.6,3883.0,22.97
27.85,92.65,4492.0,26.5
27.85,92.7,4150.0,27.99
27.85,92.75,3999.0,6.13
27.85,92.8,3689.0,14.85
27.85,92.85,3501.0,43.08
27.85,92.9,2510.0,29.56
27.85,92.95,3749.0,24.19
27.85,93.0,2223.0,19.39
27.85,93.05,2395.0,20.84
27.85,93.1,2500.0,28.13
27.85,93.15,2409.0,21.51
27.85,93.2,2549.0,39.24
27.85,93.25,1462.0,15.08
27.85,93.3,2692.0,23.82
27.85,93.35,2245.0,6.24
27.85,93.4,1877.0,21.06
27.85,93.45,1664.0,28.46
27.85,93.5,821.0,27.25
27.85,93.55,1115.0,29.44
27.85,93.6,1806.0,29.97
27.85,93.65,1335.0,27.08
27.85,93.7,1788.0,17.64
27.85,93.75,1635.0,29.5
27.85,93.8,2101.0,21.18
27.85,93.85,856.0,22.79
27.85,93.9,1314.0,25.99
27.85,93.95,629.0,19.2
27.85,94.0,752.0,11.22
27.85,94.05,1858.0,22.56
27.85,94.1,1447.0,17.76
27.85,94.15,1678.0,23.1
27.85,94.2,1048.0,18.55
27.85,94.25,522.0,22.8
27.85,94.3,596.0,15.83
27.85,94.35,656.0,33.01
27.85,94.4,545.0,9.95
27.85,94.45,857.0,19.15
27.85,94.5,873.0,16.41
27.85,94.55,1459.0,30.46
27.85,94.6,1012.0,25.87
27.85,94.65,1270.0,16.39
27.85,94.7,1175.0,14.92
27.85,94.75,797.0,20.83
27.85,94.8,384.0,12.92
27.85,94.85,308.0,10.49
27.85,94.9,636.0,15.61
27.85,94.95,469.0,12.56
27.85,95.0,476.0,15.74
27.85,95.05,571.0,6.82
27.85,95.1,395.0,20.74
27.85,95.15,293.0,6.77
27.85,95.2,143.0,0.61
27.85,95.25,132.0,0.31
27.85,95.3,137.0,1.27
27.85,95.35,127.0,0.41
27.85,95.4,129.0,0.06
27.85,95.45,131.0,0.26
27.85,95.5,127.0,0.47
27.85,95.55,126.0,0.25
27.85,95.6,124.0,0.42
27.85,95.65,131.0,0.56
27.85,95.7,130.0,0.5
27.85,95.75,131.0,0.45
27.85,95.8,132.0,0.21
27.85,95.85,138.0,0.18
27.85,95.9,145.0,1.4
27.85,95.95,153.0,0.25
27.85,96.0,154.0,0.23
27.85,96.05,170.0,1.24
27.85,96.1,173.0,0.43
27.85,96.15,189.0,0.61
27.85,96.2,209.0,2.08
27.85,96.25,244.0,0.14
27.85,96.3,273.0,0.69
27.85,96.35,370.0,7.29
27.85,96.4,1666.0,41.98
27.85,96.45,1573.0,25.89
27.9,89.5,4135.0,18.56
27.9,89.55,4629.0,22.36
27.9,89.6,3540.0,30.26
27.9,89.65,3970.0,34.01
27.9,89.7,3113.0,22.37
27.9,89.75,2426.0,26.19
27.9,89.8,3887.0,30.47
27.9,89.85,4866.0,22.14
27.9,89.9,4751.0,22.93
27.9,89.95,4930.0,15.87
27.9,90.0,3542.0,37.88
27.9,90.05,4118.0,40.51
27.9,90.1,4493.0,16.99
27.9,90.15,4139.0,27.75
27.9,90.2,5036.0,30.88
27.9,90.25,5239.0,13.04
27.9,90.3,5423.0,10.35
27.9,90.35,4921.0,6.64
27.9,90.4,5244.0,12.97
27.9,90.45,4555.0,28.98
27.9,90.5,5097.0,13.13
27.9,90.55,5038.0,17.95
27.9,90.6,4862.0,14.92
27.9,90.65,5015.0,24.67
27.9,90.7,4993.0,6.75
27.9,90.75,4595.0,33.64
27.9,90.8,5105.0,25.81
27.9,90.85,4527.0,25.06
27.9,90.9,3861.0,31.67
27.9,90.95,4301.0,15.75
27.9,91.0,4330.0,28.99
27.9,91.05,3662.0,28.37
27.9,91.1,3421.0,35.17
27.9,91.15,2238.0,21.35
27.9,91.2,3573.0,31.34
27.9,91.25,4342.0,23.43
27.9,91.3,4367.0,29.33
27.9,91.35,3824.0,26.79
27.9,91.4,3761.0,38.62
27.9,91.45,4414.0,27.43
27.9,91.5,3931.0,21.67
27.9,91.55,4644.0,26.49
27.9,91.6,4994.0,8.84
27.9,91.65,5136.0,39.36
27.9,91.7,4336.0,44.26
27.9,91.75,3966.0,45.34
27.9,91.8,3021.0,17.38
27.9,91.85,4336.0,35.08
27.9,91.9,4452.0,0.12
27.9,91.95,4746.0,11.08
27.9,92.0,4454.0,29.99
27.9,92.05,4824.0,32.37
27.9,92.1,4956.0,21.93
27.9,92.15,4520.0,24.63
27.9,92.2,4685.0,20.74
27.9,92.25,5236.0,22.52
27.9,92.3,5236.0,32.98
27.9,92.35,5188.0,27.14
27.9,92.4,5308.0,30.9
27.9,92.45,5698.0,25.53
27.9,92.5,5669.0,33.08
27.9,92.55,5388.0,32.07
27.9,92.6,5395.0,45.04
27.9,92.65,5083.0,31.92
27.9,92.7,4837.0,10.17
27.9,92.75,3260.0,10.32
27.9,92.8,4695.0,8.01
27.9,92.85,3436.0,29.44
27.9,92.9,3157.0,37.78
27.9,92.95,2923.0,51.35
27.9,93.0,2856.0,8.19
27.9,93.05,2518.0,24.07
27.9,93.1,1905.0,18.19
27.9,93.15,1773.0,30.52
27.9,93.2,2496.0,24.71
27.9,93.25,2296.0,17.94
27.9,93.3,1297.0,36.29
27.9,93.35,872.0,6.89
27.9,93.4,866.0,20.44
27.9,93.45,1140.0,20.27
27.9,93.5,1723.0,28.15
27.9,93.55,1699.0,33.42
27.9,93.6,1900.0,21.49
27.9,93.65,1577.0,27.78
27.9,93.7,1580.0,22.32
27.9,93.75,2648.0,33.12
27.9,93.8,2148.0,23.79
27.9,93.85,1848.0,19.23
27.9,93.9,661.0,24.82
27.9,93.95,1043.0,22.9
27.9,94.0,1446.0,22.4
27.9,94.05,2003.0,15.19
27.9,94.1,969.0,20.31
27.9,94.15,1373.0,21.78
27.9,94.2,1415.0,17.0
27.9,94.25,1189.0,28.68
27.9,94.3,639.0,24.67
27.9,94.35,708.0,22.05
27.9,94.4,827.0,29.26
27.9,94.45,978.0,5.13
27.9,94.5,935.0,26.84
27.9,94.55,1295.0,24.93
27.9,94.6,1183.0,14.75
27.9,94.65,890.0,14.03
27.9,94.7,567.0,4.15
27.9,94.75,452.0,10.64
27.9,94.8,570.0,8.34
27.9,94.85,744.0,22.72
27.9,94.9,468.0,11.25
27.9,94.95,340.0,3.82
27.9,95.0,554.0,22.54
27.9,95.05,354.0,8.54
27.9,95.1,345.0,3.96
27.9,95.15,327.0,5.51
27.9,95.2,229.0,2.37
27.9,95.25,166.0,0.68
27.9,95.3,146.0,0.48
27.9,95.35,140.0,0.18
27.9,95.4,129.0,0.63
27.9,95.45,130.0,0.17
27.9,95.5,134.0,0.07
27.9,95.55,129.0,0.28
27.9,95.6,132.0,0.26
27.9,95.65,131.0,0.29
27.9,95.7,131.0,0.16
27.9,95.75,140.0,0.52
27.9,95.8,139.0,0.34
27.9,95.85,145.0,0.41
27.9,95.9,153.0,0.16
27.9,95.95,161.0,0.78
27.9,96.0,176.0,0.49
27.9,96.05,175.0,0.65
27.9,96.1,181.0,0.89
27.9,96.15,193.0,0.41
27.9,96.2,217.0,1.68
27.9,96.25,239.0,0.14
27.9,96.3,354.0,10.51
27.9,96.35,616.0,11.38
27.9,96.4,393.0,5.04
27.9,96.45,624.0,21.52
27.95,89.5,4386.0,12.5
27.95,89.55,4300.0,19.51
27.95,89.6,4784.0,9.08
27.95,89.65,4375.0,24.41
27.95,89.7,4022.0,30.72
27.95,89.75,3815.0,27.77
27.95,89.8,3375.0,35.74
27.95,89.85,4838.0,8.11
27.95,89.9,5281.0,5.32
27.95,89.95,5120.0,38.69
27.95,90.0,4102.0,41.37
27.95,90.05,4455.0,25.19
27.95,90.1,4806.0,19.07
27.95,90.15,4977.0,11.79
27.95,90.2,4716.0,14.85
27.95,90.25,5232.0,10.41
27.95,90.3,5497.0,10.53
27.95,90.35,4991.0,24.34
27.95,90.4,5464.0,10.96
27.95,90.45,4881.0,10.5
27.95,90.5,5117.0,4.87
27.95,90.55,4712.0,27.62
27.95,90.6,5212.0,14.51
27.95,90.65,5093.0,14.23
27.95,90.7,4288.0,15.02
27.95,90.75,4967.0,7.41
27.95,90.8,5001.0,18.47
27.95,90.85,4311.0,28.08
27.95,90.9,4714.0,16.26
27.95,90.95,4854.0,14.02
27.95,91.0,4372.0,12.81
27.95,91.05,3965.0,28.24
27.95,91.1,3475.0,32.21
27.95,91.15,2257.0,18.84
27.95,91.2,3983.0,25.64
27.95,91.25,5063.0,29.71
27.95,91.3,4477.0,34.31
27.95,91.35,3976.0,32.24
27.95,91.4,4471.0,39.55
27.95,91.45,4751.0,30.5
27.95,91.5,5275.0,9.31
27.95,91.55,4956.0,30.83
27.95,91.6,4635.0,23.66
27.95,91.65,4003.0,11.67
27.95,91.7,4755.0,31.29
27.95,91.75,4977.0,21.07
27.95,91.8,4046.0,29.23
27.95,91.85,4237.0,39.15
27.95,91.9,4386.0,5.0
27.95,91.95,4590.0,17.61
27.95,92.0,4492.0,17.22
27.95,92.05,5084.0,7.16
27.95,92.1,5201.0,13.01
27.95,92.15,4870.0,5.15
27.95,92.2,4882.0,4.11
27.95,92.25,5249.0,22.97
27.95,92.3,5038.0,3.79
27.95,92.35,5086.0,19.12
27.95,92.4,4658.0,31.02
27.95,92.45,4976.0,32.42
27.95,92.5,5231.0,28.67
27.95,92.55,5013.0,29.29
27.95,92.6,5581.0,28.85
27.95,92.65,5831.0,21.87
27.95,92.7,5089.0,38.25
27.95,92.75,4631.0,36.58
27.95,92.8,4502.0,14.01
27.95,92.85,4131.0,6.7
27.95,92.9,3925.0,26.26
27.95,92.95,2921.0,26.65
27.95,93.0,3036.0,26.15
27.95,93.05,1578.0,22.71
27.95,93.1,1346.0,22.27
27.95,93.15,1127.0,22.13
27.95,93.2,1123.0,24.88
27.95,93.25,981.0,5.66
27.95,93.3,1864.0,33.52
27.95,93.35,3027.0,23.09
27.95,93.4,1882.0,24.66
27.95,93.45,2071.0,21.23
27.95,93.5,1164.0,38.9
27.95,93.55,1447.0,16.26
27.95,93.6,1717.0,19.18
27.95,93.65,2091.0,29.89
27.95,93.7,1223.0,27.96
27.95,93.75,985.0,17.92
27.95,93.8,1661.0,24.46
27.95,93.85,1130.0,20.36
27.95,93.9,1236.0,19.71
27.95,93.95,2335.0,22.32
27.95,94.0,1734.0,34.93
27.95,94.05,2153.0,21.5
27.95,94.1,1493.0,25.15
27.95,94.15,695.0,16.85
27.95,94.2,820.0,13.55
27.95,94.25,838.0,22.13
27.95,94.3,232.0,0.76
27.95,94.35,540.0,13.37
27.95,94.4,598.0,5.64
27.95,94.45,433.0,7.01
27.95,94.5,804.0,21.96
27.95,94.55,829.0,16.99
27.95,94.6,908.0,16.18
27.95,94.65,966.0,5.64
27.95,94.7,936.0,13.32
27.95,94.75,893.0,10.06
27.95,94.8,1704.0,2.54
27.95,94.85,1629.0,2.63
27.95,94.9,1001.0,34.95
27.95,94.95,371.0,18.19
27.95,95.0,705.0,9.25
27.95,95.05,538.0,25.11
27.95,95.1,455.0,13.04
27.95,95.15,387.0,6.61
27.95,95.2,235.0,1.12
27.95,95.25,172.0,0.11
27.95,95.3,152.0,0.19
27.95,95.35,140.0,0.18
27.95,95.4,133.0,0.18
27.95,95.45,133.0,0.14
27.95,95.5,131.0,0.35
27.95,95.55,133.0,0.51
27.95,95.6,139.0,0.11
27.95,95.65,137.0,0.21
27.95,95.7,143.0,0.27
27.95,95.75,150.0,0.39
27.95,95.8,145.0,0.51
27.95,95.85,155.0,0.94
27.95,95.9,170.0,0.48
27.95,95.95,181.0,1.45
27.95,96.0,186.0,0.24
27.95,96.05,203.0,0.99
27.95,96.1,220.0,1.0
27.95,96.15,247.0,0.86
27.95,96.2,281.0,1.09
27.95,96.25,508.0,15.76
27.95,96.3,1180.0,29.45
27.95,96.35,1864.0,24.52
27.95,96.4,877.0,24.52
27.95,96.45,1402.0,22.37
28.0,89.5,4598.0,19.14
28.0,89.55,4800.0,17.0
28.0,89.6,4764.0,9.74
28.0,89.65,4412.0,39.31
28.0,89.7,4458.0,17.65
28.0,89.75,4092.0,17.82
28.0,89.8,4303.0,40.48
28.0,89.85,4771.0,29.63
28.0,89.9,5383.0,13.78
28.0,89.95,4860.0,27.13
28.0,90.0,3994.0,25.75
28.0,90.05,4092.0,25.13
28.0,90.1,4989.0,33.38
28.0,90.15,5030.0,11.81
28.0,90.2,5021.0,8.3
28.0,90.25,5523.0,16.19
28.0,90.3,5420.0,13.46
28.0,90.35,5216.0,26.58
28.0,90.4,5405.0,8.35
28.0,90.45,5028.0,5.38
28.0,90.5,5363.0,11.85
28.0,90.55,4816.0,17.3
28.0,90.6,5178.0,7.9
28.0,90.65,5025.0,14.75
28.0,90.7,5043.0,19.64
28.0,90.75,5087.0,3.39
28.0,90.8,5164.0,21.58
28.0,90.85,4953.0,15.08
28.0,90.9,4822.0,31.81
28.0,90.95,4392.0,27.26
28.0,91.0,4180.0,25.65
28.0,91.05,4490.0,26.4
28.0,91.1,4505.0,18.93
28.0,91.15,3175.0,24.51
28.0,91.2,3838.0,33.33
28.0,91.25,4896.0,44.52
28.0,91.3,4484.0,43.49
28.0,91.35,4057.0,31.19
28.0,91.4,4716.0,42.5
28.0,91.45,5108.0,30.4
28.0,91.5,5005.0,12.06
28.0,91.55,5254.0,31.35
28.0,91.6,5870.0,42.82
28.0,91.65,4548.0,34.92
28.0,91.7,4686.0,14.72
28.0,91.75,5034.0,14.44
28.0,91.8,3714.0,30.31
28.0,91.85,4999.0,18.52
28.0,91.9,4642.0,8.2
28.0,91.95,4402.0,15.95
28.0,92.0,4921.0,21.0
28.0,92.05,4830.0,28.2
28.0,92.1,5083.0,9.28
28.0,92.15,5306.0,15.58
28.0,92.2,4977.0,28.65
28.0,92.25,5014.0,30.17
28.0,92.3,5591.0,30.43
28.0,92.35,5618.0,21.63
28.0,92.4,4894.0,24.2
28.0,92.45,4436.0,40.33
28.0,92.5,5644.0,22.65
28.0,92.55,5569.0,29.5
28.0,92.6,4800.0,18.84
28.0,92.65,5689.0,26.78
28.0,92.7,5399.0,3.55
28.0,92.75,4710.0,25.27
28.0,92.8,4346.0,21.56
28.0,92.85,3206.0,31.44
28.0,92.9,2605.0,15.34
28.0,92.95,2413.0,37.69
28.0,93.0,2518.0,12.55
28.0,93.05,2653.0,20.85
28.0,93.1,2985.0,23.73
28.0,93.15,2306.0,29.74
28.0,93.2,1947.0,34.78
28.0,93.25,2284.0,31.21
28.0,93.3,2991.0,17.21
28.0,93.35,1738.0,22.24
28.0,93.4,2232.0,20.77
28.0,93.45,2009.0,10.54
28.0,93.5,566.0,24.73
28.0,93.55,659.0,29.05
28.0,93.6,1266.0,14.7
28.0,93.65,1241.0,36.67
28.0,93.7,1390.0,27.96
28.0,93.75,564.0,27.06
28.0,93.8,495.0,17.93
28.0,93.85,901.0,22.09
28.0,93.9,2516.0,28.65
28.0,93.95,1990.0,27.37
28.0,94.0,1781.0,21.56
28.0,94.05,1154.0,28.37
28.0,94.1,1363.0,28.98
28.0,94.15,1275.0,24.24
28.0,94.2,403.0,21.05
28.0,94.25,298.0,6.52
28.0,94.3,338.0,13.41
28.0,94.35,1335.0,30.06
28.0,94.4,998.0,16.87
28.0,94.45,537.0,11.31
28.0,94.5,761.0,23.47
28.0,94.55,837.0,20.28
28.0,94.6,1216.0,16.82
28.0,94.65,688.0,25.64
28.0,94.7,636.0,7.98
28.0,94.75,807.0,8.09
28.0,94.8,1512.0,15.59
28.0,94.85,1071.0,31.47
28.0,94.9,750.0,37.28
28.0,94.95,497.0,14.0
28.0,95.0,774.0,13.29
28.0,95.05,823.0,15.36
28.0,95.1,652.0,8.43
28.0,95.15,684.0,16.91
28.0,95.2,380.0,9.65
28.0,95.25,204.0,0.61
28.0,95.3,158.0,0.68
28.0,95.35,153.0,0.71
28.0,95.4,138.0,0.11
28.0,95.45,139.0,0.24
28.0,95.5,149.0,0.19
28.0,95.55,149.0,0.58
28.0,95.6,150.0,0.86
28.0,95.65,155.0,0.76
28.0,95.7,154.0,0.39
28.0,95.75,161.0,0.48
28.0,95.8,156.0,0.22
28.0,95.85,178.0,0.89
28.0,95.9,197.0,0.75
28.0,95.95,225.0,1.07
28.0,96.0,245.0,1.74
28.0,96.05,263.0,1.37
28.0,96.1,264.0,1.65
28.0,96.15,318.0,2.26
28.0,96.2,438.0,3.26
28.0,96.25,744.0,24.75
28.0,96.3,1651.0,24.79
28.0,96.35,761.0,23.63
28.0,96.4,1318.0,28.36
28.0,96.45,1180.0,18.45
28.05,89.5,4660.0,38.73
28.05,89.55,5172.0,5.37
28.05,89.6,4496.0,21.64
28.05,89.65,4705.0,25.12
28.05,89.7,4140.0,29.47
28.05,89.75,4371.0,37.43
28.05,89.8,4546.0,31.39
28.05,89.85,5061.0,28.12
28.05,89.9,5065.0,8.4
28.05,89.95,4358.0,43.23
28.05,90.0,4690.0,32.97
28.05,90.05,4990.0,16.49
28.05,90.1,4508.0,26.81
28.05,90.15,3970.0,20.9
28.05,90.2,4824.0,6.7
28.05,90.25,5081.0,12.43
28.05,90.3,5120.0,6.29
28.05,90.35,5381.0,28.56
28.05,90.4,5559.0,5.15
28.05,90.45,7232.0,32.37
28.05,90.5,5500.0,25.65
28.05,90.55,5532.0,13.82
28.05,90.6,4991.0,11.87
28.05,90.65,5141.0,13.39
28.05,90.7,5350.0,12.99
28.05,90.75,6155.0,44.77
28.05,90.8,5840.0,5.7
28.05,90.85,5591.0,17.9
28.05,90.9,4786.0,9.7
28.05,90.95,4665.0,13.32
28.05,91.0,3949.0,32.11
28.05,91.05,3811.0,29.85
28.05,91.1,2928.0,37.88
28.05,91.15,4150.0,28.19
28.05,91.2,4205.0,28.41
28.05,91.25,5141.0,17.66
28.05,91.3,5095.0,7.69
28.05,91.35,5231.0,30.18
28.05,91.4,5452.0,24.22
28.05,91.45,5341.0,36.9
28.05,91.5,4671.0,30.9
28.05,91.55,4865.0,19.59
28.05,91.6,4408.0,28.89
28.05,91.65,4808.0,30.36
28.05,91.7,4995.0,4.86
28.05,91.75,4564.0,23.89
28.05,91.8,3944.0,36.75
28.05,91.85,5058.0,19.27
28.05,91.9,4690.0,5.0
28.05,91.95,4613.0,6.26
28.05,92.0,4883.0,7.68
28.05,92.05,4526.0,21.73
28.05,92.1,5268.0,23.57
28.05,92.15,5297.0,20.64
28.05,92.2,5272.0,20.5
28.05,92.25,5084.0,24.02
28.05,92.3,4709.0,25.26
28.05,92.35,4261.0,5.34
28.05,92.4,4573.0,22.82
28.05,92.45,4959.0,23.29
28.05,92.5,5384.0,9.37
28.05,92.55,5479.0,8.89
28.05,92.6,5221.0,33.23
28.05,92.65,5940.0,23.39
28.05,92.7,5841.0,7.62
28.05,92.75,5561.0,34.82
28.05,92.8,4205.0,36.16
28.05,92.85,3570.0,18.33
28.05,92.9,4299.0,16.49
28.05,92.95,4472.0,12.92
28.05,93.0,3142.0,23.98
28.05,93.05,3565.0,22.56
28.05,93.1,2706.0,3.55
28.05,93.15,2992.0,16.88
28.05,93.2,3017.0,36.24
28.05,93.25,2156.0,21.34
28.05,93.3,2223.0,16.88
28.05,93.35,1659.0,17.19
28.05,93.4,917.0,36.53
28.05,93.45,730.0,31.75
28.05,93.5,1887.0,41.21
28.05,93.55,1600.0,23.5
28.05,93.6,1517.0,35.02
28.05,93.65,826.0,35.56
28.05,93.7,1127.0,31.06
28.05,93.75,2132.0,20.56
28.05,93.8,1566.0,30.76
28.05,93.85,1953.0,35.75
28.05,93.9,1825.0,27.0
28.05,93.95,1053.0,15.61
28.05,94.0,860.0,14.81
28.05,94.05,1105.0,18.54
28.05,94.1,748.0,25.03
28.05,94.15,322.0,14.95
28.05,94.2,838.0,19.08
28.05,94.25,1468.0,15.06
28.05,94.3,1235.0,11.67
28.05,94.35,980.0,27.6
28.05,94.4,1641.0,23.08
28.05,94.45,1186.0,32.09
28.05,94.5,519.0,9.15
28.05,94.55,607.0,24.84
28.05,94.6,869.0,10.24
28.05,94.65,1112.0,24.63
28.05,94.7,804.0,21.4
28.05,94.75,582.0,8.9
28.05,94.8,677.0,24.97
28.05,94.85,614.0,14.21
28.05,94.9,949.0,8.02
28.05,94.95,1453.0,17.09
28.05,95.0,1609.0,15.8
28.05,95.05,1818.0,14.05
28.05,95.1,1524.0,12.51
28.05,95.15,1520.0,21.02
28.05,95.2,983.0,28.1
28.05,95.25,580.0,21.1
28.05,95.3,309.0,5.74
28.05,95.35,155.0,1.12
28.05,95.4,143.0,0.13
28.05,95.45,138.0,0.11
28.05,95.5,160.0,0.27
28.05,95.55,178.0,0.23
28.05,95.6,169.0,0.69
28.05,95.65,171.0,1.04
28.05,95.7,167.0,0.48
28.05,95.75,185.0,0.77
28.05,95.8,186.0,0.55
28.05,95.85,220.0,1.04
28.05,95.9,271.0,0.58
28.05,95.95,304.0,1.28
28.05,96.0,340.0,5.67
28.05,96.05,428.0,4.24
28.05,96.1,751.0,8.79
28.05,96.15,388.0,13.75
28.05,96.2,1361.0,43.4
28.05,96.25,1816.0,22.24
28.05,96.3,714.0,3.0
28.05,96.35,1423.0,40.67
28.05,96.4,2246.0,33.31
28.05,96.45,510.0,17.6
28.1,89.5,5568.0,12.38
28.1,89.55,6008.0,54.24
28.1,89.6,3988.0,12.82
28.1,89.65,5064.0,16.81
28.1,89.7,3852.0,23.82
28.1,89.75,3928.0,35.46
28.1,89.8,5225.0,20.54
28.1,89.85,5452.0,16.58
28.1,89.9,4308.0,5.78
28.1,89.95,5184.0,26.83
28.1,90.0,5017.0,26.86
28.1,90.05,5263.0,19.7
28.1,90.1,4310.0,7.94
28.1,90.15,4488.0,21.11
28.1,90.2,4720.0,19.9
28.1,90.25,4426.0,11.65
28.1,90.3,4722.0,22.24
28.1,90.35,5553.0,14.11
28.1,90.4,5860.0,28.32
28.1,90.45,6188.0,14.44
28.1,90.5,5996.0,19.46
28.1,90.55,5632.0,31.25
28.1,90.6,5578.0,32.46
28.1,90.65,5624.0,21.13
28.1,90.7,5363.0,23.38
28.1,90.75,5469.0,25.62
28.1,90.8,5446.0,22.01
28.1,90.85,5913.0,33.42
28.1,90.9,4575.0,15.03
28.1,90.95,3995.0,18.44
28.1,91.0,3482.0,31.14
28.1,91.05,4758.0,17.38
28.1,91.1,3333.0,33.92
28.1,91.15,4170.0,19.85
28.1,91.2,4379.0,22.27
28.1,91.25,4681.0,29.03
28.1,91.3,4678.0,14.86
28.1,91.35,5150.0,31.77
28.1,91.4,4911.0,35.02
28.1,91.45,5690.0,18.76
28.1,91.5,5172.0,32.91
28.1,91.55,4833.0,30.21
28.1,91.6,5070.0,9.24
28.1,91.65,4793.0,19.22
28.1,91.7,5055.0,19.88
28.1,91.75,4821.0,23.27
28.1,91.8,4692.0,21.58
28.1,91.85,5296.0,32.14
28.1,91.9,4973.0,9.26
28.1,91.95,4705.0,2.95
28.1,92.0,4854.0,20.16
28.1,92.05,4661.0,19.24
28.1,92.1,4630.0,5.66
28.1,92.15,5223.0,24.38
28.1,92.2,5135.0,15.99
28.1,92.25,5339.0,3.12
28.1,92.3,4632.0,22.71
28.1,92.35,4670.0,18.29
28.1,92.4,4088.0,41.87
28.1,92.45,4211.0,10.59
28.1,92.5,4887.0,25.9
28.1,92.55,5660.0,31.54
28.1,92.6,5473.0,18.25
28.1,92.65,6123.0,11.34
28.1,92.7,5640.0,37.51
28.1,92.75,4600.0,38.51
28.1,92.8,4485.0,31.14
28.1,92.85,3478.0,26.26
28.1,92.9,4858.0,29.59
28.1,92.95,4798.0,11.81
28.1,93.0,4138.0,5.68
28.1,93.05,4302.0,33.83
28.1,93.1,3078.0,31.32
28.1,93.15,3752.0,11.16
28.1,93.2,1543.0,21.97
28.1,93.25,1425.0,27.96
28.1,93.3,984.0,29.4
28.1,93.35,880.0,19.33
28.1,93.4,954.0,31.01
28.1,93.45,1917.0,13.04
28.1,93.5,2478.0,30.57
28.1,93.55,1216.0,16.56
28.1,93.6,973.0,19.92
28.1,93.65,635.0,23.85
28.1,93.7,1949.0,16.52
28.1,93.75,1220.0,24.1
28.1,93.8,1588.0,24.69
28.1,93.85,1571.0,19.41
28.1,93.9,2428.0,37.15
28.1,93.95,1826.0,25.45
28.1,94.0,2134.0,42.31
28.1,94.05,1079.0,5.46
28.1,94.1,1254.0,19.75
28.1,94.15,382.0,37.2
28.1,94.2,1151.0,27.96
28.1,94.25,1203.0,24.69
28.1,94.3,1951.0,29.3
28.1,94.35,715.0,2.01
28.1,94.4,1638.0,14.12
28.1,94.45,1320.0,6.6
28.1,94.5,1005.0,9.53
28.1,94.55,697.0,18.43
28.1,94.6,1123.0,22.54
28.1,94.65,914.0,22.52
28.1,94.7,520.0,5.05
28.1,94.75,769.0,17.99
28.1,94.8,357.0,8.26
28.1,94.85,499.0,14.22
28.1,94.9,1007.0,27.3
28.1,94.95,918.0,13.05
28.1,95.0,571.0,19.94
28.1,95.05,934.0,26.75
28.1,95.1,925.0,33.1
28.1,95.15,1143.0,23.35
28.1,95.2,1409.0,24.5
28.1,95.25,1442.0,16.92
28.1,95.3,152.0,0.97
28.1,95.35,172.0,0.78
28.1,95.4,183.0,0.92
28.1,95.45,190.0,0.62
28.1,95.5,197.0,0.74
28.1,95.55,203.0,0.47
28.1,95.6,209.0,0.45
28.1,95.65,179.0,0.53
28.1,95.7,181.0,0.47
28.1,95.75,194.0,0.51
28.1,95.8,240.0,1.24
28.1,95.85,297.0,4.08
28.1,95.9,450.0,7.79
28.1,95.95,1166.0,2.11
28.1,96.0,510.0,16.09
28.1,96.05,808.0,4.76
28.1,96.1,1134.0,34.15
28.1,96.15,922.0,29.11
28.1,96.2,1857.0,34.2
28.1,96.25,1578.0,35.51
28.1,96.3,1199.0,37.83
28.1,96.35,3110.0,36.45
28.1,96.4,2464.0,18.43
28.1,96.45,1280.0,35.48
28.15,89.5,5026.0,11.4
28.15,89.55,5192.0,12.17
28.15,89.6,5550.0,43.61
28.15,89.65,4418.0,26.56
28.15,89.7,4139.0,6.94
28.15,89.75,5634.0,8.63
28.15,89.8,4168.0,17.16
28.15,89.85,5216.0,15.53
28.15,89.9,5125.0,17.82
28.15,89.95,5128.0,35.56
28.15,90.0,4961.0,24.99
28.15,90.05,6000.0,9.92
28.15,90.1,6214.0,15.63
28.15,90.15,4481.0,5.16
28.15,90.2,6522.0,59.06
28.15,90.25,6507.0,6.81
28.15,90.3,6567.0,35.99
28.15,90.35,6189.0,14.35
28.15,90.4,4888.0,14.82
28.15,90.45,5658.0,35.86
28.15,90.5,5964.0,29.48
28.15,90.55,5713.0,32.18
28.15,90.6,4930.0,11.37
28.15,90.65,4635.0,9.03
28.15,90.7,4468.0,30.95
28.15,90.75,4420.0,20.3
28.15,90.8,4498.0,18.37
28.15,90.85,4952.0,29.93
28.15,90.9,4937.0,22.37
28.15,90.95,4630.0,14.78
28.15,91.0,4233.0,12.03
28.15,91.05,3723.0,12.36
28.15,91.1,3989.0,20.0
28.15,91.15,3586.0,30.07
28.15,91.2,4365.0,18.62
28.15,91.25,4619.0,16.89
28.15,91.3,4304.0,25.36
28.15,91.35,4088.0,19.03
28.15,91.4,4325.0,10.93
28.15,91.45,5337.0,26.4
28.15,91.5,5891.0,10.87
28.15,91.55,5693.0,22.37
28.15,91.6,5268.0,8.34
28.15,91.65,4815.0,19.24
28.15,91.7,4967.0,18.36
28.15,91.75,5047.0,21.15
28.15,91.8,4387.0,17.29
28.15,91.85,5532.0,26.9
28.15,91.9,5100.0,20.21
28.15,91.95,4641.0,6.62
28.15,92.0,4603.0,5.36
28.15,92.05,5017.0,12.11
28.15,92.1,5093.0,16.61
28.15,92.15,5210.0,12.27
28.15,92.2,4969.0,18.54
28.15,92.25,5045.0,5.15
28.15,92.3,4758.0,15.29
28.15,92.35,4783.0,18.73
28.15,92.4,4525.0,24.63
28.15,92.45,4037.0,35.2
28.15,92.5,5155.0,23.52
28.15,92.55,5458.0,36.14
28.15,92.6,5472.0,48.7
28.15,92.65,5335.0,35.51
28.15,92.7,5416.0,11.23
28.15,92.75,5064.0,31.66
28.15,92.8,4370.0,40.48
28.15,92.85,5111.0,19.33
28.15,92.9,4248.0,9.57
28.15,92.95,4115.0,19.26
28.15,93.0,4441.0,9.61
28.15,93.05,3907.0,22.46
28.15,93.1,2566.0,17.19
28.15,93.15,2370.0,22.09
28.15,93.2,1616.0,35.28
28.15,93.25,2152.0,24.74
28.15,93.3,2066.0,25.74
28.15,93.35,1615.0,29.95
28.15,93.4,1710.0,30.88
28.15,93.45,2062.0,27.66
28.15,93.5,1495.0,19.73
28.15,93.55,1487.0,17.35
28.15,93.6,1859.0,30.88
28.15,93.65,1213.0,21.03
28.15,93.7,1248.0,16.61
28.15,93.75,1385.0,25.03
28.15,93.8,1608.0,17.42
28.15,93.85,1801.0,16.28
28.15,93.9,2409.0,23.67
28.15,93.95,1528.0,30.38
28.15,94.0,975.0,28.64
28.15,94.05,1156.0,13.87
28.15,94.1,1606.0,40.63
28.15,94.15,437.0,27.62
28.15,94.2,922.0,25.16
28.15,94.25,1872.0,33.92
28.15,94.3,1798.0,20.57
28.15,94.35,1830.0,24.21
28.15,94.4,1735.0,35.05
28.15,94.45,1126.0,21.08
28.15,94.5,1634.0,23.9
28.15,94.55,770.0,15.52
28.15,94.6,1138.0,25.6
28.15,94.65,707.0,16.64
28.15,94.7,767.0,21.05
28.15,94.75,782.0,24.22
28.15,94.8,278.0,7.74
28.15,94.85,597.0,19.77
28.15,94.9,1176.0,10.79
28.15,94.95,1286.0,18.8
28.15,95.0,689.0,15.46
28.15,95.05,487.0,20.68
28.15,95.1,518.0,26.61
28.15,95.15,407.0,36.55
28.15,95.2,542.0,18.77
28.15,95.25,586.0,14.61
28.15,95.3,510.0,17.79
28.15,95.35,416.0,9.12
28.15,95.4,299.0,1.15
28.15,95.45,282.0,3.61
28.15,95.5,258.0,2.57
28.15,95.55,255.0,1.25
28.15,95.6,242.0,0.75
28.15,95.65,222.0,0.73
28.15,95.7,200.0,0.79
28.15,95.75,223.0,1.23
28.15,95.8,311.0,1.51
28.15,95.85,514.0,26.44
28.15,95.9,924.0,22.73
28.15,95.95,1744.0,28.83
28.15,96.0,1667.0,25.58
28.15,96.05,1606.0,19.65
28.15,96.1,2174.0,17.12
28.15,96.15,1142.0,36.69
28.15,96.2,2642.0,28.65
28.15,96.25,1962.0,30.73
28.15,96.3,2470.0,37.08
28.15,96.35,1997.0,36.68
28.15,96.4,2870.0,14.06
28.15,96.45,2842.0,29.2
28.2,89.5,4592.0,1.47
28.2,89.55,4773.0,7.23
28.2,89.6,4931.0,3.0
28.2,89.65,4669.0,15.52
28.2,89.7,5187.0,21.86
28.2,89.75,5250.0,13.2
28.2,89.8,5001.0,22.12
28.2,89.85,4953.0,23.32
28.2,89.9,5644.0,1.86
28.2,89.95,6421.0,15.2
28.2,90.0,5850.0,5.45
28.2,90.05,5904.0,34.64
28.2,90.1,5409.0,5.7
28.2,90.15,6186.0,26.23
28.2,90.2,5956.0,30.68
28.2,90.25,5733.0,5.28
28.2,90.3,6444.0,15.81
28.2,90.35,6585.0,35.68
28.2,90.4,5749.0,31.46
28.2,90.45,5448.0,17.37
28.2,90.5,6024.0,17.51
28.2,90.55,5655.0,5.4
28.2,90.6,5371.0,5.17
28.2,90.65,5295.0,14.82
28.2,90.7,4802.0,7.51
28.2,90.75,4896.0,17.72
28.2,90.8,4792.0,18.36
28.2,90.85,4085.0,14.21
28.2,90.9,4582.0,18.26
28.2,90.95,4611.0,12.68
28.2,91.0,3830.0,15.16
28.2,91.05,4075.0,25.16
28.2,91.1,4400.0,21.19
28.2,91.15,4890.0,14.46
28.2,91.2,3607.0,23.79
28.2,91.25,3896.0,24.11
28.2,91.3,4083.0,12.31
28.2,91.35,4868.0,27.03
28.2,91.4,5513.0,14.3
28.2,91.45,5541.0,24.53
28.2,91.5,5266.0,15.61
28.2,91.55,5354.0,16.11
28.2,91.6,4836.0,32.59
28.2,91.65,5404.0,5.34
28.2,91.7,5219.0,32.94
28.2,91.75,4642.0,17.41
28.2,91.8,4377.0,11.36
28.2,91.85,5742.0,29.27
28.2,91.9,5196.0,14.71
28.2,91.95,4738.0,7.67
28.2,92.0,5170.0,6.25
28.2,92.05,5156.0,9.12
28.2,92.1,4911.0,9.27
28.2,92.15,5279.0,25.98
28.2,92.2,4553.0,18.14
28.2,92.25,4506.0,14.76
28.2,92.3,4253.0,14.5
28.2,92.35,4117.0,20.33
28.2,92.4,4064.0,9.0
28.2,92.45,3706.0,11.86
28.2,92.5,4093.0,9.31
28.2,92.55,4518.0,3.01
28.2,92.6,4527.0,12.02
28.2,92.65,5693.0,3.4
28.2,92.7,5694.0,29.04
28.2,92.75,5754.0,52.37
28.2,92.8,5655.0,9.35
28.2,92.85,5455.0,33.92
28.2,92.9,5385.0,37.09
28.2,92.95,4200.0,21.77
28.2,93.0,3479.0,13.81
28.2,93.05,2912.0,29.36
28.2,93.1,3062.0,32.9
28.2,93.15,2750.0,32.22
28.2,93.2,1834.0,38.15
28.2,93.25,2960.0,14.04
28.2,93.3,2264.0,25.46
28.2,93.35,3006.0,13.4
28.2,93.4,1734.0,40.66
28.2,93.45,2942.0,26.61
28.2,93.5,1741.0,35.89
28.2,93.55,2182.0,26.96
28.2,93.6,1707.0,20.67
28.2,93.65,1045.0,26.44
28.2,93.7,1972.0,31.59
28.2,93.75,1707.0,21.24
28.2,93.8,2221.0,38.6
28.2,93.85,2482.0,4.07
28.2,93.9,1667.0,28.98
28.2,93.95,1132.0,36.71
28.2,94.0,1919.0,17.19
28.2,94.05,2254.0,37.1
28.2,94.1,1542.0,20.51
28.2,94.15,693.0,20.72
28.2,94.2,911.0,18.03
28.2,94.25,1858.0,25.18
28.2,94.3,2176.0,19.58
28.2,94.35,2765.0,25.84
28.2,94.4,1978.0,18.97
28.2,94.45,2321.0,29.84
28.2,94.5,1557.0,19.13
28.2,94.55,639.0,5.85
28.2,94.6,418.0,10.38
28.2,94.65,529.0,11.46
28.2,94.7,259.0,4.55
28.2,94.75,258.0,10.54
28.2,94.8,240.0,2.77
28.2,94.85,386.0,9.25
28.2,94.9,731.0,26.02
28.2,94.95,1431.0,33.87
28.2,95.0,494.0,5.64
28.2,95.05,964.0,21.87
28.2,95.1,1750.0,19.68
28.2,95.15,1133.0,37.91
28.2,95.2,598.0,23.69
28.2,95.25,931.0,20.63
28.2,95.3,1686.0,8.33
28.2,95.35,945.0,13.6
28.2,95.4,584.0,19.5
28.2,95.45,658.0,14.6
28.2,95.5,550.0,14.12
28.2,95.55,313.0,2.03
28.2,95.6,300.0,0.65
28.2,95.65,262.0,1.78
28.2,95.7,219.0,0.24
28.2,95.75,217.0,0.85
28.2,95.8,573.0,11.08
28.2,95.85,784.0,14.25
28.2,95.9,1321.0,15.6
28.2,95.95,2182.0,24.47
28.2,96.0,3042.0,22.54
28.2,96.05,3058.0,18.75
28.2,96.1,2372.0,26.1
28.2,96.15,2036.0,35.25
28.2,96.2,3342.0,37.08
28.2,96.25,2486.0,31.48
28.2,96.3,3171.0,40.73
28.2,96.35,1819.0,28.23
28.2,96.4,3446.0,24.9
28.2,96.45,2923.0,29.6
28.25,89.5,5064.0,12.29
28.25,89.55,4592.0,1.44
28.25,89.6,4717.0,4.32
28.25,89.65,4593.0,5.02
28.25,89.7,4728.0,7.25
28.25,89.75,5057.0,6.37
28.25,89.8,6150.0,17.1
28.25,89.85,5169.0,30.37
28.25,89.9,4841.0,3.01
28.25,89.95,5399.0,20.87
28.25,90.0,5238.0,3.88
28.25,90.05,5548.0,22.01
28.25,90.1,5126.0,0.06
28.25,90.15,5667.0,5.22
28.25,90.2,5731.0,5.79
28.25,90.25,5669.0,16.79
28.25,90.3,6256.0,13.68
28.25,90.35,5968.0,12.63
28.25,90.4,5235.0,9.93
28.25,90.45,5523.0,16.83
28.25,90.5,5622.0,16.63
28.25,90.55,5936.0,20.48
28.25,90.6,5969.0,31.15
28.25,90.65,5903.0,28.71
28.25,90.7,4775.0,5.03
28.25,90.75,4733.0,4.38
28.25,90.8,4398.0,11.92
28.25,90.85,4600.0,14.11
28.25,90.9,4234.0,26.07
28.25,90.95,4043.0,20.01
28.25,91.0,4202.0,5.93
28.25,91.05,4261.0,28.95
28.25,91.1,4037.0,7.92
28.25,91.15,4752.0,18.26
28.25,91.2,3817.0,52.17
28.25,91.25,5074.0,18.91
28.25,91.3,5250.0,23.49
28.25,91.35,5283.0,31.13
28.25,91.4,5220.0,22.41
28.25,91.45,5371.0,13.91
28.25,91.5,5524.0,9.44
28.25,91.55,5066.0,7.0
28.25,91.6,5233.0,10.3
28.25,91.65,5250.0,11.32
28.25,91.7,4838.0,23.66
28.25,91.75,4445.0,17.97
28.25,91.8,4547.0,19.82
28.25,91.85,5343.0,19.72
28.25,91.9,5130.0,6.02
28.25,91.95,4811.0,4.36
28.25,92.0,5408.0,17.34
28.25,92.05,5207.0,23.66
28.25,92.1,5140.0,9.97
28.25,92.15,4995.0,14.76
28.25,92.2,5050.0,17.49
28.25,92.25,4838.0,22.79
28.25,92.3,4081.0,6.58
28.25,92.35,4594.0,12.26
28.25,92.4,4276.0,16.27
28.25,92.45,3809.0,6.28
28.25,92.5,3805.0,8.6
28.25,92.55,4067.0,33.78
28.25,92.6,4259.0,29.6
28.25,92.65,3873.0,25.51
28.25,92.7,4981.0,33.85
28.25,92.75,4913.0,36.92
28.25,92.8,4948.0,11.54
28.25,92.85,4440.0,26.28
28.25,92.9,4389.0,36.92
28.25,92.95,4713.0,29.82
28.25,93.0,4660.0,28.23
28.25,93.05,3305.0,27.28
28.25,93.1,3910.0,26.7
28.25,93.15,2649.0,16.85
28.25,93.2,2636.0,45.74
28.25,93.25,2331.0,15.8
28.25,93.3,2853.0,13.46
28.25,93.35,2744.0,12.22
28.25,93.4,2985.0,23.66
28.25,93.45,3621.0,23.49
28.25,93.5,3528.0,31.42
28.25,93.55,3766.0,33.94
28.25,93.6,2347.0,20.67
28.25,93.65,1558.0,16.36
28.25,93.7,2152.0,36.25
28.25,93.75,2916.0,37.34
28.25,93.8,2791.0,24.3
28.25,93.85,2883.0,26.73
28.25,93.9,3194.0,23.34
28.25,93.95,2336.0,19.08
28.25,94.0,2363.0,40.65
28.25,94.05,2145.0,19.2
28.25,94.1,1121.0,34.18
28.25,94.15,814.0,27.45
28.25,94.2,921.0,22.81
28.25,94.25,941.0,23.98
28.25,94.3,1580.0,31.28
28.25,94.35,2598.0,32.56
28.25,94.4,2877.0,29.99
28.25,94.45,2348.0,17.48
28.25,94.5,1577.0,23.37
28.25,94.55,1687.0,20.95
28.25,94.6,893.0,6.5
28.25,94.65,634.0,20.62
28.25,94.7,545.0,13.86
28.25,94.75,591.0,15.47
28.25,94.8,472.0,21.25
28.25,94.85,570.0,13.26
28.25,94.9,770.0,21.82
28.25,94.95,794.0,30.19
28.25,95.0,458.0,25.68
28.25,95.05,1137.0,8.64
28.25,95.1,1546.0,27.05
28.25,95.15,1022.0,22.21
28.25,95.2,589.0,30.95
28.25,95.25,1445.0,33.6
28.25,95.3,1511.0,28.21
28.25,95.35,1714.0,32.39
28.25,95.4,2037.0,18.37
28.25,95.45,1321.0,22.32
28.25,95.5,1721.0,29.5
28.25,95.55,446.0,9.64
28.25,95.6,386.0,2.13
28.25,95.65,304.0,1.25
28.25,95.7,245.0,0.59
28.25,95.75,426.0,6.61
28.25,95.8,1716.0,24.67
28.25,95.85,1585.0,32.35
28.25,95.9,2909.0,10.46
28.25,95.95,1880.0,19.39
28.25,96.0,3053.0,7.03
28.25,96.05,1417.0,28.66
28.25,96.1,1945.0,24.05
28.25,96.15,2681.0,37.92
28.25,96.2,3691.0,19.97
28.25,96.25,3723.0,6.2
28.25,96.3,2084.0,35.16
28.25,96.35,3369.0,38.51
28.25,96.4,2975.0,28.37
28.25,96.45,2305.0,23.41
28.3,89.5,4618.0,12.32
28.3,89.55,4528.0,2.56
28.3,89.6,4872.0,17.2
28.3,89.65,4718.0,2.11
28.3,89.7,4742.0,2.06
28.3,89.75,5122.0,5.68
28.3,89.8,5149.0,3.91
28.3,89.85,5026.0,3.06
28.3,89.9,4856.0,9.91
28.3,89.95,5845.0,31.37
28.3,90.0,5045.0,4.27
28.3,90.05,5116.0,5.33
28.3,90.1,5596.0,12.99
28.3,90.15,5530.0,1.35
28.3,90.2,5445.0,12.35
28.3,90.25,5536.0,5.19
28.3,90.3,5699.0,7.11
28.3,90.35,5702.0,17.17
28.3,90.4,5051.0,4.7
28.3,90.45,4608.0,2.63
28.3,90.5,5017.0,18.35
28.3,90.55,5124.0,14.52
28.3,90.6,5624.0,11.66
28.3,90.65,5512.0,11.89
28.3,90.7,5802.0,44.5
28.3,90.75,4980.0,30.5
28.3,90.8,4949.0,8.13
28.3,90.85,4894.0,25.53
28.3,90.9,4720.0,21.6
28.3,90.95,4183.0,33.4
28.3,91.0,4482.0,28.76
28.3,91.05,4458.0,28.84
28.3,91.1,4909.0,28.88
28.3,91.15,5475.0,24.26
28.3,91.2,4734.0,16.62
28.3,91.25,4278.0,16.81
28.3,91.3,4034.0,24.19
28.3,91.35,4917.0,31.49
28.3,91.4,5067.0,31.57
28.3,91.45,4578.0,14.89
28.3,91.5,5371.0,22.11
28.3,91.55,5200.0,25.38
28.3,91.6,5065.0,15.28
28.3,91.65,4694.0,14.46
28.3,91.7,4847.0,21.98
28.3,91.75,4763.0,25.28
28.3,91.8,4557.0,22.04
28.3,91.85,5080.0,14.38
28.3,91.9,5042.0,20.19
28.3,91.95,4749.0,0.75
28.3,92.0,5177.0,14.21
28.3,92.05,5200.0,23.17
28.3,92.1,5628.0,21.12
28.3,92.15,4693.0,9.9
28.3,92.2,5128.0,19.76
28.3,92.25,4982.0,31.18
28.3,92.3,5224.0,28.2
28.3,92.35,5106.0,23.89
28.3,92.4,4457.0,11.06
28.3,92.45,4426.0,24.88
28.3,92.5,4486.0,18.39
28.3,92.55,4787.0,8.61
28.3,92.6,4424.0,16.0
28.3,92.65,3922.0,24.06
28.3,92.7,3534.0,23.11
28.3,92.75,3411.0,30.18
28.3,92.8,3433.0,36.62
28.3,92.85,3722.0,39.44
28.3,92.9,4133.0,31.87
28.3,92.95,4600.0,37.39
28.3,93.0,4688.0,26.78
28.3,93.05,4218.0,23.63
28.3,93.1,4045.0,26.41
28.3,93.15,2715.0,31.89
28.3,93.2,4132.0,22.94
28.3,93.25,3501.0,20.58
28.3,93.3,3935.0,6.54
28.3,93.35,4111.0,16.16
28.3,93.4,3684.0,32.06
28.3,93.45,4635.0,18.16
28.3,93.5,3215.0,42.18
28.3,93.55,3905.0,8.13
28.3,93.6,2365.0,14.32
28.3,93.65,2743.0,37.14
28.3,93.7,2172.0,31.45
28.3,93.75,3534.0,29.03
28.3,93.8,2309.0,32.44
28.3,93.85,1413.0,27.67
28.3,93.9,2248.0,42.05
28.3,93.95,1857.0,36.36
28.3,94.0,1795.0,31.63
28.3,94.05,643.0,33.64
28.3,94.1,1316.0,33.59
28.3,94.15,1391.0,36.17
28.3,94.2,1910.0,24.75
28.3,94.25,2671.0,31.48
28.3,94.3,1980.0,38.82
28.3,94.35,2181.0,20.66
28.3,94.4,2425.0,26.34
28.3,94.45,1947.0,34.52
28.3,94.5,1057.0,10.24
28.3,94.55,848.0,23.92
28.3,94.6,939.0,11.67
28.3,94.65,382.0,11.67
28.3,94.7,459.0,22.44
28.3,94.75,1206.0,7.63
28.3,94.8,707.0,14.57
28.3,94.85,616.0,19.82
28.3,94.9,890.0,25.64
28.3,94.95,212.0,16.45
28.3,95.0,1158.0,34.28
28.3,95.05,982.0,12.81
28.3,95.1,1552.0,23.4
28.3,95.15,1061.0,32.07
28.3,95.2,706.0,21.01
28.3,95.25,1477.0,20.57
28.3,95.3,1956.0,32.08
28.3,95.35,2960.0,21.39
28.3,95.4,1605.0,20.42
28.3,95.45,2336.0,33.91
28.3,95.5,1673.0,25.06
28.3,95.55,911.0,33.93
28.3,95.6,1050.0,21.59
28.3,95.65,500.0,6.65
28.3,95.7,341.0,3.43
28.3,95.75,1070.0,11.81
28.3,95.8,1152.0,49.49
28.3,95.85,2203.0,28.96
28.3,95.9,1922.0,21.98
28.3,95.95,901.0,22.58
28.3,96.0,1009.0,22.85
28.3,96.05,835.0,24.61
28.3,96.1,1458.0,24.4
28.3,96.15,1914.0,24.86
28.3,96.2,2337.0,19.05
28.3,96.25,3703.0,38.85
28.3,96.3,2774.0,41.42
28.3,96.35,2832.0,27.77
28.3,96.4,3937.0,26.82
28.3,96.45,2989.0,31.92
28.35,89.5,4652.0,8.52
28.35,89.55,4473.0,6.46
28.35,89.6,4954.0,15.14
28.35,89.65,4941.0,11.27
28.35,89.7,4800.0,3.06
28.35,89.75,5014.0,19.4
28.35,89.8,5356.0,14.01
28.35,89.85,4799.0,3.43
28.35,89.9,4715.0,1.67
28.35,89.95,5514.0,22.12
28.35,90.0,5722.0,20.93
28.35,90.05,5567.0,9.43
28.35,90.1,5590.0,8.02
28.35,90.15,5866.0,0.89
28.35,90.2,5308.0,1.31
28.35,90.25,5321.0,1.69
28.35,90.3,5371.0,3.61
28.35,90.35,5619.0,12.87
28.35,90.4,4975.0,7.27
28.35,90.45,5084.0,12.63
28.35,90.5,4763.0,23.63
28.35,90.55,4405.0,6.42
28.35,90.6,4335.0,16.47
28.35,90.65,4635.0,11.14
28.35,90.7,4798.0,29.95
28.35,90.75,5036.0,38.1
28.35,90.8,5274.0,28.75
28.35,90.85,4631.0,16.9
28.35,90.9,4503.0,17.78
28.35,90.95,3969.0,8.14
28.35,91.0,5170.0,24.01
28.35,91.05,4952.0,23.85
28.35,91.1,5271.0,29.71
28.35,91.15,6347.0,31.57
28.35,91.2,5065.0,12.18
28.35,91.25,4377.0,20.84
28.35,91.3,4629.0,23.61
28.35,91.35,4251.0,31.07
28.35,91.4,4206.0,11.39
28.35,91.45,5085.0,11.34
28.35,91.5,4871.0,6.02
28.35,91.55,4965.0,8.85
28.35,91.6,4774.0,10.2
28.35,91.65,4778.0,31.17
28.35,91.7,4676.0,20.18
28.35,91.75,4622.0,11.84
28.35,91.8,5076.0,25.9
28.35,91.85,5340.0,21.99
28.35,91.9,5233.0,21.46
28.35,91.95,4781.0,0.77
28.35,92.0,4931.0,8.85
28.35,92.05,4961.0,27.11
28.35,92.1,4967.0,10.74
28.35,92.15,4462.0,12.24
28.35,92.2,4846.0,11.58
28.35,92.25,4923.0,19.35
28.35,92.3,4671.0,13.79
28.35,92.35,4674.0,14.13
28.35,92.4,4493.0,14.76
28.35,92.45,4221.0,11.84
28.35,92.5,4346.0,16.95
28.35,92.55,5009.0,29.71
28.35,92.6,5182.0,21.69
28.35,92.65,5365.0,10.8
28.35,92.7,3927.0,28.66
28.35,92.75,3778.0,14.91
28.35,92.8,4929.0,31.02
28.35,92.85,5080.0,28.41
28.35,92.9,4307.0,27.07
28.35,92.95,4124.0,36.02
28.35,93.0,4035.0,30.88
28.35,93.05,3642.0,22.62
28.35,93.1,4381.0,14.7
28.35,93.15,3929.0,30.76
28.35,93.2,4375.0,11.07
28.35,93.25,3858.0,30.15
28.35,93.3,4306.0,45.05
28.35,93.35,3970.0,11.88
28.35,93.4,3608.0,36.9
28.35,93.45,2816.0,35.2
28.35,93.5,2595.0,36.36
28.35,93.55,2141.0,36.37
28.35,93.6,1695.0,43.33
28.35,93.65,2761.0,15.51
28.35,93.7,2673.0,34.87
28.35,93.75,2898.0,12.7
28.35,93.8,1979.0,33.57
28.35,93.85,1821.0,26.92
28.35,93.9,1531.0,39.22
28.35,93.95,1159.0,30.47
28.35,94.0,1388.0,33.55
28.35,94.05,1281.0,35.93
28.35,94.1,1763.0,30.12
28.35,94.15,3009.0,17.54
28.35,94.2,1762.0,21.19
28.35,94.25,2485.0,20.51
28.35,94.3,3116.0,24.39
28.35,94.35,3787.0,10.95
28.35,94.4,3814.0,14.07
28.35,94.45,2115.0,30.0
28.35,94.5,1208.0,6.56
28.35,94.55,1525.0,24.81
28.35,94.6,757.0,5.72
28.35,94.65,692.0,22.93
28.35,94.7,490.0,9.51
28.35,94.75,1640.0,24.71
28.35,94.8,1375.0,19.87
28.35,94.85,1425.0,8.46
28.35,94.9,1165.0,15.16
28.35,94.95,557.0,31.84
28.35,95.0,385.0,18.35
28.35,95.05,247.0,7.99
28.35,95.1,1537.0,2.87
28.35,95.15,1913.0,15.11
28.35,95.2,1024.0,30.82
28.35,95.25,1733.0,18.38
28.35,95.3,1472.0,27.7
28.35,95.35,1928.0,23.2
28.35,95.4,1576.0,32.18
28.35,95.45,1603.0,31.2
28.35,95.5,1265.0,16.28
28.35,95.55,985.0,30.45
28.35,95.6,1404.0,36.26
28.35,95.65,1578.0,33.27
28.35,95.7,1655.0,6.85
28.35,95.75,1142.0,40.76
28.35,95.8,1663.0,38.16
28.35,95.85,2220.0,21.92
28.35,95.9,1436.0,23.75
28.35,95.95,662.0,27.39
28.35,96.0,1504.0,26.2
28.35,96.05,2520.0,41.21
28.35,96.1,1755.0,48.64
28.35,96.15,1331.0,27.67
28.35,96.2,2362.0,27.26
28.35,96.25,3170.0,36.7
28.35,96.3,4050.0,27.48
28.35,96.35,3549.0,33.24
28.35,96.4,3029.0,23.22
28.35,96.45,3135.0,48.3
28.4,89.5,4787.0,11.07
28.4,89.55,4402.0,2.18
28.4,89.6,4820.0,28.62
28.4,89.65,5460.0,14.92
28.4,89.7,5092.0,10.46
28.4,89.75,4921.0,9.66
28.4,89.8,5167.0,9.17
28.4,89.85,4751.0,3.66
28.4,89.9,4634.0,0.65
28.4,89.95,4818.0,18.63
28.4,90.0,5676.0,23.78
28.4,90.05,5730.0,15.76
28.4,90.1,5679.0,10.52
28.4,90.15,5526.0,7.13
28.4,90.2,5237.0,2.4
28.4,90.25,5264.0,3.19
28.4,90.3,5334.0,5.89
28.4,90.35,5417.0,4.62
28.4,90.4,4951.0,10.27
28.4,90.45,5189.0,20.67
28.4,90.5,5028.0,19.5
28.4,90.55,5497.0,29.02
28.4,90.6,5184.0,13.98
28.4,90.65,5016.0,35.15
28.4,90.7,4489.0,9.27
28.4,90.75,4518.0,15.0
28.4,90.8,4384.0,21.78
28.4,90.85,4435.0,10.87
28.4,90.9,4317.0,33.62
28.4,90.95,4889.0,26.35
28.4,91.0,4580.0,23.54
28.4,91.05,5230.0,15.46
28.4,91.1,5637.0,27.39
28.4,91.15,5230.0,25.85
28.4,91.2,5068.0,33.88
28.4,91.25,5223.0,32.02
28.4,91.3,5109.0,16.87
28.4,91.35,4981.0,17.52
28.4,91.4,4548.0,20.11
28.4,91.45,4372.0,10.16
28.4,91.5,4432.0,19.22
28.4,91.55,5130.0,17.66
28.4,91.6,5240.0,13.14
28.4,91.65,5104.0,20.66
28.4,91.7,5036.0,10.08
28.4,91.75,4898.0,17.52
28.4,91.8,4692.0,9.77
28.4,91.85,5124.0,18.83
28.4,91.9,5310.0,7.82
28.4,91.95,4794.0,8.65
28.4,92.0,4909.0,25.36
28.4,92.05,4524.0,22.26
28.4,92.1,4504.0,20.02
28.4,92.15,4163.0,2.07
28.4,92.2,4170.0,2.91
28.4,92.25,4228.0,12.41
28.4,92.3,4142.0,15.46
28.4,92.35,4032.0,3.01
28.4,92.4,3913.0,1.79
28.4,92.45,3879.0,2.05
28.4,92.5,3882.0,4.54
28.4,92.55,4208.0,21.11
28.4,92.6,4080.0,20.24
28.4,92.65,4009.0,23.11
28.4,92.7,3804.0,36.43
28.4,92.75,4033.0,37.6
28.4,92.8,5045.0,20.53
28.4,92.85,4656.0,24.31
28.4,92.9,4196.0,23.85
28.4,92.95,3759.0,30.38
28.4,93.0,3564.0,30.11
28.4,93.05,3899.0,36.68
28.4,93.1,3600.0,33.13
28.4,93.15,3624.0,33.59
28.4,93.2,3570.0,22.7
28.4,93.25,3553.0,18.45
28.4,93.3,3346.0,18.38
28.4,93.35,2964.0,23.3
28.4,93.4,1854.0,13.6
28.4,93.45,2962.0,43.28
28.4,93.5,2028.0,21.02
28.4,93.55,2546.0,21.01
28.4,93.6,2912.0,22.68
28.4,93.65,1680.0,31.17
28.4,93.7,764.0,15.45
28.4,93.75,1129.0,32.6
28.4,93.8,1288.0,26.47
28.4,93.85,877.0,26.38
28.4,93.9,809.0,20.79
28.4,93.95,1585.0,34.59
28.4,94.0,1824.0,17.47
28.4,94.05,1029.0,30.78
28.4,94.1,2170.0,40.45
28.4,94.15,2756.0,32.43
28.4,94.2,2399.0,15.76
28.4,94.25,3099.0,29.09
28.4,94.3,3567.0,26.14
28.4,94.35,2934.0,30.04
28.4,94.4,2233.0,15.75
28.4,94.45,3078.0,34.63
28.4,94.5,2943.0,27.82
28.4,94.55,1582.0,22.79
28.4,94.6,1416.0,36.74
28.4,94.65,1122.0,17.78
28.4,94.7,379.0,16.42
28.4,94.75,1615.0,33.05
28.4,94.8,1131.0,36.69
28.4,94.85,825.0,12.67
28.4,94.9,645.0,29.86
28.4,94.95,933.0,36.81
28.4,95.0,2265.0,12.41
28.4,95.05,879.0,19.66
28.4,95.1,392.0,9.53
28.4,95.15,1237.0,14.97
28.4,95.2,1562.0,30.54
28.4,95.25,608.0,5.22
28.4,95.3,1284.0,22.63
28.4,95.35,1758.0,19.51
28.4,95.4,962.0,22.06
28.4,95.45,1776.0,23.26
28.4,95.5,1007.0,32.97
28.4,95.55,2080.0,35.68
28.4,95.6,1338.0,28.16
28.4,95.65,808.0,23.14
28.4,95.7,936.0,23.25
28.4,95.75,1345.0,22.67
28.4,95.8,771.0,39.28
28.4,95.85,1524.0,29.18
28.4,95.9,470.0,11.98
28.4,95.95,1260.0,36.15
28.4,96.0,1290.0,42.39
28.4,96.05,2140.0,37.0
28.4,96.1,3842.0,35.86
28.4,96.15,3100.0,43.27
28.4,96.2,2472.0,42.53
28.4,96.25,3938.0,33.11
28.4,96.3,4161.0,39.86
28.4,96.35,3522.0,14.09
28.4,96.4,4394.0,46.61
28.4,96.45,3769.0,5.86
28.45,89.5,4794.0,9.5
28.45,89.55,4690.0,15.34
28.45,89.6,4355.0,1.8
28.45,89.65,4482.0,6.06
28.45,89.7,5029.0,15.4
28.45,89.75,5312.0,15.13
28.45,89.8,5011.0,8.16
28.45,89.85,4724.0,8.99
28.45,89.9,4573.0,0.68
28.45,89.95,4833.0,14.34
28.45,90.0,5680.0,21.76
28.45,90.05,5483.0,21.56
28.45,90.1,5619.0,13.33
28.45,90.15,5357.0,9.54
28.45,90.2,5166.0,0.5
28.45,90.25,5188.0,1.91
28.45,90.3,5309.0,2.46
28.45,90.35,5674.0,20.06
28.45,90.4,5148.0,10.35
28.45,90.45,5195.0,4.06
28.45,90.5,5444.0,1.3
28.45,90.55,5458.0,14.43
28.45,90.6,5959.0,5.26
28.45,90.65,5566.0,13.76
28.45,90.7,5035.0,13.77
28.45,90.75,5195.0,6.64
28.45,90.8,4619.0,17.85
28.45,90.85,4646.0,21.69
28.45,90.9,5024.0,10.13
28.45,90.95,4724.0,26.2
28.45,91.0,4542.0,15.05
28.45,91.05,5049.0,26.65
28.45,91.1,5552.0,16.72
28.45,91.15,5223.0,18.76
28.45,91.2,4888.0,23.37
28.45,91.25,4614.0,10.4
28.45,91.3,4538.0,19.05
28.45,91.35,4346.0,9.37
28.45,91.4,4193.0,3.36
28.45,91.45,4384.0,10.45
28.45,91.5,4622.0,15.62
28.45,91.55,4837.0,14.08
28.45,91.6,4956.0,8.1
28.45,91.65,4759.0,4.8
28.45,91.7,4812.0,16.21
28.45,91.75,4774.0,13.08
28.45,91.8,4894.0,14.2
28.45,91.85,5085.0,9.65
28.45,91.9,4913.0,4.18
28.45,91.95,5054.0,11.38
28.45,92.0,4909.0,7.11
28.45,92.05,4660.0,7.53
28.45,92.1,4440.0,8.32
28.45,92.15,4571.0,13.92
28.45,92.2,4044.0,5.76
28.45,92.25,4380.0,22.44
28.45,92.3,4541.0,4.22
28.45,92.35,4437.0,23.62
28.45,92.4,4608.0,20.55
28.45,92.45,4410.0,25.75
28.45,92.5,4448.0,18.36
28.45,92.55,4113.0,5.58
28.45,92.6,4158.0,27.47
28.45,92.65,4862.0,30.51
28.45,92.7,5091.0,29.63
28.45,92.75,4913.0,18.64
28.45,92.8,5360.0,11.1
28.45,92.85,4902.0,13.46
28.45,92.9,4417.0,31.8
28.45,92.95,3129.0,20.93
28.45,93.0,4392.0,27.94
28.45,93.05,4571.0,18.87
28.45,93.1,3982.0,23.29
28.45,93.15,2575.0,33.3
28.45,93.2,2813.0,35.72
28.45,93.25,3385.0,21.52
28.45,93.3,3209.0,41.33
28.45,93.35,2941.0,47.14
28.45,93.4,3844.0,36.45
28.45,93.45,2188.0,20.47
28.45,93.5,3562.0,33.63
28.45,93.55,4524.0,22.01
28.45,93.6,3794.0,33.1
28.45,93.65,3267.0,20.77
28.45,93.7,2115.0,19.4
28.45,93.75,2846.0,40.05
28.45,93.8,2362.0,32.37
28.45,93.85,2169.0,35.39
28.45,93.9,1988.0,33.86
28.45,93.95,2524.0,37.67
28.45,94.0,3095.0,24.07
28.45,94.05,1914.0,23.56
28.45,94.1,1974.0,22.36
28.45,94.15,3391.0,11.42
28.45,94.2,2907.0,24.5
28.45,94.25,3425.0,25.23
28.45,94.3,3630.0,7.78
28.45,94.35,3405.0,30.96
28.45,94.4,1719.0,14.48
28.45,94.45,2222.0,40.37
28.45,94.5,2411.0,26.05
28.45,94.55,1786.0,26.66
28.45,94.6,1524.0,24.69
28.45,94.65,1080.0,32.54
28.45,94.7,777.0,27.29
28.45,94.75,2301.0,26.22
28.45,94.8,977.0,31.4
28.45,94.85,1008.0,32.03
28.45,94.9,542.0,22.09
28.45,94.95,1991.0,23.3
28.45,95.0,1831.0,18.03
28.45,95.05,1023.0,34.34
28.45,95.1,497.0,18.48
28.45,95.15,1262.0,10.89
28.45,95.2,1046.0,28.53
28.45,95.25,1285.0,10.67
28.45,95.3,2014.0,27.75
28.45,95.35,1805.0,15.96
28.45,95.4,1970.0,32.79
28.45,95.45,1753.0,34.3
28.45,95.5,1234.0,29.7
28.45,95.55,2393.0,9.43
28.45,95.6,1947.0,24.17
28.45,95.65,2226.0,31.21
28.45,95.7,1403.0,26.32
28.45,95.75,975.0,14.5
28.45,95.8,1274.0,33.22
28.45,95.85,883.0,20.07
28.45,95.9,1565.0,29.0
28.45,95.95,1912.0,23.67
28.45,96.0,2220.0,27.99
28.45,96.05,2652.0,38.57
28.45,96.1,3195.0,27.67
28.45,96.15,3667.0,28.09
28.45,96.2,2130.0,15.28
28.45,96.25,2770.0,33.94
28.45,96.3,3501.0,31.12
28.45,96.35,3744.0,33.85
28.45,96.4,3322.0,9.72
28.45,96.45,3091.0,33.76
28.5,89.5,5230.0,18.7
28.5,89.55,5336.0,24.92
28.5,89.6,5066.0,7.02
28.5,89.65,4680.0,26.72
28.5,89.7,5394.0,18.74
28.5,89.75,5260.0,27.46
28.5,89.8,4925.0,7.76
28.5,89.85,4565.0,8.21
28.5,89.9,4523.0,2.73
28.5,89.95,4645.0,11.93
28.5,90.0,5044.0,21.68
28.5,90.05,5070.0,14.25
28.5,90.1,5568.0,6.84
28.5,90.15,5438.0,4.17
28.5,90.2,5193.0,5.77
28.5,90.25,5481.0,14.34
28.5,90.3,5279.0,16.61
28.5,90.35,5423.0,8.59
28.5,90.4,5014.0,0.58
28.5,90.45,5024.0,0.85
28.5,90.5,5040.0,2.19
28.5,90.55,5028.0,0.7
28.5,90.6,5032.0,7.84
28.5,90.65,5043.0,12.78
28.5,90.7,5558.0,24.6
28.5,90.75,5148.0,20.51
28.5,90.8,5246.0,13.61
28.5,90.85,5333.0,19.14
28.5,90.9,5377.0,19.59
28.5,90.95,4979.0,32.96
28.5,91.0,5483.0,10.58
28.5,91.05,5372.0,11.22
28.5,91.1,5492.0,15.63
28.5,91.15,5404.0,23.04
28.5,91.2,5312.0,14.89
28.5,91.25,5362.0,10.16
28.5,91.3,5136.0,18.59
28.5,91.35,4592.0,20.99
28.5,91.4,5198.0,23.72
28.5,91.45,5085.0,24.94
28.5,91.5,5292.0,5.53
28.5,91.55,5335.0,20.81
28.5,91.6,5109.0,6.76
28.5,91.65,4967.0,3.59
28.5,91.7,5075.0,6.59
28.5,91.75,4666.0,9.39
28.5,91.8,5128.0,14.18
28.5,91.85,4990.0,14.01
28.5,91.9,4941.0,18.47
28.5,91.95,4982.0,16.01
28.5,92.0,4556.0,5.2
28.5,92.05,4545.0,13.63
28.5,92.1,4173.0,9.35
28.5,92.15,4278.0,24.2
28.5,92.2,4749.0,21.49
28.5,92.25,4440.0,13.59
28.5,92.3,4407.0,27.08
28.5,92.35,4463.0,19.8
28.5,92.4,5011.0,15.94
28.5,92.45,5151.0,19.19
28.5,92.5,4836.0,13.03
28.5,92.55,4538.0,29.47
28.5,92.6,4617.0,32.54
28.5,92.65,5092.0,15.26
28.5,92.7,4992.0,20.22
28.5,92.75,5107.0,22.97
28.5,92.8,5135.0,24.2
28.5,92.85,4721.0,30.82
28.5,92.9,4231.0,31.68
28.5,92.95,3693.0,38.74
28.5,93.0,4646.0,18.52
28.5,93.05,4367.0,14.23
28.5,93.1,4307.0,22.21
28.5,93.15,4056.0,18.28
28.5,93.2,4419.0,20.28
28.5,93.25,4133.0,21.55
28.5,93.3,4215.0,22.96
28.5,93.35,3558.0,37.57
28.5,93.4,4206.0,5.35
28.5,93.45,2589.0,31.78
28.5,93.5,3225.0,30.65
28.5,93.55,4879.0,22.31
28.5,93.6,3658.0,31.21
28.5,93.65,2488.0,18.44
28.5,93.7,2344.0,33.44
28.5,93.75,3359.0,25.11
28.5,93.8,2172.0,20.09
28.5,93.85,2868.0,29.86
28.5,93.9,3495.0,30.88
28.5,93.95,3124.0,28.16
28.5,94.0,2832.0,23.08
28.5,94.05,2759.0,28.44
28.5,94.1,3193.0,26.74
28.5,94.15,2442.0,12.47
28.5,94.2,2559.0,17.32
28.5,94.25,2563.0,13.23
28.5,94.3,2553.0,26.25
28.5,94.35,2201.0,46.72
28.5,94.4,1851.0,34.3
28.5,94.45,1492.0,15.49
28.5,94.5,1430.0,20.21
28.5,94.55,1602.0,28.64
28.5,94.6,1285.0,26.55
28.5,94.65,654.0,17.2
28.5,94.7,1082.0,28.52
28.5,94.75,2288.0,32.52
28.5,94.8,957.0,31.26
28.5,94.85,1600.0,21.38
28.5,94.9,1540.0,33.32
28.5,94.95,1903.0,25.7
28.5,95.0,1367.0,33.93
28.5,95.05,1511.0,5.43
28.5,95.1,248.0,8.47
28.5,95.15,1530.0,29.48
28.5,95.2,1001.0,11.99
28.5,95.25,1237.0,15.43
28.5,95.3,1802.0,38.07
28.5,95.35,2678.0,35.12
28.5,95.4,2343.0,28.7
28.5,95.45,2634.0,24.97
28.5,95.5,1945.0,24.03
28.5,95.55,3047.0,20.87
28.5,95.6,2447.0,19.08
28.5,95.65,2205.0,30.56
28.5,95.7,1434.0,23.63
28.5,95.75,1761.0,37.11
28.5,95.8,538.0,25.2
28.5,95.85,1553.0,4.43
28.5,95.9,2015.0,33.22
28.5,95.95,2567.0,45.32
28.5,96.0,4022.0,29.11
28.5,96.05,3562.0,11.81
28.5,96.1,3867.0,26.39
28.5,96.15,3233.0,30.66
28.5,96.2,3453.0,32.91
28.5,96.25,3059.0,24.28
28.5,96.3,4017.0,36.11
28.5,96.35,4322.0,33.6
28.5,96.4,4342.0,34.24
28.5,96.45,4177.0,22.08
28.55,89.5,5146.0,9.17
28.55,89.55,5215.0,15.92
28.55,89.6,5265.0,29.47
28.55,89.65,4814.0,26.75
28.55,89.7,4511.0,18.44
28.55,89.75,4776.0,28.35
28.55,89.8,5184.0,10.89
28.55,89.85,4468.0,10.27
28.55,89.9,4580.0,4.74
28.55,89.95,5519.0,13.28
28.55,90.0,5587.0,15.3
28.55,90.05,4966.0,15.19
28.55,90.1,5191.0,10.35
28.55,90.15,5193.0,5.12
28.55,90.2,5034.0,0.03
28.55,90.25,5036.0,0.53
28.55,90.3,5013.0,0.0
28.55,90.35,5013.0,0.0
28.55,90.4,5013.0,0.0
28.55,90.45,5013.0,0.0
28.55,90.5,5013.0,0.0
28.55,90.55,5027.0,1.44
28.55,90.6,5292.0,4.11
28.55,90.65,5251.0,4.55
28.55,90.7,5166.0,30.26
28.55,90.75,5130.0,28.18
28.55,90.8,4847.0,4.73
28.55,90.85,5020.0,9.2
28.55,90.9,5373.0,9.97
28.55,90.95,5055.0,11.96
28.55,91.0,5342.0,16.58
28.55,91.05,5185.0,6.55
28.55,91.1,5426.0,8.57
28.55,91.15,5734.0,33.42
28.55,91.2,5396.0,14.69
28.55,91.25,5476.0,30.52
28.55,91.3,5166.0,20.96
28.55,91.35,5216.0,4.33
28.55,91.4,5110.0,1.91
28.55,91.45,5047.0,2.23
28.55,91.5,5097.0,4.11
28.55,91.55,5158.0,2.32
28.55,91.6,5053.0,4.55
28.55,91.65,4925.0,1.55
28.55,91.7,4981.0,6.86
28.55,91.75,4711.0,10.76
28.55,91.8,4926.0,13.4
28.55,91.85,4513.0,8.82
28.55,91.9,4381.0,16.98
28.55,91.95,4644.0,17.89
28.55,92.0,4511.0,19.13
28.55,92.05,4551.0,24.78
28.55,92.1,4280.0,10.51
28.55,92.15,5012.0,18.31
28.55,92.2,4857.0,21.25
28.55,92.25,4549.0,16.54
28.55,92.3,4654.0,15.0
28.55,92.35,4343.0,10.84
28.55,92.4,4899.0,9.42
28.55,92.45,4865.0,13.63
28.55,92.5,4758.0,15.9
28.55,92.55,5102.0,7.24
28.55,92.6,5020.0,20.46
28.55,92.65,4711.0,34.0
28.55,92.7,3792.0,11.89
28.55,92.75,4139.0,29.51
28.55,92.8,3738.0,18.23
28.55,92.85,3314.0,15.27
28.55,92.9,4007.0,38.61
28.55,92.95,4418.0,6.38
28.55,93.0,5127.0,25.34
28.55,93.05,4600.0,13.21
28.55,93.1,3489.0,29.1
28.55,93.15,4369.0,17.82
28.55,93.2,5002.0,19.2
28.55,93.25,4310.0,27.1
28.55,93.3,4775.0,25.68
28.55,93.35,3978.0,21.74
28.55,93.4,4052.0,36.04
28.55,93.45,2906.0,43.02
28.55,93.5,5054.0,24.98
28.55,93.55,4429.0,32.04
28.55,93.6,3185.0,33.24
28.55,93.65,2617.0,29.93
28.55,93.7,3344.0,31.86
28.55,93.75,3436.0,34.06
28.55,93.8,4155.0,11.03
28.55,93.85,3560.0,39.59
28.55,93.9,3693.0,15.38
28.55,93.95,3921.0,29.51
28.55,94.0,3246.0,26.65
28.55,94.05,3643.0,15.68
28.55,94.1,2948.0,23.48
28.55,94.15,2481.0,20.51
28.55,94.2,2441.0,13.66
28.55,94.25,1820.0,56.7
28.55,94.3,2195.0,27.71
28.55,94.35,1907.0,37.3
28.55,94.4,1782.0,34.87
28.55,94.45,2529.0,15.45
28.55,94.5,2147.0,27.25
28.55,94.55,1724.0,43.41
28.55,94.6,719.0,32.12
28.55,94.65,707.0,25.2
28.55,94.7,1769.0,25.65
28.55,94.75,2821.0,18.02
28.55,94.8,1843.0,36.66
28.55,94.85,2433.0,29.8
28.55,94.9,1560.0,16.01
28.55,94.95,1835.0,30.91
28.55,95.0,2125.0,33.65
28.55,95.05,894.0,27.47
28.55,95.1,984.0,23.5
28.55,95.15,1208.0,17.48
28.55,95.2,1365.0,15.57
28.55,95.25,1348.0,23.7
28.55,95.3,1786.0,29.15
28.55,95.35,2973.0,36.74
28.55,95.4,3387.0,36.63
28.55,95.45,3417.0,41.5
28.55,95.5,2706.0,16.16
28.55,95.55,1828.0,32.62
28.55,95.6,1565.0,37.51
28.55,95.65,1197.0,11.88
28.55,95.7,984.0,9.62
28.55,95.75,1504.0,42.03
28.55,95.8,1763.0,41.13
28.55,95.85,1356.0,35.9
28.55,95.9,2388.0,39.71
28.55,95.95,3339.0,21.91
28.55,96.0,3392.0,32.8
28.55,96.05,3493.0,30.59
28.55,96.1,3847.0,38.54
28.55,96.15,3436.0,39.44
28.55,96.2,4362.0,18.97
28.55,96.25,3851.0,33.46
28.55,96.3,3414.0,25.48
28.55,96.35,3900.0,23.47
28.55,96.4,3501.0,20.74
28.55,96.45,4504.0,24.1
28.6,89.5,4875.0,22.74
28.6,89.55,4738.0,12.34
28.6,89.6,5542.0,23.67
28.6,89.65,5095.0,25.39
28.6,89.7,4843.0,25.26
28.6,89.75,5676.0,28.42
28.6,89.8,5150.0,21.67
28.6,89.85,4415.0,0.83
28.6,89.9,4534.0,4.79
28.6,89.95,5484.0,19.43
28.6,90.0,5245.0,11.2
28.6,90.05,5368.0,29.08
28.6,90.1,5165.0,8.53
28.6,90.15,5071.0,2.53
28.6,90.2,5019.0,0.24
28.6,90.25,5013.0,0.09
28.6,90.3,5013.0,0.0
28.6,90.35,5013.0,0.0
28.6,90.4,5013.0,0.0
28.6,90.45,5013.0,0.0
28.6,90.5,5060.0,4.24
28.6,90.55,5326.0,18.16
28.6,90.6,5040.0,9.35
28.6,90.65,5511.0,18.37
28.6,90.7,5452.0,12.43
28.6,90.75,4901.0,7.64
28.6,90.8,4712.0,7.79
28.6,90.85,5430.0,8.5
28.6,90.9,5295.0,8.56
28.6,90.95,5648.0,20.33
28.6,91.0,4996.0,7.1
28.6,91.05,5315.0,15.2
28.6,91.1,5321.0,3.12
28.6,91.15,5422.0,6.48
28.6,91.2,5356.0,5.97
28.6,91.25,5581.0,28.92
28.6,91.3,5422.0,9.32
28.6,91.35,5130.0,8.43
28.6,91.4,5001.0,3.52
28.6,91.45,4875.0,3.25
28.6,91.5,4879.0,3.5
28.6,91.55,4940.0,8.17
28.6,91.6,4893.0,6.53
28.6,91.65,4852.0,5.94
28.6,91.7,4620.0,0.15
28.6,91.75,5029.0,8.71
28.6,91.8,5225.0,18.93
28.6,91.85,4981.0,9.31
28.6,91.9,4874.0,4.68
28.6,91.95,4684.0,4.27
28.6,92.0,4611.0,9.24
28.6,92.05,4859.0,16.21
28.6,92.1,4880.0,11.25
28.6,92.15,4724.0,17.47
28.6,92.2,5030.0,14.84
28.6,92.25,5296.0,20.49
28.6,92.3,4853.0,11.5
28.6,92.35,4944.0,13.04
28.6,92.4,4850.0,9.99
28.6,92.45,4727.0,16.13
28.6,92.5,4780.0,3.14
28.6,92.55,4111.0,34.21
28.6,92.6,4037.0,29.94
28.6,92.65,4363.0,37.12
28.6,92.7,4346.0,21.38
28.6,92.75,4500.0,24.03
28.6,92.8,3953.0,25.15
28.6,92.85,3756.0,3.98
28.6,92.9,4739.0,27.62
28.6,92.95,4957.0,19.86
28.6,93.0,4970.0,12.8
28.6,93.05,4780.0,16.91
28.6,93.1,3775.0,22.49
28.6,93.15,4388.0,13.73
28.6,93.2,5246.0,30.9
28.6,93.25,4713.0,28.93
28.6,93.3,3456.0,15.18
28.6,93.35,4144.0,26.78
28.6,93.4,3023.0,20.66
28.6,93.45,4000.0,14.0
28.6,93.5,4202.0,34.96
28.6,93.55,4021.0,19.72
28.6,93.6,3121.0,24.67
28.6,93.65,3741.0,15.05
28.6,93.7,4226.0,27.16
28.6,93.75,3403.0,31.0
28.6,93.8,4090.0,21.94
28.6,93.85,4308.0,22.98
28.6,93.9,3617.0,37.7
28.6,93.95,3457.0,30.87
28.6,94.0,2902.0,8.64
28.6,94.05,2498.0,14.76
28.6,94.1,2145.0,11.07
28.6,94.15,2003.0,17.7
28.6,94.2,2479.0,12.77
28.6,94.25,2846.0,31.3
28.6,94.3,3362.0,34.02
28.6,94.35,2259.0,20.18
28.6,94.4,1412.0,20.94
28.6,94.45,3229.0,21.62
28.6,94.5,3226.0,27.3
28.6,94.55,2533.0,31.5
28.6,94.6,1840.0,34.18
28.6,94.65,1044.0,25.58
28.6,94.7,1647.0,37.34
28.6,94.75,2115.0,21.64
28.6,94.8,1431.0,20.47
28.6,94.85,1753.0,25.9
28.6,94.9,1424.0,36.18
28.6,94.95,1648.0,37.32
28.6,95.0,891.0,26.18
28.6,95.05,398.0,6.97
28.6,95.1,1125.0,11.0
28.6,95.15,1175.0,36.62
28.6,95.2,2199.0,18.58
28.6,95.25,1271.0,38.24
28.6,95.3,1842.0,37.67
28.6,95.35,3267.0,36.48
28.6,95.4,3320.0,34.02
28.6,95.45,2461.0,49.83
28.6,95.5,1555.0,13.97
28.6,95.55,1899.0,24.81
28.6,95.6,2804.0,37.85
28.6,95.65,2223.0,40.53
28.6,95.7,2021.0,18.77
28.6,95.75,1702.0,30.0
28.6,95.8,792.0,34.73
28.6,95.85,782.0,40.47
28.6,95.9,1371.0,38.99
28.6,95.95,1905.0,42.96
28.6,96.0,2336.0,34.69
28.6,96.05,1965.0,22.73
28.6,96.1,3453.0,16.43
28.6,96.15,2477.0,27.72
28.6,96.2,3655.0,29.79
28.6,96.25,3232.0,28.14
28.6,96.3,3579.0,32.07
28.6,96.35,3689.0,35.71
28.6,96.4,4083.0,29.11
28.6,96.45,4720.0,34.89
28.65,89.5,5034.0,22.92
28.65,89.55,4301.0,7.78
28.65,89.6,4600.0,12.17
28.65,89.65,4204.0,6.84
28.65,89.7,4742.0,28.72
28.65,89.75,5552.0,20.93
28.65,89.8,5551.0,10.93
28.65,89.85,4641.0,7.03
28.65,89.9,4361.0,0.64
28.65,89.95,5046.0,17.83
28.65,90.0,4878.0,18.46
28.65,90.05,5085.0,12.76
28.65,90.1,5424.0,3.4
28.65,90.15,5375.0,11.31
28.65,90.2,5110.0,8.52
28.65,90.25,5025.0,0.79
28.65,90.3,5359.0,7.93
28.65,90.35,5408.0,23.03
28.65,90.4,4994.0,4.92
28.65,90.45,4719.0,11.2
28.65,90.5,4907.0,18.44
28.65,90.55,4962.0,13.04
28.65,90.6,5010.0,19.13
28.65,90.65,5354.0,24.36
28.65,90.7,5462.0,13.95
28.65,90.75,5494.0,26.39
28.65,90.8,4886.0,14.9
28.65,90.85,4679.0,20.72
28.65,90.9,5003.0,6.72
28.65,90.95,5069.0,7.52
28.65,91.0,5196.0,12.16
28.65,91.05,5076.0,8.53
28.65,91.1,5510.0,7.23
28.65,91.15,5248.0,14.98
28.65,91.2,5226.0,5.4
28.65,91.25,5381.0,14.1
28.65,91.3,5344.0,7.79
28.65,91.35,5127.0,4.24
28.65,91.4,4841.0,5.01
28.65,91.45,4756.0,1.2
28.65,91.5,4741.0,1.72
28.65,91.55,4681.0,0.69
28.65,91.6,4676.0,2.05
28.65,91.65,4712.0,11.61
28.65,91.7,4616.0,0.0
28.65,91.75,4752.0,4.02
28.65,91.8,5347.0,3.47
28.65,91.85,5202.0,17.51
28.65,91.9,4914.0,6.38
28.65,91.95,4600.0,1.28
28.65,92.0,4563.0,1.81
28.65,92.05,4864.0,6.41
28.65,92.1,5144.0,12.52
28.65,92.15,5282.0,27.53
28.65,92.2,5025.0,6.15
28.65,92.25,5209.0,13.18
28.65,92.3,4972.0,14.53
28.65,92.35,5149.0,7.45
28.65,92.4,4845.0,3.93
28.65,92.45,4538.0,15.82
28.65,92.5,4287.0,15.71
28.65,92.55,4269.0,14.28
28.65,92.6,4757.0,20.03
28.65,92.65,5151.0,23.26
28.65,92.7,5076.0,11.5
28.65,92.75,4281.0,24.28
28.65,92.8,4825.0,20.18
28.65,92.85,5121.0,23.08
28.65,92.9,5164.0,5.62
28.65,92.95,4475.0,8.45
28.65,93.0,4261.0,17.75
28.65,93.05,3986.0,25.32
28.65,93.1,4723.0,38.22
28.65,93.15,4800.0,19.37
28.65,93.2,4982.0,28.82
28.65,93.25,4726.0,36.25
28.65,93.3,4764.0,26.23
28.65,93.35,3644.0,7.47
28.65,93.4,3752.0,28.31
28.65,93.45,4364.0,36.18
28.65,93.5,4568.0,14.09
28.65,93.55,3431.0,8.68
28.65,93.6,3746.0,21.65
28.65,93.65,3864.0,36.56
28.65,93.7,3669.0,40.97
28.65,93.75,3424.0,34.86
28.65,93.8,4179.0,22.34
28.65,93.85,4011.0,20.89
28.65,93.9,3757.0,21.56
28.65,93.95,3224.0,24.04
28.65,94.0,2682.0,22.77
28.65,94.05,2152.0,13.44
28.65,94.1,2619.0,11.71
28.65,94.15,2543.0,26.32
28.65,94.2,3200.0,20.14
28.65,94.25,3360.0,32.0
28.65,94.3,2497.0,25.35
28.65,94.35,1517.0,23.79
28.65,94.4,2154.0,18.66
28.65,94.45,3791.0,12.29
28.65,94.5,2987.0,42.53
28.65,94.55,1742.0,29.38
28.65,94.6,835.0,3.74
28.65,94.65,1270.0,28.87
28.65,94.7,1644.0,29.21
28.65,94.75,1415.0,26.92
28.65,94.8,1752.0,28.65
28.65,94.85,2040.0,33.42
28.65,94.9,930.0,36.64
28.65,94.95,1119.0,19.69
28.65,95.0,427.0,14.88
28.65,95.05,906.0,27.97
28.65,95.1,1838.0,27.17
28.65,95.15,2444.0,23.1
28.65,95.2,2462.0,30.62
28.65,95.25,2065.0,30.08
28.65,95.3,1641.0,34.01
28.65,95.35,2672.0,12.17
28.65,95.4,2503.0,11.37
28.65,95.45,1951.0,24.96
28.65,95.5,2352.0,29.14
28.65,95.55,3593.0,23.34
28.65,95.6,3013.0,36.01
28.65,95.65,2182.0,28.11
28.65,95.7,1292.0,24.71
28.65,95.75,2297.0,33.95
28.65,95.8,2432.0,39.4
28.65,95.85,1108.0,41.6
28.65,95.9,2330.0,7.97
28.65,95.95,1268.0,34.65
28.65,96.0,1236.0,35.58
28.65,96.05,1664.0,34.33
28.65,96.1,2345.0,37.09
28.65,96.15,1898.0,30.34
28.65,96.2,2049.0,29.49
28.65,96.25,2532.0,29.16
28.65,96.3,2612.0,24.11
28.65,96.35,3078.0,23.82
28.65,96.4,3432.0,7.88
28.65,96.45,4152.0,27.09
28.7,89.5,4978.0,29.58
28.7,89.55,4699.0,13.95
28.7,89.6,4739.0,21.26
28.7,89.65,4495.0,24.6
28.7,89.7,4886.0,19.92
28.7,89.75,5013.0,35.57
28.7,89.8,5290.0,19.02
28.7,89.85,4966.0,8.42
28.7,89.9,4345.0,7.76
28.7,89.95,4454.0,7.63
28.7,90.0,4930.0,16.19
28.7,90.05,5055.0,12.64
28.7,90.1,5143.0,8.87
28.7,90.15,5553.0,17.19
28.7,90.2,5259.0,4.25
28.7,90.25,5407.0,13.89
28.7,90.3,5060.0,14.5
28.7,90.35,4983.0,28.07
28.7,90.4,4748.0,18.73
28.7,90.45,4673.0,25.83
28.7,90.5,4731.0,15.8
28.7,90.55,4823.0,21.94
28.7,90.6,5125.0,12.93
28.7,90.65,5059.0,12.89
28.7,90.7,4937.0,10.05
28.7,90.75,4950.0,7.39
28.7,90.8,4687.0,14.83
28.7,90.85,4628.0,5.07
28.7,90.9,4911.0,13.92
28.7,90.95,4994.0,9.23
28.7,91.0,4795.0,6.29
28.7,91.05,5207.0,13.64
28.7,91.1,5070.0,9.23
28.7,91.15,4761.0,2.33
28.7,91.2,4837.0,5.85
28.7,91.25,4902.0,2.04
28.7,91.3,4921.0,3.36
28.7,91.35,4994.0,7.12
28.7,91.4,4899.0,4.95
28.7,91.45,4696.0,0.45
28.7,91.5,4685.0,2.15
28.7,91.55,4866.0,0.88
28.7,91.6,4645.0,4.21
28.7,91.65,4615.0,0.46
28.7,91.7,4620.0,0.15
28.7,91.75,4868.0,12.92
28.7,91.8,5072.0,6.62
28.7,91.85,5126.0,13.18
28.7,91.9,5075.0,14.12
28.7,91.95,4922.0,6.94
28.7,92.0,4710.0,3.81
28.7,92.05,4757.0,10.56
28.7,92.1,4845.0,11.83
28.7,92.15,5022.0,16.69
28.7,92.2,4986.0,23.57
28.7,92.25,5167.0,12.58
28.7,92.3,4800.0,1.05
28.7,92.35,5177.0,6.95
28.7,92.4,4634.0,21.28
28.7,92.45,4921.0,14.91
28.7,92.5,5167.0,8.0
28.7,92.55,4822.0,14.58
28.7,92.6,5200.0,20.85
28.7,92.65,4976.0,15.68
28.7,92.7,4558.0,25.41
28.7,92.75,4477.0,27.7
28.7,92.8,5151.0,27.2
28.7,92.85,5462.0,3.27
28.7,92.9,5195.0,18.93
28.7,92.95,4840.0,15.13
28.7,93.0,4863.0,28.7
28.7,93.05,4470.0,33.15
28.7,93.1,4073.0,19.6
28.7,93.15,3948.0,1.68
28.7,93.2,3988.0,30.03
28.7,93.25,4040.0,29.77
28.7,93.3,3992.0,35.42
28.7,93.35,4097.0,18.24
28.7,93.4,4134.0,28.87
28.7,93.45,4277.0,9.85
28.7,93.5,4968.0,33.23
28.7,93.55,4255.0,32.88
28.7,93.6,4466.0,19.99
28.7,93.65,3859.0,19.36
28.7,93.7,4827.0,8.85
28.7,93.75,4674.0,19.05
28.7,93.8,4108.0,15.16
28.7,93.85,3978.0,35.74
28.7,93.9,3125.0,44.78
28.7,93.95,3581.0,20.79
28.7,94.0,3569.0,27.33
28.7,94.05,2799.0,14.3
28.7,94.1,3951.0,8.43
28.7,94.15,3555.0,22.03
28.7,94.2,3059.0,33.22
28.7,94.25,2093.0,19.88
28.7,94.3,2492.0,8.63
28.7,94.35,2419.0,22.55
28.7,94.4,2313.0,36.99
28.7,94.45,2808.0,8.15
28.7,94.5,3899.0,40.24
28.7,94.55,2868.0,22.18
28.7,94.6,2245.0,26.32
28.7,94.65,1220.0,32.84
28.7,94.7,1130.0,30.24
28.7,94.75,1515.0,26.52
28.7,94.8,1189.0,27.3
28.7,94.85,1823.0,27.98
28.7,94.9,1174.0,26.21
28.7,94.95,1484.0,13.38
28.7,95.0,811.0,30.93
28.7,95.05,1357.0,15.17
28.7,95.1,2682.0,38.25
28.7,95.15,2881.0,37.64
28.7,95.2,2437.0,26.2
28.7,95.25,2622.0,32.44
28.7,95.3,3075.0,40.96
28.7,95.35,3775.0,16.05
28.7,95.4,2661.0,28.91
28.7,95.45,3686.0,25.38
28.7,95.5,3038.0,23.39
28.7,95.55,2771.0,26.82
28.7,95.6,2634.0,26.46
28.7,95.65,1517.0,20.0
28.7,95.7,2767.0,31.27
28.7,95.75,2932.0,27.42
28.7,95.8,2125.0,38.37
28.7,95.85,975.0,6.46
28.7,95.9,1699.0,29.29
28.7,95.95,3087.0,37.89
28.7,96.0,2006.0,25.08
28.7,96.05,2499.0,34.32
28.7,96.1,2491.0,31.06
28.7,96.15,2708.0,35.43
28.7,96.2,2839.0,32.91
28.7,96.25,3456.0,30.61
28.7,96.3,3790.0,34.16
28.7,96.35,3559.0,33.45
28.7,96.4,3678.0,39.73
28.7,96.45,3597.0,28.7
28.75,89.5,5406.0,18.52
28.75,89.55,5451.0,22.63
28.75,89.6,4660.0,9.6
28.75,89.65,4120.0,8.72
28.75,89.7,4985.0,14.57
28.75,89.75,5005.0,19.66
28.75,89.8,5370.0,26.53
28.75,89.85,4314.0,12.75
28.75,89.9,4628.0,21.29
28.75,89.95,4779.0,8.29
28.75,90.0,5047.0,15.97
28.75,90.05,4822.0,9.68
28.75,90.1,5057.0,8.79
28.75,90.15,5445.0,25.36
28.75,90.2,5326.0,20.25
28.75,90.25,5265.0,23.16
28.75,90.3,4918.0,9.79
28.75,90.35,4704.0,2.36
28.75,90.4,4666.0,10.94
28.75,90.45,4859.0,9.06
28.75,90.5,4482.0,7.33
28.75,90.55,4460.0,0.63
28.75,90.6,4817.0,15.06
28.75,90.65,4519.0,2.39
28.75,90.7,4519.0,13.04
28.75,90.75,4509.0,5.9
28.75,90.8,4516.0,0.96
28.75,90.85,4511.0,1.58
28.75,90.9,4582.0,10.48
28.75,90.95,4561.0,3.66
28.75,91.0,4529.0,0.78
28.75,91.05,4522.0,0.51
28.75,91.1,4561.0,9.02
28.75,91.15,4631.0,0.54
28.75,91.2,4901.0,11.12
28.75,91.25,4895.0,18.67
28.75,91.3,4763.0,4.76
28.75,91.35,4843.0,3.38
28.75,91.4,4868.0,11.17
28.75,91.45,4898.0,8.54
28.75,91.5,5028.0,8.22
28.75,91.55,4714.0,1.88
28.75,91.6,4657.0,0.74
28.75,91.65,4699.0,13.27
28.75,91.7,4635.0,0.85
28.75,91.75,4949.0,13.64
28.75,91.8,5151.0,9.48
28.75,91.85,4946.0,14.07
28.75,91.9,5356.0,14.56
28.75,91.95,5389.0,18.48
28.75,92.0,5066.0,21.39
28.75,92.05,4747.0,7.69
28.75,92.1,4579.0,6.11
28.75,92.15,4734.0,19.2
28.75,92.2,5098.0,6.45
28.75,92.25,4713.0,7.67
28.75,92.3,4801.0,1.37
28.75,92.35,4979.0,19.53
28.75,92.4,4601.0,15.53
28.75,92.45,5171.0,14.45
28.75,92.5,4837.0,7.07
28.75,92.55,5065.0,9.65
28.75,92.6,5105.0,31.04
28.75,92.65,5201.0,19.17
28.75,92.7,4784.0,14.74
28.75,92.75,5059.0,16.93
28.75,92.8,5116.0,30.11
28.75,92.85,5164.0,27.18
28.75,92.9,5512.0,7.28
28.75,92.95,4825.0,2.66
28.75,93.0,4993.0,11.99
28.75,93.05,4864.0,18.87
28.75,93.1,4807.0,21.89
28.75,93.15,5079.0,26.18
28.75,93.2,5230.0,10.65
28.75,93.25,4879.0,4.97
28.75,93.3,4733.0,20.11
28.75,93.35,5190.0,30.05
28.75,93.4,4580.0,22.66
28.75,93.45,4905.0,24.92
28.75,93.5,4209.0,2.26
28.75,93.55,4515.0,22.29
28.75,93.6,4434.0,27.62
28.75,93.65,4126.0,42.33
28.75,93.7,4070.0,29.87
28.75,93.75,3773.0,13.18
28.75,93.8,4562.0,23.82
28.75,93.85,4197.0,10.56
28.75,93.9,4308.0,31.14
28.75,93.95,3825.0,18.16
28.75,94.0,4092.0,18.15
28.75,94.05,4151.0,32.76
28.75,94.1,3895.0,25.0
28.75,94.15,4335.0,12.37
28.75,94.2,3334.0,21.62
28.75,94.25,2630.0,30.46
28.75,94.3,2216.0,25.19
28.75,94.35,2432.0,12.42
28.75,94.4,2571.0,20.67
28.75,94.45,3833.0,27.5
28.75,94.5,3092.0,29.26
28.75,94.55,3358.0,16.69
28.75,94.6,1608.0,25.32
28.75,94.65,1638.0,26.68
28.75,94.7,2291.0,35.61
28.75,94.75,1040.0,34.11
28.75,94.8,715.0,23.6
28.75,94.85,860.0,26.48
28.75,94.9,714.0,25.68
28.75,94.95,746.0,21.08
28.75,95.0,1644.0,32.86
28.75,95.05,2731.0,48.28
28.75,95.1,2818.0,30.42
28.75,95.15,3109.0,31.41
28.75,95.2,3053.0,15.58
28.75,95.25,2466.0,30.06
28.75,95.3,2540.0,27.29
28.75,95.35,2846.0,10.76
28.75,95.4,3650.0,20.46
28.75,95.45,2840.0,25.83
28.75,95.5,2585.0,24.56
28.75,95.55,1987.0,36.14
28.75,95.6,2199.0,29.91
28.75,95.65,2469.0,16.9
28.75,95.7,2856.0,16.35
28.75,95.75,3074.0,21.03
28.75,95.8,2475.0,33.02
28.75,95.85,1665.0,31.41
28.75,95.9,2520.0,20.54
28.75,95.95,2362.0,19.61
28.75,96.0,3393.0,31.03
28.75,96.05,2939.0,26.63
28.75,96.1,2849.0,34.22
28.75,96.15,3385.0,20.07
28.75,96.2,2375.0,41.9
28.75,96.25,2890.0,36.01
28.75,96.3,3391.0,42.22
28.75,96.35,3888.0,37.56
28.75,96.4,4794.0,9.41
28.75,96.45,3417.0,39.56
28.8,89.5,4471.0,14.05
28.8,89.55,4726.0,10.51
28.8,89.6,4366.0,24.29
28.8,89.65,4089.0,7.98
28.8,89.7,4625.0,27.63
28.8,89.75,4990.0,23.25
28.8,89.8,5059.0,17.91
28.8,89.85,4437.0,27.74
28.8,89.9,4913.0,16.4
28.8,89.95,4796.0,7.49
28.8,90.0,4957.0,7.12
28.8,90.05,4689.0,15.47
28.8,90.1,4604.0,4.01
28.8,90.15,5366.0,25.53
28.8,90.2,5532.0,27.46
28.8,90.25,5290.0,33.25
28.8,90.3,5188.0,21.49
28.8,90.35,4781.0,27.45
28.8,90.4,4595.0,19.18
28.8,90.45,4472.0,0.62
28.8,90.5,4457.0,6.7
28.8,90.55,4589.0,16.48
28.8,90.6,4442.0,0.0
28.8,90.65,4454.0,0.46
28.8,90.7,4501.0,9.76
28.8,90.75,4637.0,14.74
28.8,90.8,4561.0,5.74
28.8,90.85,4555.0,13.52
28.8,90.9,4511.0,0.56
28.8,90.95,4559.0,9.94
28.8,91.0,4557.0,5.57
28.8,91.05,4676.0,11.32
28.8,91.1,4561.0,10.25
28.8,91.15,4480.0,5.14
28.8,91.2,4648.0,17.86
28.8,91.25,4744.0,16.68
28.8,91.3,4664.0,6.23
28.8,91.35,4670.0,4.93
28.8,91.4,5094.0,7.61
28.8,91.45,4658.0,3.18
28.8,91.5,4868.0,8.19
28.8,91.55,4761.0,11.2
28.8,91.6,4796.0,8.03
28.8,91.65,4776.0,9.39
28.8,91.7,4783.0,5.81
28.8,91.75,5085.0,22.58
28.8,91.8,4780.0,11.19
28.8,91.85,4734.0,12.89
28.8,91.9,4987.0,22.05
28.8,91.95,5601.0,31.66
28.8,92.0,5261.0,36.96
28.8,92.05,5292.0,19.53
28.8,92.1,4450.0,4.52
28.8,92.15,4576.0,8.5
28.8,92.2,4849.0,11.56
28.8,92.25,4940.0,17.12
28.8,92.3,4751.0,12.82
28.8,92.35,4898.0,21.6
28.8,92.4,4712.0,17.01
28.8,92.45,4712.0,10.92
28.8,92.5,4877.0,18.59
28.8,92.55,5087.0,17.5
28.8,92.6,4907.0,8.81
28.8,92.65,5328.0,18.36
28.8,92.7,5233.0,34.73
28.8,92.75,4837.0,17.9
28.8,92.8,5028.0,35.15
28.8,92.85,4329.0,35.31
28.8,92.9,5168.0,33.19
28.8,92.95,4800.0,24.18
28.8,93.0,4368.0,34.22
28.8,93.05,4019.0,28.1
28.8,93.1,4503.0,35.98
28.8,93.15,4455.0,26.3
28.8,93.2,5079.0,11.17
28.8,93.25,4497.0,27.19
28.8,93.3,4264.0,17.39
28.8,93.35,4952.0,14.5
28.8,93.4,5036.0,27.43
28.8,93.45,4524.0,26.45
28.8,93.5,4654.0,29.72
28.8,93.55,5130.0,24.17
28.8,93.6,4641.0,27.85
28.8,93.65,5107.0,10.58
28.8,93.7,4368.0,32.26
28.8,93.75,4575.0,30.05
28.8,93.8,3746.0,37.28
28.8,93.85,4074.0,30.08
28.8,93.9,4554.0,20.39
28.8,93.95,4543.0,29.36
28.8,94.0,4234.0,9.29
28.8,94.05,3454.0,32.22
28.8,94.1,3317.0,20.64
28.8,94.15,3475.0,39.92
28.8,94.2,2719.0,13.78
28.8,94.25,2163.0,29.72
28.8,94.3,2375.0,14.45
28.8,94.35,3074.0,25.89
28.8,94.4,4004.0,28.85
28.8,94.45,4270.0,19.31
28.8,94.5,3617.0,24.76
28.8,94.55,2404.0,16.45
28.8,94.6,2198.0,14.24
28.8,94.65,1431.0,25.61
28.8,94.7,2279.0,34.2
28.8,94.75,1441.0,29.42
28.8,94.8,873.0,33.19
28.8,94.85,855.0,31.23
28.8,94.9,647.0,37.71
28.8,94.95,1235.0,37.27
28.8,95.0,2203.0,31.37
28.8,95.05,3201.0,30.59
28.8,95.1,1893.0,25.44
28.8,95.15,2399.0,34.06
28.8,95.2,2005.0,32.47
28.8,95.25,2218.0,24.76
28.8,95.3,2511.0,47.0
28.8,95.35,3588.0,23.07
28.8,95.4,3250.0,27.81
28.8,95.45,2786.0,11.48
28.8,95.5,2007.0,26.5
28.8,95.55,2526.0,23.34
28.8,95.6,2739.0,20.62
28.8,95.65,2743.0,9.83
28.8,95.7,2831.0,18.14
28.8,95.75,2640.0,15.86
28.8,95.8,2075.0,21.58
28.8,95.85,1709.0,25.92
28.8,95.9,1663.0,7.13
28.8,95.95,1866.0,29.27
28.8,96.0,2741.0,34.74
28.8,96.05,3843.0,31.5
28.8,96.1,4223.0,27.46
28.8,96.15,4189.0,4.59
28.8,96.2,2972.0,34.41
28.8,96.25,2812.0,38.25
28.8,96.3,2170.0,37.91
28.8,96.35,2994.0,42.54
28.8,96.4,2761.0,33.34
28.8,96.45,4195.0,26.0
28.85,89.5,4151.0,5.17
28.85,89.55,4205.0,13.47
28.85,89.6,4422.0,12.29
28.85,89.65,4059.0,0.24
28.85,89.7,4091.0,1.61
28.85,89.75,4240.0,21.1
28.85,89.8,4516.0,28.86
28.85,89.85,4390.0,26.13
28.85,89.9,4568.0,29.85
28.85,89.95,4663.0,14.55
28.85,90.0,4939.0,7.34
28.85,90.05,4580.0,15.43
28.85,90.1,4778.0,5.4
28.85,90.15,5429.0,24.16
28.85,90.2,6284.0,42.1
28.85,90.25,5412.0,16.64
28.85,90.3,5496.0,32.75
28.85,90.35,5198.0,25.59
28.85,90.4,4482.0,0.85
28.85,90.45,4457.0,2.17
28.85,90.5,4496.0,17.94
28.85,90.55,4514.0,18.74
28.85,90.6,4442.0,0.0
28.85,90.65,4442.0,0.0
28.85,90.7,4450.0,1.94
28.85,90.75,4442.0,0.0
28.85,90.8,4513.0,0.78
28.85,90.85,4623.0,10.75
28.85,90.9,4899.0,9.31
28.85,90.95,4981.0,23.74
28.85,91.0,4468.0,10.13
28.85,91.05,4444.0,0.16
28.85,91.1,4451.0,0.28
28.85,91.15,4624.0,10.25
28.85,91.2,4465.0,1.51
28.85,91.25,4644.0,12.25
28.85,91.3,4677.0,9.6
28.85,91.35,4562.0,8.16
28.85,91.4,4554.0,14.53
28.85,91.45,4524.0,3.88
28.85,91.5,4675.0,4.07
28.85,91.55,4794.0,8.74
28.85,91.6,5141.0,4.31
28.85,91.65,4896.0,12.98
28.85,91.7,5044.0,14.93
28.85,91.75,5193.0,14.48
28.85,91.8,5199.0,14.28
28.85,91.85,5305.0,13.84
28.85,91.9,4404.0,31.84
28.85,91.95,5588.0,33.55
28.85,92.0,4789.0,14.01
28.85,92.05,5235.0,17.18
28.85,92.1,4528.0,18.58
28.85,92.15,4583.0,6.95
28.85,92.2,4717.0,5.12
28.85,92.25,5132.0,9.47
28.85,92.3,5293.0,5.29
28.85,92.35,5160.0,7.6
28.85,92.4,4910.0,11.88
28.85,92.45,4822.0,10.62
28.85,92.5,4797.0,3.83
28.85,92.55,5285.0,20.91
28.85,92.6,5166.0,27.66
28.85,92.65,5194.0,19.79
28.85,92.7,4677.0,29.21
28.85,92.75,4080.0,32.56
28.85,92.8,4461.0,27.66
28.85,92.85,4420.0,31.74
28.85,92.9,4512.0,24.56
28.85,92.95,5012.0,13.47
28.85,93.0,3877.0,16.12
28.85,93.05,4343.0,30.46
28.85,93.1,4714.0,23.81
28.85,93.15,4931.0,22.98
28.85,93.2,5800.0,46.58
28.85,93.25,5665.0,32.7
28.85,93.3,4992.0,32.35
28.85,93.35,4589.0,18.59
28.85,93.4,4455.0,14.23
28.85,93.45,3844.0,22.77
28.85,93.5,4426.0,20.72
28.85,93.55,5586.0,36.44
28.85,93.6,4729.0,21.38
28.85,93.65,3847.0,12.34
28.85,93.7,4510.0,31.95
28.85,93.75,4443.0,27.63
28.85,93.8,4785.0,14.71
28.85,93.85,4430.0,31.39
28.85,93.9,4216.0,20.11
28.85,93.95,4248.0,27.78
28.85,94.0,3865.0,1.79
28.85,94.05,4035.0,30.43
28.85,94.1,3086.0,33.85
28.85,94.15,2615.0,19.69
28.85,94.2,2890.0,31.47
28.85,94.25,2340.0,28.29
28.85,94.3,2357.0,37.19
28.85,94.35,2578.0,31.69
28.85,94.4,3598.0,34.0
28.85,94.45,4262.0,6.0
28.85,94.5,3025.0,24.19
28.85,94.55,2378.0,22.97
28.85,94.6,2435.0,35.6
28.85,94.65,1227.0,22.63
28.85,94.7,1355.0,31.72
28.85,94.75,634.0,26.44
28.85,94.8,367.0,18.36
28.85,94.85,1057.0,31.43
28.85,94.9,1388.0,22.61
28.85,94.95,1775.0,27.54
28.85,95.0,2803.0,12.64
28.85,95.05,1770.0,21.67
28.85,95.1,1383.0,33.52
28.85,95.15,1715.0,24.18
28.85,95.2,2166.0,39.74
28.85,95.25,3459.0,16.6
28.85,95.3,4029.0,12.77
28.85,95.35,3658.0,32.28
28.85,95.4,3674.0,27.86
28.85,95.45,2683.0,12.06
28.85,95.5,2442.0,17.03
28.85,95.55,2589.0,13.46
28.85,95.6,2636.0,9.52
28.85,95.65,2846.0,9.8
28.85,95.7,3552.0,22.97
28.85,95.75,2877.0,32.27
28.85,95.8,2004.0,16.01
28.85,95.85,1813.0,27.14
28.85,95.9,2726.0,40.08
28.85,95.95,1975.0,22.86
28.85,96.0,2430.0,36.41
28.85,96.05,2885.0,30.8
28.85,96.1,3584.0,43.99
28.85,96.15,4042.0,34.32
28.85,96.2,4210.0,19.84
28.85,96.25,4471.0,22.35
28.85,96.3,3427.0,40.69
28.85,96.35,3809.0,27.08
28.85,96.4,3996.0,15.55
28.85,96.45,3926.0,28.05
28.9,89.5,4078.0,3.59
28.9,89.55,4071.0,17.78
28.9,89.6,4025.0,0.61
28.9,89.65,4062.0,0.79
28.9,89.7,4452.0,12.47
28.9,89.75,4901.0,12.82
28.9,89.8,5179.0,15.2
28.9,89.85,5455.0,8.27
28.9,89.9,5034.0,19.34
28.9,89.95,4585.0,35.13
28.9,90.0,4993.0,12.89
28.9,90.05,4717.0,12.83
28.9,90.1,4705.0,8.51
28.9,90.15,4969.0,24.32
28.9,90.2,5522.0,23.4
28.9,90.25,5172.0,29.08
28.9,90.3,4927.0,28.85
28.9,90.35,4648.0,21.08
28.9,90.4,4599.0,17.57
28.9,90.45,4621.0,19.8
28.9,90.5,4558.0,18.27
28.9,90.55,4866.0,21.8
28.9,90.6,4442.0,0.11
28.9,90.65,4442.0,0.0
28.9,90.7,4504.0,5.01
28.9,90.75,4594.0,13.77
28.9,90.8,4481.0,10.36
28.9,90.85,4733.0,5.0
28.9,90.9,4495.0,8.3
28.9,90.95,4442.0,1.52
28.9,91.0,4457.0,2.72
28.9,91.05,4607.0,20.4
28.9,91.1,4718.0,9.03
28.9,91.15,4784.0,0.41
28.9,91.2,4525.0,5.3
28.9,91.25,4519.0,1.69
28.9,91.3,4554.0,3.52
28.9,91.35,4662.0,4.02
28.9,91.4,4896.0,7.65
28.9,91.45,5048.0,11.75
28.9,91.5,5162.0,15.23
28.9,91.55,4643.0,5.76
28.9,91.6,4612.0,17.84
28.9,91.65,4472.0,18.4
28.9,91.7,4692.0,4.6
28.9,91.75,5158.0,15.22
28.9,91.8,4392.0,20.77
28.9,91.85,4843.0,7.67
28.9,91.9,4118.0,5.81
28.9,91.95,4432.0,21.56
28.9,92.0,5382.0,5.05
28.9,92.05,5018.0,16.17
28.9,92.1,4479.0,18.7
28.9,92.15,4534.0,7.38
28.9,92.2,4593.0,18.52
28.9,92.25,5173.0,16.07
28.9,92.3,5400.0,19.47
28.9,92.35,5129.0,24.87
28.9,92.4,5119.0,24.37
28.9,92.45,4636.0,6.56
28.9,92.5,4387.0,20.93
28.9,92.55,4222.0,26.09
28.9,92.6,4409.0,19.56
28.9,92.65,4381.0,25.62
28.9,92.7,4944.0,16.23
28.9,92.75,4588.0,29.48
28.9,92.8,4358.0,26.57
28.9,92.85,3574.0,24.79
28.9,92.9,4670.0,19.43
28.9,92.95,5061.0,24.04
28.9,93.0,4791.0,10.76
28.9,93.05,4036.0,15.69
28.9,93.1,4830.0,16.27
28.9,93.15,5604.0,36.11
28.9,93.2,5570.0,18.5
28.9,93.25,5310.0,33.07
28.9,93.3,5042.0,19.0
28.9,93.35,4642.0,20.1
28.9,93.4,3598.0,20.15
28.9,93.45,4955.0,20.52
28.9,93.5,5268.0,43.92
28.9,93.55,4528.0,13.71
28.9,93.6,4767.0,36.03
28.9,93.65,4653.0,18.47
28.9,93.7,4430.0,25.1
28.9,93.75,4326.0,19.62
28.9,93.8,4175.0,8.07
28.9,93.85,4057.0,21.13
28.9,93.9,4389.0,18.94
28.9,93.95,4706.0,10.06
28.9,94.0,4612.0,29.92
28.9,94.05,4434.0,19.59
28.9,94.1,3820.0,28.7
28.9,94.15,3990.0,19.25
28.9,94.2,3354.0,33.18
28.9,94.25,3239.0,31.89
28.9,94.3,2641.0,27.82
28.9,94.35,3915.0,11.84
28.9,94.4,3925.0,24.34
28.9,94.45,4158.0,17.0
28.9,94.5,2800.0,31.41
28.9,94.55,1320.0,37.3
28.9,94.6,1302.0,22.96
28.9,94.65,2653.0,27.09
28.9,94.7,2784.0,29.0
28.9,94.75,848.0,20.12
28.9,94.8,1316.0,17.41
28.9,94.85,1668.0,17.24
28.9,94.9,2139.0,31.39
28.9,94.95,1765.0,16.54
28.9,95.0,1215.0,29.99
28.9,95.05,1072.0,31.95
28.9,95.1,1546.0,13.5
28.9,95.15,2022.0,33.37
28.9,95.2,3742.0,6.93
28.9,95.25,3490.0,17.76
28.9,95.3,3945.0,26.81
28.9,95.35,3804.0,31.69
28.9,95.4,3154.0,30.42
28.9,95.45,2584.0,13.59
28.9,95.5,2699.0,37.17
28.9,95.55,2778.0,10.18
28.9,95.6,2761.0,9.26
28.9,95.65,2815.0,14.89
28.9,95.7,2398.0,22.65
28.9,95.75,1945.0,9.25
28.9,95.8,1851.0,24.98
28.9,95.85,1614.0,11.81
28.9,95.9,3545.0,9.03
28.9,95.95,2290.0,35.81
28.9,96.0,2207.0,42.28
28.9,96.05,2901.0,30.58
28.9,96.1,3735.0,28.4
28.9,96.15,4239.0,20.24
28.9,96.2,4186.0,26.28
28.9,96.25,3596.0,25.76
28.9,96.3,3108.0,32.89
28.9,96.35,4150.0,32.98
28.9,96.4,3870.0,37.19
28.9,96.45,4108.0,30.87
28.95,89.5,4635.0,6.82
28.95,89.55,3996.0,0.15
28.95,89.6,4379.0,25.61
28.95,89.65,4504.0,34.14
28.95,89.7,4405.0,19.76
28.95,89.75,4209.0,2.05
28.95,89.8,4603.0,4.87
28.95,89.85,5222.0,4.44
28.95,89.9,5019.0,24.29
28.95,89.95,4865.0,22.03
28.95,90.0,5073.0,24.97
28.95,90.05,5203.0,20.67
28.95,90.1,4814.0,2.32
28.95,90.15,5615.0,26.36
28.95,90.2,6346.0,9.27
28.95,90.25,5192.0,25.68
28.95,90.3,5355.0,12.93
28.95,90.35,4739.0,9.15
28.95,90.4,4480.0,0.81
28.95,90.45,4456.0,0.35
28.95,90.5,4431.0,0.0
28.95,90.55,4431.0,1.34
28.95,90.6,4512.0,7.28
28.95,90.65,4442.0,0.0
28.95,90.7,4442.0,0.0
28.95,90.75,4558.0,19.73
28.95,90.8,4442.0,0.0
28.95,90.85,4459.0,8.2
28.95,90.9,4486.0,10.12
28.95,90.95,4447.0,1.5
28.95,91.0,4442.0,0.0
28.95,91.05,4524.0,11.72
28.95,91.1,4711.0,8.94
28.95,91.15,4864.0,10.58
28.95,91.2,4841.0,12.87
28.95,91.25,4916.0,15.03
28.95,91.3,5069.0,19.32
28.95,91.35,5337.0,9.94
28.95,91.4,4783.0,10.43
28.95,91.45,4556.0,21.28
28.95,91.5,4481.0,18.01
28.95,91.55,4344.0,11.6
28.95,91.6,4455.0,25.16
28.95,91.65,3952.0,3.05
28.95,91.7,4247.0,29.89
28.95,91.75,5252.0,10.94
28.95,91.8,4646.0,8.42
28.95,91.85,4347.0,22.69
28.95,91.9,4064.0,12.12
28.95,91.95,4264.0,17.87
28.95,92.0,4910.0,29.96
28.95,92.05,4794.0,15.7
28.95,92.1,4346.0,19.2
28.95,92.15,4318.0,10.15
28.95,92.2,4564.0,16.52
28.95,92.25,5007.0,7.56
28.95,92.3,5064.0,11.25
28.95,92.35,4852.0,21.96
28.95,92.4,5238.0,24.69
28.95,92.45,4511.0,23.72
28.95,92.5,4128.0,26.76
28.95,92.55,3949.0,23.67
28.95,92.6,3725.0,16.38
28.95,92.65,4204.0,15.07
28.95,92.7,4966.0,19.94
28.95,92.75,5015.0,23.41
28.95,92.8,4641.0,22.82
28.95,92.85,3756.0,22.31
28.95,92.9,4691.0,30.72
28.95,92.95,4719.0,31.51
28.95,93.0,5007.0,23.68
28.95,93.05,3464.0,25.48
28.95,93.1,4875.0,22.1
28.95,93.15,4647.0,20.03
28.95,93.2,4822.0,28.48
28.95,93.25,4486.0,23.88
28.95,93.3,4468.0,36.36
28.95,93.35,4465.0,27.72
28.95,93.4,4040.0,31.95
28.95,93.45,4714.0,29.77
28.95,93.5,4517.0,27.63
28.95,93.55,4660.0,36.22
28.95,93.6,4720.0,29.8
28.95,93.65,4207.0,27.96
28.95,93.7,3982.0,24.86
28.95,93.75,4148.0,39.13
28.95,93.8,4179.0,25.96
28.95,93.85,3715.0,31.01
28.95,93.9,4851.0,20.05
28.95,93.95,4688.0,28.46
28.95,94.0,4285.0,10.13
28.95,94.05,3825.0,21.54
28.95,94.1,4106.0,15.41
28.95,94.15,3210.0,8.47
28.95,94.2,3194.0,0.55
28.95,94.25,3793.0,33.72
28.95,94.3,2892.0,27.61
28.95,94.35,4080.0,17.85
28.95,94.4,3965.0,15.26
28.95,94.45,2587.0,27.24
28.95,94.5,1655.0,30.63
28.95,94.55,1853.0,34.93
28.95,94.6,2104.0,43.6
28.95,94.65,3279.0,31.43
28.95,94.7,1372.0,18.64
28.95,94.75,1744.0,41.25
28.95,94.8,1107.0,24.08
28.95,94.85,485.0,8.98
28.95,94.9,1063.0,18.32
28.95,94.95,1098.0,19.38
28.95,95.0,795.0,10.54
28.95,95.05,1193.0,24.78
28.95,95.1,2064.0,32.7
28.95,95.15,2594.0,26.87
28.95,95.2,3004.0,16.23
28.95,95.25,4016.0,4.54
28.95,95.3,3773.0,15.82
28.95,95.35,3620.0,13.67
28.95,95.4,3321.0,35.37
28.95,95.45,2305.0,8.91
28.95,95.5,2975.0,30.46
28.95,95.55,3234.0,24.93
28.95,95.6,3405.0,22.88
28.95,95.65,3107.0,27.58
28.95,95.7,2618.0,28.73
28.95,95.75,2711.0,20.23
28.95,95.8,1821.0,17.75
28.95,95.85,2906.0,32.99
28.95,95.9,3392.0,21.83
28.95,95.95,2669.0,32.68
28.95,96.0,2823.0,35.64
28.95,96.05,3214.0,8.6
28.95,96.1,3137.0,30.29
28.95,96.15,3990.0,31.59
28.95,96.2,4541.0,29.48
28.95,96.25,3193.0,18.59
28.95,96.3,4004.0,25.75
28.95,96.35,3987.0,28.49
28.95,96.4,3336.0,10.19
28.95,96.45,4602.0,34.05
29.0,89.5,3967.0,0.22
29.0,89.55,4188.0,21.44
29.0,89.6,4601.0,27.22
29.0,89.65,4951.0,22.62
29.0,89.7,4804.0,22.33
29.0,89.75,4605.0,11.34
29.0,89.8,4830.0,7.79
29.0,89.85,4518.0,8.77
29.0,89.9,4869.0,22.21
29.0,89.95,5020.0,15.94
29.0,90.0,5487.0,7.49
29.0,90.05,5209.0,17.32
29.0,90.1,5245.0,6.77
29.0,90.15,5162.0,5.43
29.0,90.2,5586.0,17.82
29.0,90.25,5851.0,4.99
29.0,90.3,5316.0,13.15
29.0,90.35,5275.0,24.4
29.0,90.4,4445.0,0.0
29.0,90.45,4448.0,1.07
29.0,90.5,4445.0,0.0
29.0,90.55,4792.0,21.56
29.0,90.6,4688.0,5.98
29.0,90.65,4708.0,12.56
29.0,90.7,4458.0,10.74
29.0,90.75,4442.0,0.0
29.0,90.8,4840.0,13.01
29.0,90.85,4569.0,18.75
29.0,90.9,4442.0,0.0
29.0,90.95,4442.0,0.0
29.0,91.0,4531.0,15.31
29.0,91.05,4986.0,13.26
29.0,91.1,4894.0,22.02
29.0,91.15,5092.0,17.45
29.0,91.2,5247.0,25.71
29.0,91.25,4717.0,26.09
29.0,91.3,4439.0,14.12
29.0,91.35,4673.0,8.41
29.0,91.4,4752.0,23.58
29.0,91.45,4950.0,25.61
29.0,91.5,4740.0,25.1
29.0,91.55,4197.0,21.37
29.0,91.6,4364.0,20.22
29.0,91.65,3810.0,1.27
29.0,91.7,4346.0,24.79
29.0,91.75,4285.0,20.27
29.0,91.8,4703.0,1.89
29.0,91.85,4433.0,18.32
29.0,91.9,4070.0,32.45
29.0,91.95,4970.0,22.41
29.0,92.0,5483.0,12.91
29.0,92.05,5097.0,9.41
29.0,92.1,4332.0,6.89
29.0,92.15,4123.0,9.52
29.0,92.2,4463.0,8.4
29.0,92.25,4641.0,10.78
29.0,92.3,5126.0,24.18
29.0,92.35,4451.0,7.97
29.0,92.4,4907.0,19.48
29.0,92.45,4681.0,22.54
29.0,92.5,3990.0,16.92
29.0,92.55,3770.0,15.28
29.0,92.6,4024.0,19.83
29.0,92.65,4573.0,15.46
29.0,92.7,4048.0,30.75
29.0,92.75,4797.0,22.32
29.0,92.8,4439.0,8.1
29.0,92.85,3257.0,13.39
29.0,92.9,4556.0,28.95
29.0,92.95,4176.0,21.64
29.0,93.0,3877.0,29.0
29.0,93.05,4146.0,33.44
29.0,93.1,4070.0,21.12
29.0,93.15,3448.0,27.0
29.0,93.2,4015.0,23.18
29.0,93.25,3099.0,9.36
29.0,93.3,3041.0,15.77
29.0,93.35,3754.0,31.77
29.0,93.4,4417.0,29.44
29.0,93.45,5040.0,8.01
29.0,93.5,4846.0,9.49
29.0,93.55,5298.0,33.33
29.0,93.6,4918.0,20.44
29.0,93.65,4690.0,31.03
29.0,93.7,4910.0,10.42
29.0,93.75,4916.0,10.75
29.0,93.8,5252.0,30.32
29.0,93.85,4059.0,34.43
29.0,93.9,4395.0,30.18
29.0,93.95,4488.0,16.28
29.0,94.0,4707.0,24.68
29.0,94.05,3528.0,5.02
29.0,94.1,3861.0,39.51
29.0,94.15,3594.0,24.19
29.0,94.2,3746.0,28.8
29.0,94.25,3401.0,24.14
29.0,94.3,4109.0,43.59
29.0,94.35,3902.0,18.24
29.0,94.4,3879.0,29.97
29.0,94.45,3577.0,42.66
29.0,94.5,2193.0,32.75
29.0,94.55,3118.0,29.13
29.0,94.6,3389.0,31.22
29.0,94.65,3421.0,11.66
29.0,94.7,3222.0,6.11
29.0,94.75,2310.0,19.59
29.0,94.8,2058.0,36.29
29.0,94.85,1494.0,20.64
29.0,94.9,428.0,6.14
29.0,94.95,1650.0,33.97
29.0,95.0,1381.0,34.28
29.0,95.05,1424.0,28.84
29.0,95.1,2037.0,15.48
29.0,95.15,2841.0,38.06
29.0,95.2,3429.0,27.83
29.0,95.25,3954.0,30.45
29.0,95.3,3142.0,6.54
29.0,95.35,2641.0,12.94
29.0,95.4,2805.0,25.33
29.0,95.45,2760.0,24.21
29.0,95.5,2990.0,24.68
29.0,95.55,3684.0,27.15
29.0,95.6,3810.0,10.87
29.0,95.65,2927.0,31.27
29.0,95.7,2253.0,11.6
29.0,95.75,1854.0,21.98
29.0,95.8,1881.0,34.62
29.0,95.85,2730.0,20.37
29.0,95.9,3597.0,8.48
29.0,95.95,2611.0,19.61
29.0,96.0,3789.0,23.98
29.0,96.05,3660.0,35.71
29.0,96.1,3864.0,28.38
29.0,96.15,3447.0,36.92
29.0,96.2,4185.0,34.25
29.0,96.25,4421.0,18.29
29.0,96.3,3446.0,26.09
29.0,96.35,3911.0,40.0
29.0,96.4,4073.0,22.9
29.0,96.45,4564.0,23.27
29.05,89.5,4271.0,24.53
29.05,89.55,4754.0,10.84
29.05,89.6,4878.0,24.26
29.05,89.65,4667.0,15.33
29.05,89.7,4797.0,22.37
29.05,89.75,4717.0,16.02
29.05,89.8,5171.0,32.96
29.05,89.85,4700.0,23.34
29.05,89.9,4923.0,27.4
29.05,89.95,5084.0,18.93
29.05,90.0,5211.0,25.33
29.05,90.05,5212.0,23.81
29.05,90.1,5543.0,25.8
29.05,90.15,5233.0,14.74
29.05,90.2,5782.0,23.32
29.05,90.25,5220.0,16.21
29.05,90.3,5434.0,7.76
29.05,90.35,4946.0,14.61
29.05,90.4,4459.0,0.73
29.05,90.45,4786.0,12.54
29.05,90.5,4730.0,15.58
29.05,90.55,5028.0,5.9
29.05,90.6,4825.0,17.64
29.05,90.65,4554.0,12.4
29.05,90.7,4442.0,0.0
29.05,90.75,4673.0,7.33
29.05,90.8,5108.0,24.79
29.05,90.85,4667.0,16.22
29.05,90.9,4998.0,11.08
29.05,90.95,5035.0,7.88
29.05,91.0,5283.0,10.3
29.05,91.05,4904.0,8.73
29.05,91.1,4308.0,25.33
29.05,91.15,4877.0,25.65
29.05,91.2,4767.0,19.07
29.05,91.25,4211.0,22.75
29.05,91.3,3987.0,5.08
29.05,91.35,4419.0,27.01
29.05,91.4,5262.0,4.2
29.05,91.45,5318.0,17.16
29.05,91.5,5076.0,22.06
29.05,91.55,5250.0,15.36
29.05,91.6,4787.0,26.93
29.05,91.65,4256.0,16.48
29.05,91.7,3725.0,2.29
29.05,91.75,4462.0,20.89
29.05,91.8,4636.0,21.15
29.05,91.85,3870.0,8.86
29.05,91.9,4824.0,27.38
29.05,91.95,4781.0,26.82
29.05,92.0,4867.0,27.62
29.05,92.05,4860.0,15.57
29.05,92.1,4195.0,14.47
29.05,92.15,4255.0,11.97
29.05,92.2,3971.0,5.94
29.05,92.25,3972.0,6.6
29.05,92.3,4181.0,6.83
29.05,92.35,4656.0,20.8
29.05,92.4,3909.0,26.71
29.05,92.45,3995.0,18.76
29.05,92.5,4421.0,8.87
29.05,92.55,3907.0,25.49
29.05,92.6,4298.0,23.28
29.05,92.65,3896.0,29.52
29.05,92.7,3904.0,25.41
29.05,92.75,3834.0,17.9
29.05,92.8,3767.0,34.62
29.05,92.85,4018.0,22.58
29.05,92.9,3322.0,12.53
29.05,92.95,3096.0,0.61
29.05,93.0,3097.0,9.89
29.05,93.05,3288.0,31.6
29.05,93.1,3603.0,19.69
29.05,93.15,3962.0,36.71
29.05,93.2,3951.0,30.59
29.05,93.25,5063.0,31.69
29.05,93.3,4778.0,20.63
29.05,93.35,3046.0,11.97
29.05,93.4,3767.0,42.65
29.05,93.45,3746.0,32.65
29.05,93.5,5210.0,20.88
29.05,93.55,5096.0,26.67
29.05,93.6,4828.0,37.71
29.05,93.65,4912.0,33.95
29.05,93.7,4644.0,17.29
29.05,93.75,4411.0,20.94
29.05,93.8,4958.0,14.37
29.05,93.85,4551.0,22.48
29.05,93.9,3269.0,27.03
29.05,93.95,4133.0,29.87
29.05,94.0,5110.0,15.68
29.05,94.05,4359.0,21.92
29.05,94.1,4348.0,6.01
29.05,94.15,3758.0,34.37
29.05,94.2,3525.0,28.7
29.05,94.25,3639.0,34.11
29.05,94.3,4338.0,22.89
29.05,94.35,3489.0,8.14
29.05,94.4,3877.0,30.28
29.05,94.45,2982.0,38.64
29.05,94.5,2059.0,17.7
29.05,94.55,3291.0,41.04
29.05,94.6,3484.0,31.74
29.05,94.65,3149.0,31.83
29.05,94.7,2423.0,34.49
29.05,94.75,2043.0,31.28
29.05,94.8,1854.0,34.36
29.05,94.85,2219.0,28.46
29.05,94.9,676.0,38.67
29.05,94.95,883.0,31.4
29.05,95.0,2327.0,38.74
29.05,95.05,1871.0,20.22
29.05,95.1,2100.0,15.18
29.05,95.15,2695.0,20.85
29.05,95.2,3340.0,37.42
29.05,95.25,3345.0,13.97
29.05,95.3,3331.0,19.18
29.05,95.35,3676.0,27.63
29.05,95.4,3478.0,19.24
29.05,95.45,3629.0,33.73
29.05,95.5,3376.0,20.92
29.05,95.55,3439.0,21.87
29.05,95.6,3806.0,15.26
29.05,95.65,3074.0,26.73
29.05,95.7,3088.0,8.85
29.05,95.75,3167.0,34.67
29.05,95.8,1914.0,21.04
29.05,95.85,2892.0,26.53
29.05,95.9,4270.0,30.29
29.05,95.95,3721.0,33.78
29.05,96.0,1961.0,37.31
29.05,96.05,3875.0,29.65
29.05,96.1,4005.0,18.18
29.05,96.15,3322.0,34.93
29.05,96.2,4476.0,25.61
29.05,96.25,4287.0,25.48
29.05,96.3,4456.0,30.8
29.05,96.35,4775.0,26.05
29.05,96.4,4080.0,31.31
29.05,96.45,3632.0,37.52
29.1,89.5,4047.0,9.18
29.1,89.55,4011.0,3.22
29.1,89.6,4101.0,5.83
29.1,89.65,4363.0,15.72
29.1,89.7,4564.0,16.86
29.1,89.75,4994.0,19.75
29.1,89.8,4330.0,19.76
29.1,89.85,4796.0,26.62
29.1,89.9,4112.0,18.83
29.1,89.95,5317.0,16.76
29.1,90.0,4815.0,19.54
29.1,90.05,4573.0,33.9
29.1,90.1,4471.0,19.83
29.1,90.15,5094.0,10.56
29.1,90.2,4879.0,24.71
29.1,90.25,5092.0,16.46
29.1,90.3,4828.0,24.85
29.1,90.35,4786.0,22.38
29.1,90.4,4503.0,19.0
29.1,90.45,4853.0,7.72
29.1,90.5,4905.0,18.31
29.1,90.55,4552.0,14.9
29.1,90.6,5150.0,23.65
29.1,90.65,4556.0,10.81
29.1,90.7,4442.0,0.0
29.1,90.75,4813.0,10.53
29.1,90.8,4689.0,17.25
29.1,90.85,4510.0,14.71
29.1,90.9,4906.0,19.61
29.1,90.95,4990.0,21.24
29.1,91.0,4747.0,24.5
29.1,91.05,4507.0,19.72
29.1,91.1,4142.0,25.64
29.1,91.15,4548.0,22.16
29.1,91.2,5007.0,11.11
29.1,91.25,4374.0,9.21
29.1,91.3,3803.0,2.07
29.1,91.35,4451.0,15.56
29.1,91.4,4539.0,23.8
29.1,91.45,4257.0,21.25
29.1,91.5,4437.0,16.14
29.1,91.55,4317.0,21.95
29.1,91.6,4403.0,22.13
29.1,91.65,4650.0,24.1
29.1,91.7,3927.0,21.54
29.1,91.75,4386.0,25.67
29.1,91.8,3860.0,17.78
29.1,91.85,3702.0,9.45
29.1,91.9,4000.0,14.87
29.1,91.95,4847.0,28.27
29.1,92.0,5094.0,15.9
29.1,92.05,4070.0,25.93
29.1,92.1,4458.0,22.89
29.1,92.15,4076.0,18.82
29.1,92.2,4120.0,17.98
29.1,92.25,4233.0,27.68
29.1,92.3,4873.0,27.51
29.1,92.35,4870.0,27.4
29.1,92.4,4050.0,20.26
29.1,92.45,4216.0,30.1
29.1,92.5,3420.0,25.87
29.1,92.55,3720.0,17.24
29.1,92.6,3381.0,36.61
29.1,92.65,3435.0,17.42
29.1,92.7,3216.0,18.99
29.1,92.75,3595.0,31.86
29.1,92.8,3458.0,25.79
29.1,92.85,3727.0,13.5
29.1,92.9,4004.0,25.14
29.1,92.95,4480.0,30.63
29.1,93.0,4995.0,18.92
29.1,93.05,4083.0,21.96
29.1,93.1,3764.0,33.7
29.1,93.15,3100.0,9.38
29.1,93.2,4036.0,33.34
29.1,93.25,4397.0,21.82
29.1,93.3,4922.0,28.21
29.1,93.35,4695.0,21.1
29.1,93.4,3043.0,19.98
29.1,93.45,3140.0,19.3
29.1,93.5,4300.0,33.05
29.1,93.55,4620.0,22.23
29.1,93.6,4762.0,32.2
29.1,93.65,4492.0,31.24
29.1,93.7,3777.0,37.58
29.1,93.75,3564.0,31.49
29.1,93.8,3379.0,34.88
29.1,93.85,4072.0,32.17
29.1,93.9,4386.0,19.19
29.1,93.95,4679.0,8.12
29.1,94.0,4559.0,4.54
29.1,94.05,4151.0,11.15
29.1,94.1,4378.0,8.95
29.1,94.15,4277.0,30.03
29.1,94.2,3297.0,17.43
29.1,94.25,3707.0,32.29
29.1,94.3,3383.0,36.03
29.1,94.35,3729.0,44.67
29.1,94.4,3496.0,31.63
29.1,94.45,2763.0,36.72
29.1,94.5,2264.0,28.92
29.1,94.55,3676.0,36.82
29.1,94.6,3111.0,18.05
29.1,94.65,4100.0,21.9
29.1,94.7,3970.0,13.95
29.1,94.75,2767.0,46.91
29.1,94.8,3547.0,28.18
29.1,94.85,3178.0,27.04
29.1,94.9,2849.0,21.44
29.1,94.95,554.0,23.98
29.1,95.0,1416.0,37.22
29.1,95.05,2228.0,19.32
29.1,95.1,3136.0,17.28
29.1,95.15,2413.0,12.19
29.1,95.2,3015.0,29.57
29.1,95.25,3630.0,19.89
29.1,95.3,3514.0,20.2
29.1,95.35,3539.0,23.4
29.1,95.4,3588.0,25.27
29.1,95.45,3057.0,16.19
29.1,95.5,3590.0,30.22
29.1,95.55,3322.0,7.22
29.1,95.6,3406.0,23.41
29.1,95.65,3234.0,20.98
29.1,95.7,3722.0,26.11
29.1,95.75,3118.0,20.41
29.1,95.8,3375.0,5.5
29.1,95.85,2432.0,45.07
29.1,95.9,2136.0,3.36
29.1,95.95,3766.0,34.16
29.1,96.0,3578.0,36.07
29.1,96.05,3117.0,33.82
29.1,96.1,2947.0,21.45
29.1,96.15,3465.0,24.13
29.1,96.2,4804.0,5.74
29.1,96.25,4644.0,42.23
29.1,96.3,4587.0,13.88
29.1,96.35,4621.0,29.91
29.1,96.4,4336.0,31.47
29.1,96.45,3605.0,39.91
29.15,89.5,4070.0,4.37
29.15,89.55,4502.0,27.66
29.15,89.6,4320.0,27.51
29.15,89.65,4250.0,8.73
29.15,89.7,5140.0,22.9
29.15,89.75,5287.0,6.81
29.15,89.8,4421.0,16.46
29.15,89.85,4197.0,18.39
29.15,89.9,4097.0,23.59
29.15,89.95,4369.0,24.35
29.15,90.0,4569.0,11.06
29.15,90.05,5196.0,30.13
29.15,90.1,4972.0,12.92
29.15,90.15,4774.0,1.46
29.15,90.2,4776.0,17.95
29.15,90.25,4799.0,16.43
29.15,90.3,5172.0,23.26
29.15,90.35,5109.0,28.15
29.15,90.4,5136.0,22.09
29.15,90.45,4819.0,22.75
29.15,90.5,4442.0,0.0
29.15,90.55,4698.0,15.67
29.15,90.6,4841.0,23.07
29.15,90.65,4442.0,0.0
29.15,90.7,4738.0,8.06
29.15,90.75,4707.0,19.16
29.15,90.8,4563.0,24.94
29.15,90.85,4575.0,25.75
29.15,90.9,4133.0,14.71
29.15,90.95,4050.0,18.86
29.15,91.0,4894.0,27.24
29.15,91.05,4265.0,24.09
29.15,91.1,3764.0,1.2
29.15,91.15,4634.0,14.41
29.15,91.2,5048.0,19.08
29.15,91.25,4246.0,20.32
29.15,91.3,3919.0,31.31
29.15,91.35,3899.0,9.99
29.15,91.4,4263.0,17.97
29.15,91.45,4274.0,29.68
29.15,91.5,4845.0,26.37
29.15,91.55,4950.0,9.98
29.15,91.6,4069.0,11.26
29.15,91.65,3851.0,12.99
29.15,91.7,3652.0,0.79
29.15,91.75,3794.0,23.86
29.15,91.8,3689.0,5.72
29.15,91.85,3986.0,6.83
29.15,91.9,4522.0,24.84
29.15,91.95,4938.0,17.26
29.15,92.0,4053.0,31.01
29.15,92.05,4049.0,24.85
29.15,92.1,4402.0,19.33
29.15,92.15,4191.0,23.51
29.15,92.2,4444.0,15.51
29.15,92.25,4703.0,18.72
29.15,92.3,5202.0,12.45
29.15,92.35,5248.0,22.52
29.15,92.4,4657.0,14.84
29.15,92.45,4114.0,21.2
29.15,92.5,3706.0,18.41
29.15,92.55,3316.0,6.34
29.15,92.6,3396.0,13.99
29.15,92.65,3481.0,33.95
29.15,92.7,4119.0,25.29
29.15,92.75,4590.0,30.63
29.15,92.8,4997.0,29.93
29.15,92.85,3610.0,31.73
29.15,92.9,4742.0,3.77
29.15,92.95,4982.0,15.42
29.15,93.0,5191.0,7.71
29.15,93.05,5124.0,9.87
29.15,93.1,4404.0,35.03
29.15,93.15,3849.0,39.87
29.15,93.2,3665.0,40.09
29.15,93.25,4309.0,38.16
29.15,93.3,5044.0,6.69
29.15,93.35,4569.0,31.39
29.15,93.4,4714.0,14.2
29.15,93.45,3316.0,45.87
29.15,93.5,3643.0,37.04
29.15,93.55,3596.0,41.89
29.15,93.6,3992.0,24.8
29.15,93.65,2984.0,3.0
29.15,93.7,2963.0,1.09
29.15,93.75,2963.0,9.08
29.15,93.8,3631.0,29.15
29.15,93.85,2987.0,0.78
29.15,93.9,2995.0,2.33
29.15,93.95,3398.0,6.56
29.15,94.0,3884.0,29.16
29.15,94.05,4257.0,32.26
29.15,94.1,3926.0,27.97
29.15,94.15,3822.0,40.24
29.15,94.2,3074.0,18.71
29.15,94.25,4528.0,32.15
29.15,94.3,4830.0,31.79
29.15,94.35,4402.0,14.1
29.15,94.4,3229.0,33.59
29.15,94.45,4152.0,17.71
29.15,94.5,3382.0,26.58
29.15,94.55,3646.0,29.72
29.15,94.6,4180.0,23.51
29.15,94.65,3891.0,28.25
29.15,94.7,3302.0,42.22
29.15,94.75,3761.0,26.69
29.15,94.8,3586.0,21.06
29.15,94.85,3223.0,35.19
29.15,94.9,2656.0,27.81
29.15,94.95,1561.0,40.02
29.15,95.0,1357.0,34.56
29.15,95.05,2027.0,33.08
29.15,95.1,2172.0,30.54
29.15,95.15,1703.0,7.87
29.15,95.2,2212.0,12.88
29.15,95.25,2330.0,29.58
29.15,95.3,3739.0,22.79
29.15,95.35,3038.0,15.85
29.15,95.4,3769.0,29.58
29.15,95.45,3985.0,16.27
29.15,95.5,3942.0,12.61
29.15,95.55,3222.0,10.82
29.15,95.6,3807.0,13.52
29.15,95.65,3757.0,31.06
29.15,95.7,3312.0,36.19
29.15,95.75,3654.0,12.24
29.15,95.8,3068.0,18.8
29.15,95.85,3094.0,34.14
29.15,95.9,3586.0,31.76
29.15,95.95,2569.0,53.91
29.15,96.0,3979.0,44.26
29.15,96.05,3948.0,23.42
29.15,96.1,3128.0,34.3
29.15,96.15,2602.0,39.42
29.15,96.2,3823.0,26.09
29.15,96.25,4500.0,26.07
29.15,96.3,4710.0,24.34
29.15,96.35,4060.0,35.75
29.15,96.4,3968.0,38.17
29.15,96.45,2918.0,34.38
29.2,89.5,4570.0,5.89
29.2,89.55,5050.0,14.02
29.2,89.6,5083.0,22.1
29.2,89.65,5275.0,16.88
29.2,89.7,5211.0,17.65
29.2,89.75,4437.0,19.37
29.2,89.8,4841.0,16.35
29.2,89.85,4172.0,17.12
29.2,89.9,3975.0,14.18
29.2,89.95,4119.0,13.94
29.2,90.0,4985.0,25.24
29.2,90.05,5284.0,19.56
29.2,90.1,4667.0,5.0
29.2,90.15,4557.0,6.52
29.2,90.2,4756.0,9.75
29.2,90.25,5233.0,7.81
29.2,90.3,5371.0,20.7
29.2,90.35,4986.0,33.53
29.2,90.4,4319.0,11.96
29.2,90.45,4593.0,20.22
29.2,90.5,4636.0,29.03
29.2,90.55,4658.0,22.92
29.2,90.6,4768.0,18.86
29.2,90.65,4938.0,23.25
29.2,90.7,4474.0,21.09
29.2,90.75,4309.0,11.05
29.2,90.8,4116.0,25.04
29.2,90.85,4165.0,17.93
29.2,90.9,4337.0,12.99
29.2,90.95,4113.0,20.45
29.2,91.0,4788.0,14.06
29.2,91.05,4329.0,17.8
29.2,91.1,3673.0,1.12
29.2,91.15,3827.0,3.8
29.2,91.2,4630.0,12.96
29.2,91.25,4352.0,18.84
29.2,91.3,3749.0,15.46
29.2,91.35,4109.0,20.52
29.2,91.4,3740.0,16.64
29.2,91.45,3889.0,16.08
29.2,91.5,4340.0,23.45
29.2,91.55,3928.0,7.44
29.2,91.6,4717.0,19.26
29.2,91.65,4436.0,20.76
29.2,91.7,4652.0,20.66
29.2,91.75,3694.0,19.28
29.2,91.8,3934.0,12.93
29.2,91.85,4741.0,18.24
29.2,91.9,4510.0,25.08
29.2,91.95,4121.0,23.8
29.2,92.0,4455.0,5.67
29.2,92.05,4072.0,12.64
29.2,92.1,5141.0,23.57
29.2,92.15,4931.0,16.85
29.2,92.2,4427.0,10.01
29.2,92.25,5168.0,15.4
29.2,92.3,5164.0,24.81
29.2,92.35,4758.0,30.02
29.2,92.4,5476.0,56.19
29.2,92.45,5196.0,15.55
29.2,92.5,3890.0,36.9
29.2,92.55,5013.0,20.47
29.2,92.6,4946.0,17.21
29.2,92.65,5030.0,23.12
29.2,92.7,4423.0,32.3
29.2,92.75,5060.0,4.14
29.2,92.8,5047.0,19.29
29.2,92.85,4051.0,30.66
29.2,92.9,4394.0,30.54
29.2,92.95,4935.0,11.58
29.2,93.0,5213.0,18.47
29.2,93.05,4550.0,14.38
29.2,93.1,4410.0,35.94
29.2,93.15,4808.0,30.97
29.2,93.2,4274.0,33.67
29.2,93.25,5120.0,14.63
29.2,93.3,4805.0,17.99
29.2,93.35,4977.0,7.26
29.2,93.4,3952.0,34.99
29.2,93.45,4651.0,27.33
29.2,93.5,4834.0,25.86
29.2,93.55,4410.0,30.89
29.2,93.6,4182.0,25.66
29.2,93.65,4014.0,38.75
29.2,93.7,4187.0,24.87
29.2,93.75,4353.0,33.97
29.2,93.8,3823.0,25.4
29.2,93.85,4534.0,24.57
29.2,93.9,3096.0,17.67
29.2,93.95,2958.0,3.23
29.2,94.0,2939.0,1.14
29.2,94.05,2942.0,1.92
29.2,94.1,2941.0,2.88
29.2,94.15,2946.0,3.91
29.2,94.2,2932.0,1.47
29.2,94.25,3590.0,31.0
29.2,94.3,3560.0,40.56
29.2,94.35,4446.0,23.43
29.2,94.4,3792.0,34.47
29.2,94.45,4151.0,20.1
29.2,94.5,3929.0,31.47
29.2,94.55,3803.0,30.08
29.2,94.6,4157.0,18.98
29.2,94.65,4746.0,20.41
29.2,94.7,3383.0,27.21
29.2,94.75,4105.0,24.8
29.2,94.8,4341.0,18.56
29.2,94.85,2839.0,39.4
29.2,94.9,1597.0,42.32
29.2,94.95,2086.0,40.6
29.2,95.0,1574.0,33.36
29.2,95.05,1179.0,39.34
29.2,95.1,1238.0,29.46
29.2,95.15,1537.0,20.89
29.2,95.2,2009.0,32.12
29.2,95.25,1390.0,5.4
29.2,95.3,2084.0,36.57
29.2,95.35,1943.0,11.97
29.2,95.4,3083.0,13.16
29.2,95.45,3954.0,7.46
29.2,95.5,4114.0,11.88
29.2,95.55,4036.0,16.8
29.2,95.6,4095.0,6.75
29.2,95.65,3749.0,26.22
29.2,95.7,3756.0,34.52
29.2,95.75,3514.0,21.23
29.2,95.8,4024.0,20.66
29.2,95.85,3213.0,36.53
29.2,95.9,2245.0,0.27
29.2,95.95,3842.0,36.35
29.2,96.0,3282.0,26.04
29.2,96.05,3823.0,33.72
29.2,96.1,4499.0,38.63
29.2,96.15,3354.0,13.79
29.2,96.2,4374.0,32.81
29.2,96.25,4651.0,8.67
29.2,96.3,4443.0,29.94
29.2,96.35,3517.0,33.88
29.2,96.4,3718.0,41.8
29.2,96.45,4845.0,28.73
29.25,89.5,5082.0,14.99
29.25,89.55,4516.0,14.91
29.25,89.6,4776.0,14.39
29.25,89.65,5472.0,33.68
29.25,89.7,4839.0,22.99
29.25,89.75,4390.0,22.91
29.25,89.8,3977.0,25.17
29.25,89.85,4219.0,14.76
29.25,89.9,5067.0,22.73
29.25,89.95,5167.0,23.64
29.25,90.0,5316.0,26.5
29.25,90.05,4598.0,10.67
29.25,90.1,4375.0,4.85
29.25,90.15,4306.0,5.16
29.25,90.2,4569.0,16.1
29.25,90.25,4429.0,8.87
29.25,90.3,5379.0,11.35
29.25,90.35,5418.0,20.35
29.25,90.4,4013.0,27.05
29.25,90.45,3667.0,7.01
29.25,90.5,3628.0,7.51
29.25,90.55,3796.0,21.32
29.25,90.6,4049.0,14.37
29.25,90.65,4485.0,23.91
29.25,90.7,3978.0,20.45
29.25,90.75,4213.0,23.33
29.25,90.8,3660.0,17.23
29.25,90.85,3913.0,13.66
29.25,90.9,4156.0,20.06
29.25,90.95,3750.0,16.78
29.25,91.0,4260.0,29.71
29.25,91.05,3974.0,25.79
29.25,91.1,3600.0,0.86
29.25,91.15,4121.0,20.97
29.25,91.2,4043.0,22.6
29.25,91.25,4100.0,7.88
29.25,91.3,4101.0,4.46
29.25,91.35,3703.0,26.63
29.25,91.4,3562.0,1.22
29.25,91.45,3594.0,3.78
29.25,91.5,3578.0,1.73
29.25,91.55,3878.0,28.02
29.25,91.6,3730.0,21.88
29.25,91.65,3596.0,12.43
29.25,91.7,3552.0,3.82
29.25,91.75,3555.0,0.49
29.25,91.8,3619.0,8.25
29.25,91.85,3766.0,10.87
29.25,91.9,4036.0,17.55
29.25,91.95,3899.0,37.9
29.25,92.0,3587.0,21.43
29.25,92.05,3829.0,26.55
29.25,92.1,4260.0,17.36
29.25,92.15,4965.0,19.34
29.25,92.2,3606.0,11.05
29.25,92.25,3867.0,34.27
29.25,92.3,5019.0,31.92
29.25,92.35,4215.0,28.53
29.25,92.4,3450.0,30.82
29.25,92.45,3507.0,41.09
29.25,92.5,4216.0,34.83
29.25,92.55,5138.0,6.22
29.25,92.6,5105.0,27.68
29.25,92.65,4824.0,3.57
29.25,92.7,3799.0,9.21
29.25,92.75,5052.0,16.97
29.25,92.8,5323.0,14.33
29.25,92.85,4756.0,16.84
29.25,92.9,4437.0,29.74
29.25,92.95,5044.0,27.3
29.25,93.0,4914.0,27.34
29.25,93.05,5086.0,21.9
29.25,93.1,4946.0,14.83
29.25,93.15,5091.0,13.24
29.25,93.2,4122.0,23.28
29.25,93.25,4859.0,26.37
29.25,93.3,4806.0,2.72
29.25,93.35,4688.0,13.51
29.25,93.4,4997.0,24.16
29.25,93.45,4613.0,14.48
29.25,93.5,4571.0,23.44
29.25,93.55,3904.0,26.71
29.25,93.6,3971.0,40.26
29.25,93.65,4524.0,15.51
29.25,93.7,4992.0,11.31
29.25,93.75,4827.0,19.64
29.25,93.8,4019.0,26.5
29.25,93.85,4095.0,23.0
29.25,93.9,4526.0,27.2
29.25,93.95,4202.0,21.03
29.25,94.0,4301.0,26.59
29.25,94.05,3277.0,27.63
29.25,94.1,3766.0,36.37
29.25,94.15,3726.0,19.42
29.25,94.2,3820.0,34.65
29.25,94.25,2932.0,0.19
29.25,94.3,3119.0,14.19
29.25,94.35,4144.0,29.68
29.25,94.4,4131.0,39.05
29.25,94.45,3984.0,35.71
29.25,94.5,3975.0,41.27
29.25,94.55,3884.0,34.78
29.25,94.6,3457.0,27.34
29.25,94.65,3202.0,35.49
29.25,94.7,3866.0,8.41
29.25,94.75,4659.0,28.65
29.25,94.8,3611.0,31.16
29.25,94.85,3638.0,46.47
29.25,94.9,3755.0,25.61
29.25,94.95,2752.0,38.06
29.25,95.0,2494.0,42.33
29.25,95.05,2983.0,38.99
29.25,95.1,1694.0,42.91
29.25,95.15,1183.0,32.1
29.25,95.2,806.0,14.76
29.25,95.25,1129.0,25.05
29.25,95.3,2199.0,25.08
29.25,95.35,2782.0,28.02
29.25,95.4,2999.0,21.46
29.25,95.45,3803.0,30.42
29.25,95.5,3029.0,20.88
29.25,95.55,3060.0,27.23
29.25,95.6,4366.0,27.8
29.25,95.65,3977.0,29.35
29.25,95.7,3517.0,16.17
29.25,95.75,3963.0,14.23
29.25,95.8,3720.0,22.92
29.25,95.85,2999.0,35.24
29.25,95.9,3556.0,14.47
29.25,95.95,3344.0,42.39
29.25,96.0,4325.0,29.05
29.25,96.05,3675.0,8.06
29.25,96.1,3970.0,43.29
29.25,96.15,4252.0,27.01
29.25,96.2,4221.0,22.88
29.25,96.25,4633.0,10.69
29.25,96.3,3254.0,35.9
29.25,96.35,3641.0,4.84
29.25,96.4,4048.0,32.75
29.25,96.45,3453.0,30.55
29.3,89.5,4604.0,19.48
29.3,89.55,3921.0,4.99
29.3,89.6,4796.0,20.0
29.3,89.65,4616.0,10.63
29.3,89.7,4252.0,23.14
29.3,89.75,3769.0,6.47
29.3,89.8,3856.0,14.4
29.3,89.85,4475.0,27.27
29.3,89.9,5050.0,9.1
29.3,89.95,4896.0,29.47
29.3,90.0,4988.0,21.61
29.3,90.05,4542.0,17.77
29.3,90.1,3972.0,6.16
29.3,90.15,4466.0,7.15
29.3,90.2,4642.0,21.58
29.3,90.25,4407.0,33.18
29.3,90.3,4569.0,25.83
29.3,90.35,4115.0,37.42
29.3,90.4,5013.0,31.78
29.3,90.45,4514.0,21.44
29.3,90.5,4710.0,21.79
29.3,90.55,4018.0,16.75
29.3,90.6,3717.0,17.5
29.3,90.65,3596.0,0.38
29.3,90.7,3753.0,22.83
29.3,90.75,3583.0,0.78
29.3,90.8,3583.0,0.1
29.3,90.85,3578.0,0.53
29.3,90.9,3572.0,0.34
29.3,90.95,3569.0,0.4
29.3,91.0,3568.0,0.11
29.3,91.05,3566.0,0.85
29.3,91.1,3565.0,0.2
29.3,91.15,3565.0,0.28
29.3,91.2,3561.0,0.62
29.3,91.25,3562.0,0.95
29.3,91.3,3559.0,0.33
29.3,91.35,3559.0,1.46
29.3,91.4,3559.0,0.39
29.3,91.45,3563.0,4.91
29.3,91.5,3558.0,0.46
29.3,91.55,3555.0,0.18
29.3,91.6,3599.0,3.31
29.3,91.65,4205.0,16.68
29.3,91.7,3661.0,4.21
29.3,91.75,4392.0,22.43
29.3,91.8,4043.0,30.58
29.3,91.85,3937.0,34.06
29.3,91.9,3915.0,29.04
29.3,91.95,4053.0,23.65
29.3,92.0,4483.0,29.55
29.3,92.05,3698.0,24.44
29.3,92.1,4370.0,25.62
29.3,92.15,4214.0,22.96
29.3,92.2,3669.0,13.62
29.3,92.25,4063.0,7.41
29.3,92.3,5199.0,29.63
29.3,92.35,4835.0,2.47
29.3,92.4,5173.0,16.93
29.3,92.45,5246.0,23.25
29.3,92.5,4709.0,9.98
29.3,92.55,5218.0,26.38
29.3,92.6,4966.0,29.24
29.3,92.65,5149.0,2.52
29.3,92.7,5051.0,27.45
29.3,92.75,4628.0,28.05
29.3,92.8,5078.0,30.82
29.3,92.85,4990.0,22.51
29.3,92.9,4667.0,14.87
29.3,92.95,4087.0,30.47
29.3,93.0,5023.0,28.15
29.3,93.05,5045.0,5.06
29.3,93.1,4902.0,29.99
29.3,93.15,5122.0,16.77
29.3,93.2,4191.0,5.55
29.3,93.25,5127.0,17.24
29.3,93.3,4873.0,15.08
29.3,93.35,4813.0,21.08
29.3,93.4,4691.0,18.31
29.3,93.45,4797.0,17.67
29.3,93.5,4482.0,34.56
29.3,93.55,4648.0,37.16
29.3,93.6,4646.0,24.55
29.3,93.65,4827.0,8.86
29.3,93.7,4808.0,4.36
29.3,93.75,4605.0,9.31
29.3,93.8,4912.0,15.13
29.3,93.85,4912.0,18.18
29.3,93.9,4566.0,28.51
29.3,93.95,4317.0,30.14
29.3,94.0,3287.0,14.91
29.3,94.05,3658.0,35.88
29.3,94.1,4103.0,26.01
29.3,94.15,4693.0,14.27
29.3,94.2,4094.0,24.34
29.3,94.25,3989.0,30.67
29.3,94.3,3058.0,27.93
29.3,94.35,2982.0,13.44
29.3,94.4,3311.0,25.05
29.3,94.45,4055.0,25.12
29.3,94.5,3505.0,24.39
29.3,94.55,3493.0,18.14
29.3,94.6,4383.0,31.47
29.3,94.65,4508.0,29.97
29.3,94.7,4007.0,31.09
29.3,94.75,5310.0,39.86
29.3,94.8,4242.0,25.5
29.3,94.85,3333.0,42.95
29.3,94.9,4156.0,46.3
29.3,94.95,3684.0,45.39
29.3,95.0,3638.0,29.87
29.3,95.05,2960.0,31.88
29.3,95.1,2153.0,39.56
29.3,95.15,1672.0,34.19
29.3,95.2,2195.0,31.63
29.3,95.25,1499.0,32.29
29.3,95.3,1329.0,31.58
29.3,95.35,2006.0,1.33
29.3,95.4,2686.0,29.92
29.3,95.45,3444.0,36.14
29.3,95.5,2357.0,4.87
29.3,95.55,4091.0,20.85
29.3,95.6,3638.0,25.55
29.3,95.65,3804.0,25.03
29.3,95.7,3577.0,2.42
29.3,95.75,4199.0,31.22
29.3,95.8,3296.0,42.72
29.3,95.85,3573.0,25.29
29.3,95.9,3459.0,32.94
29.3,95.95,3498.0,43.95
29.3,96.0,4044.0,16.18
29.3,96.05,3984.0,12.47
29.3,96.1,4416.0,23.59
29.3,96.15,4442.0,15.96
29.3,96.2,4742.0,36.57
29.3,96.25,3694.0,26.78
29.3,96.3,3671.0,4.84
29.3,96.35,4072.0,6.1
29.3,96.4,4398.0,10.19
29.3,96.45,4863.0,28.34
29.35,89.5,3777.0,0.09
29.35,89.55,3780.0,0.7
29.35,89.6,3768.0,0.71
29.35,89.65,3773.0,0.67
29.35,89.7,3829.0,4.51
29.35,89.75,4481.0,27.0
29.35,89.8,4446.0,13.71
29.35,89.85,4800.0,19.13
29.35,89.9,5349.0,26.62
29.35,89.95,4221.0,38.98
29.35,90.0,4445.0,31.74
29.35,90.05,4017.0,34.89
29.35,90.1,3731.0,8.19
29.35,90.15,3785.0,25.69
29.35,90.2,3763.0,26.7
29.35,90.25,4388.0,5.42
29.35,90.3,3962.0,28.57
29.35,90.35,4913.0,24.36
29.35,90.4,4781.0,26.47
29.35,90.45,5344.0,19.67
29.35,90.5,4725.0,29.19
29.35,90.55,5210.0,18.88
29.35,90.6,4608.0,36.29
29.35,90.65,3686.0,1.93
29.35,90.7,3591.0,0.67
29.35,90.75,3590.0,0.44
29.35,90.8,3668.0,21.14
29.35,90.85,4020.0,34.51
29.35,90.9,3929.0,22.07
29.35,90.95,3917.0,17.43
29.35,91.0,3861.0,24.31
29.35,91.05,3616.0,11.36
29.35,91.1,3996.0,21.88
29.35,91.15,3650.0,4.74
29.35,91.2,4826.0,34.57
29.35,91.25,3940.0,16.5
29.35,91.3,4377.0,33.38
29.35,91.35,4114.0,33.66
29.35,91.4,4542.0,19.22
29.35,91.45,3902.0,25.83
29.35,91.5,3618.0,3.23
29.35,91.55,3931.0,18.64
29.35,91.6,4287.0,16.35
29.35,91.65,4980.0,24.43
29.35,91.7,4118.0,24.33
29.35,91.75,5278.0,25.17
29.35,91.8,3898.0,7.82
29.35,91.85,4200.0,22.06
29.35,91.9,4525.0,19.3
29.35,91.95,5090.0,25.72
29.35,92.0,4923.0,33.13
29.35,92.05,4372.0,35.17
29.35,92.1,4450.0,21.69
29.35,92.15,5131.0,10.57
29.35,92.2,3970.0,32.62
29.35,92.25,4093.0,15.81
29.35,92.3,4048.0,17.18
29.35,92.35,4900.0,20.25
29.35,92.4,5384.0,21.61
29.35,92.45,5137.0,20.32
29.35,92.5,5267.0,7.87
29.35,92.55,5265.0,13.04
29.35,92.6,5390.0,7.16
29.35,92.65,5377.0,40.26
29.35,92.7,5168.0,8.52
29.35,92.75,4296.0,12.9
29.35,92.8,5216.0,11.61
29.35,92.85,5009.0,38.59
29.35,92.9,5020.0,42.53
29.35,92.95,5044.0,25.61
29.35,93.0,5049.0,29.53
29.35,93.05,4730.0,22.93
29.35,93.1,5075.0,7.85
29.35,93.15,4817.0,26.71
29.35,93.2,4725.0,36.08
29.35,93.25,5086.0,31.03
29.35,93.3,5028.0,14.22
29.35,93.35,4689.0,29.37
29.35,93.4,4709.0,30.1
29.35,93.45,4496.0,28.75
29.35,93.5,4404.0,35.15
29.35,93.55,4918.0,17.72
29.35,93.6,4982.0,21.65
29.35,93.65,5149.0,10.35
29.35,93.7,4760.0,6.44
29.35,93.75,4524.0,9.08
29.35,93.8,4914.0,24.55
29.35,93.85,4292.0,18.86
29.35,93.9,4338.0,29.51
29.35,93.95,4136.0,29.52
29.35,94.0,4294.0,25.59
29.35,94.05,3764.0,28.47
29.35,94.1,4207.0,27.69
29.35,94.15,4850.0,26.84
29.35,94.2,4390.0,28.94
29.35,94.25,4400.0,17.94
29.35,94.3,3725.0,24.57
29.35,94.35,3810.0,27.2
29.35,94.4,2929.0,1.28
29.35,94.45,3675.0,28.95
29.35,94.5,4408.0,13.08
29.35,94.55,4543.0,12.11
29.35,94.6,4461.0,28.56
29.35,94.65,4004.0,43.78
29.35,94.7,4118.0,33.78
29.35,94.75,4722.0,26.01
29.35,94.8,3734.0,32.9
29.35,94.85,3955.0,48.04
29.35,94.9,4835.0,21.66
29.35,94.95,4150.0,48.52
29.35,95.0,3519.0,33.3
29.35,95.05,3026.0,33.85
29.35,95.1,2894.0,37.12
29.35,95.15,1744.0,25.99
29.35,95.2,2026.0,36.36
29.35,95.25,2957.0,17.39
29.35,95.3,1668.0,18.27
29.35,95.35,808.0,22.88
29.35,95.4,1990.0,35.64
29.35,95.45,1616.0,25.41
29.35,95.5,2825.0,36.18
29.35,95.55,4206.0,24.52
29.35,95.6,4566.0,3.05
29.35,95.65,3747.0,17.57
29.35,95.7,4362.0,16.37
29.35,95.75,3781.0,36.25
29.35,95.8,4583.0,4.89
29.35,95.85,4707.0,7.76
29.35,95.9,4255.0,21.41
29.35,95.95,4107.0,34.18
29.35,96.0,3951.0,41.46
29.35,96.05,4796.0,12.71
29.35,96.1,4667.0,31.97
29.35,96.15,4467.0,16.96
29.35,96.2,4158.0,31.42
29.35,96.25,3879.0,11.13
29.35,96.3,4208.0,7.13
29.35,96.35,4442.0,7.53
29.35,96.4,4972.0,5.11
29.35,96.45,4090.0,41.16
29.4,89.5,4605.0,23.15
29.4,89.55,4273.0,20.16
29.4,89.6,4324.0,18.21
29.4,89.65,4231.0,17.54
29.4,89.7,4630.0,21.37
29.4,89.75,5136.0,13.04
29.4,89.8,5427.0,18.88
29.4,89.85,5354.0,18.37
29.4,89.9,4467.0,11.13
29.4,89.95,5432.0,26.96
29.4,90.0,5012.0,21.58
29.4,90.05,4338.0,9.44
29.4,90.1,4036.0,5.88
29.4,90.15,4123.0,12.87
29.4,90.2,4023.0,29.24
29.4,90.25,4999.0,22.07
29.4,90.3,4795.0,10.36
29.4,90.35,4565.0,27.2
29.4,90.4,5209.0,19.65
29.4,90.45,5294.0,7.25
29.4,90.5,5375.0,19.47
29.4,90.55,4904.0,30.47
29.4,90.6,4806.0,25.29
29.4,90.65,4247.0,20.41
29.4,90.7,3962.0,18.12
29.4,90.75,4308.0,29.41
29.4,90.8,4389.0,13.49
29.4,90.85,3893.0,28.41
29.4,90.9,3597.0,0.21
29.4,90.95,3806.0,9.5
29.4,91.0,4326.0,31.89
29.4,91.05,4297.0,28.64
29.4,91.1,4373.0,19.28
29.4,91.15,3778.0,10.29
29.4,91.2,4979.0,17.89
29.4,91.25,4187.0,28.54
29.4,91.3,4459.0,25.11
29.4,91.35,4827.0,16.47
29.4,91.4,4348.0,27.16
29.4,91.45,4896.0,28.21
29.4,91.5,4012.0,27.35
29.4,91.55,4865.0,22.9
29.4,91.6,4335.0,13.52
29.4,91.65,4964.0,15.89
29.4,91.7,5036.0,11.12
29.4,91.75,5219.0,23.71
29.4,91.8,4259.0,28.16
29.4,91.85,3702.0,1.93
29.4,91.9,4318.0,20.64
29.4,91.95,5077.0,7.53
29.4,92.0,5095.0,32.53
29.4,92.05,4644.0,25.66
29.4,92.1,5251.0,13.42
29.4,92.15,4727.0,25.21
29.4,92.2,4029.0,28.34
29.4,92.25,4749.0,24.71
29.4,92.3,4487.0,18.33
29.4,92.35,4136.0,13.05
29.4,92.4,4148.0,1.33
29.4,92.45,4430.0,5.41
29.4,92.5,4997.0,39.44
29.4,92.55,4974.0,25.13
29.4,92.6,4982.0,34.68
29.4,92.65,4987.0,19.79
29.4,92.7,5391.0,3.05
29.4,92.75,4453.0,4.26
29.4,92.8,5397.0,15.71
29.4,92.85,5025.0,14.37
29.4,92.9,4271.0,32.23
29.4,92.95,5054.0,14.99
29.4,93.0,5169.0,17.14
29.4,93.05,5072.0,29.22
29.4,93.1,5239.0,15.28
29.4,93.15,5167.0,15.94
29.4,93.2,4576.0,9.88
29.4,93.25,5185.0,24.75
29.4,93.3,4786.0,34.83
29.4,93.35,5072.0,2.36
29.4,93.4,4233.0,16.54
29.4,93.45,4954.0,25.85
29.4,93.5,3930.0,42.37
29.4,93.55,4297.0,32.67
29.4,93.6,4903.0,28.92
29.4,93.65,4761.0,27.91
29.4,93.7,4796.0,12.28
29.4,93.75,4827.0,9.96
29.4,93.8,4409.0,27.43
29.4,93.85,4813.0,22.92
29.4,93.9,4528.0,27.53
29.4,93.95,4267.0,22.0
29.4,94.0,4451.0,18.49
29.4,94.05,4546.0,16.34
29.4,94.1,4191.0,22.3
29.4,94.15,4612.0,29.17
29.4,94.2,4626.0,10.81
29.4,94.25,4487.0,28.0
29.4,94.3,4629.0,27.84
29.4,94.35,3846.0,29.01
29.4,94.4,3361.0,16.38
29.4,94.45,2921.0,0.19
29.4,94.5,3386.0,21.39
29.4,94.55,3949.0,9.08
29.4,94.6,4540.0,11.27
29.4,94.65,4029.0,33.15
29.4,94.7,4241.0,38.14
29.4,94.75,3301.0,16.48
29.4,94.8,4707.0,30.37
29.4,94.85,3452.0,26.27
29.4,94.9,5690.0,21.35
29.4,94.95,3250.0,18.02
29.4,95.0,4087.0,29.64
29.4,95.05,3978.0,23.41
29.4,95.1,2566.0,31.25
29.4,95.15,3700.0,17.72
29.4,95.2,2501.0,41.51
29.4,95.25,3105.0,35.11
29.4,95.3,2847.0,39.12
29.4,95.35,1319.0,36.44
29.4,95.4,1806.0,34.53
29.4,95.45,2656.0,39.7
29.4,95.5,3299.0,22.19
29.4,95.55,4157.0,22.32
29.4,95.6,3308.0,33.37
29.4,95.65,3477.0,21.33
29.4,95.7,3587.0,27.06
29.4,95.75,3998.0,29.61
29.4,95.8,4857.0,24.98
29.4,95.85,4165.0,28.43
29.4,95.9,4370.0,29.07
29.4,95.95,4366.0,35.88
29.4,96.0,4058.0,3.19
29.4,96.05,5083.0,22.77
29.4,96.1,4037.0,30.95
29.4,96.15,3531.0,27.64
29.4,96.2,3783.0,41.94
29.4,96.25,4928.0,44.91
29.4,96.3,4455.0,3.44
29.4,96.35,4871.0,3.51
29.4,96.4,5021.0,35.03
29.4,96.45,5916.0,41.13
29.45,89.5,4213.0,12.37
29.45,89.55,5176.0,23.53
29.45,89.6,4777.0,27.61
29.45,89.65,4577.0,17.03
29.45,89.7,5407.0,11.68
29.45,89.75,5058.0,14.07
29.45,89.8,5636.0,19.88
29.45,89.85,5118.0,13.98
29.45,89.9,5425.0,26.21
29.45,89.95,5482.0,21.69
29.45,90.0,5182.0,6.61
29.45,90.05,4548.0,19.87
29.45,90.1,4070.0,11.32
29.45,90.15,3883.0,5.44
29.45,90.2,3991.0,11.16
29.45,90.25,3918.0,15.58
29.45,90.3,4324.0,19.16
29.45,90.35,4932.0,14.19
29.45,90.4,5157.0,12.72
29.45,90.45,5589.0,5.51
29.45,90.5,5512.0,29.11
29.45,90.55,4983.0,24.28
29.45,90.6,4501.0,27.99
29.45,90.65,5262.0,27.87
29.45,90.7,4326.0,19.46
29.45,90.75,5177.0,8.5
29.45,90.8,4296.0,27.03
29.45,90.85,4638.0,21.19
29.45,90.9,4048.0,19.91
29.45,90.95,3607.0,0.1
29.45,91.0,4384.0,25.98
29.45,91.05,4850.0,30.36
29.45,91.1,5061.0,32.59
29.45,91.15,4353.0,23.91
29.45,91.2,4706.0,15.5
29.45,91.25,4959.0,25.51
29.45,91.3,4471.0,31.09
29.45,91.35,5366.0,5.27
29.45,91.4,5052.0,24.85
29.45,91.45,5234.0,20.13
29.45,91.5,4217.0,26.32
29.45,91.55,5170.0,11.82
29.45,91.6,5061.0,7.04
29.45,91.65,5331.0,17.34
29.45,91.7,5271.0,6.77
29.45,91.75,5260.0,31.33
29.45,91.8,5121.0,24.85
29.45,91.85,4730.0,32.13
29.45,91.9,4137.0,21.44
29.45,91.95,5039.0,22.28
29.45,92.0,5174.0,23.19
29.45,92.05,5244.0,20.31
29.45,92.1,5236.0,10.2
29.45,92.15,5195.0,16.13
29.45,92.2,4782.0,28.02
29.45,92.25,4935.0,11.81
29.45,92.3,4550.0,10.05
29.45,92.35,4249.0,26.49
29.45,92.4,4521.0,5.58
29.45,92.45,5242.0,21.36
29.45,92.5,5297.0,26.23
29.45,92.55,5383.0,20.09
29.45,92.6,5548.0,34.5
29.45,92.65,5179.0,10.78
29.45,92.7,4988.0,33.48
29.45,92.75,5016.0,21.98
29.45,92.8,5247.0,22.12
29.45,92.85,4695.0,7.13
29.45,92.9,4196.0,21.76
29.45,92.95,4843.0,35.8
29.45,93.0,4985.0,34.11
29.45,93.05,5185.0,33.92
29.45,93.1,4881.0,4.29
29.45,93.15,5150.0,21.12
29.45,93.2,4916.0,26.11
29.45,93.25,4950.0,17.36
29.45,93.3,4893.0,19.63
29.45,93.35,4888.0,13.59
29.45,93.4,5213.0,11.57
29.45,93.45,4728.0,36.95
29.45,93.5,4167.0,42.35
29.45,93.55,5154.0,13.3
29.45,93.6,5404.0,13.77
29.45,93.65,4992.0,1.88
29.45,93.7,4231.0,1.01
29.45,93.75,4764.0,15.56
29.45,93.8,4580.0,5.12
29.45,93.85,4380.0,16.98
29.45,93.9,4143.0,9.06
29.45,93.95,4570.0,37.02
29.45,94.0,4607.0,32.15
29.45,94.05,4417.0,35.76
29.45,94.1,4880.0,12.99
29.45,94.15,4645.0,13.89
29.45,94.2,4841.0,15.46
29.45,94.25,4748.0,10.18
29.45,94.3,4118.0,25.81
29.45,94.35,4055.0,36.95
29.45,94.4,3316.0,20.24
29.45,94.45,2928.0,0.2
29.45,94.5,2921.0,0.85
29.45,94.55,2925.0,0.86
29.45,94.6,3783.0,33.12
29.45,94.65,2977.0,5.06
29.45,94.7,2943.0,1.73
29.45,94.75,3168.0,21.32
29.45,94.8,3036.0,18.18
29.45,94.85,3792.0,34.98
29.45,94.9,4941.0,31.87
29.45,94.95,4924.0,40.78
29.45,95.0,3743.0,24.42
29.45,95.05,4084.0,31.31
29.45,95.1,3913.0,40.73
29.45,95.15,3966.0,26.01
29.45,95.2,2810.0,25.43
29.45,95.25,3173.0,39.27
29.45,95.3,2931.0,28.53
29.45,95.35,2492.0,34.86
29.45,95.4,1315.0,19.04
29.45,95.45,1725.0,27.82
29.45,95.5,3794.0,32.39
29.45,95.55,1922.0,13.08
29.45,95.6,1930.0,38.52
29.45,95.65,2459.0,32.55
29.45,95.7,1987.0,9.06
29.45,95.75,2935.0,40.66
29.45,95.8,3348.0,34.99
29.45,95.85,3302.0,34.97
29.45,95.9,2915.0,45.91
29.45,95.95,2806.0,16.52
29.45,96.0,4834.0,16.52
29.45,96.05,4934.0,31.6
29.45,96.1,4675.0,29.83
29.45,96.15,4897.0,6.11
29.45,96.2,4187.0,16.52
29.45,96.25,4433.0,2.41
29.45,96.3,4726.0,16.9
29.45,96.35,4867.0,23.38
29.45,96.4,4779.0,24.43
29.45,96.45,4071.0,9.07
